4.466505174605117645e-07 4.053970798850059509e-03 1.095031357256637250e-10 2.921844452892894295e-17 2.735935566988700884e-08 9.954729748851143256e-12 1.017437116523899358e-18 3.898003100855085279e-11 8.475130351270078736e-20 9.843989610671997070e-01 5.177488476501604546e-18 1.033094702723461350e-22 7.438160753991951424e-09 8.034732853250128805e-17 2.929555605263658991e-14 1.841253928838715304e-12 1.013831855377667760e-22 2.523098544600799881e-15 5.851960050166828825e-16 1.689130779691794260e-11 3.041945774384657852e-06 4.156042188637365043e-25 2.921861023323891779e-21 8.477451299350578238e-29 1.801886276905223516e-13 1.264304459736020902e-11 5.430408409667948833e-20 3.313930908744336596e-16 5.155110618438631109e-14 7.533844763860965410e-15 1.561398850925127535e-14 1.233846141576733224e-12 9.501529341093828407e-09 5.093168327958499953e-21 4.391357499855530477e-09 6.812079942692577175e-15 1.381656038574874401e-03 1.357065683751359966e-15 7.347239536133335099e-21 4.050964885803434723e-14 3.608212686967426919e-12 2.322202294756934726e-19 3.668911056593060493e-03 8.830612456545150479e-12 4.517404055230515077e-17 2.804193354677408934e-05 1.749918404625461221e-10 1.420507309881601813e-21 3.106212119116658066e-15 6.309598684310913086e-03 1.056917345330630054e-20 9.912068388295836030e-11 3.632243811280133627e-11 1.111908773054892663e-06 1.822174766630269005e-08 2.014091116109284485e-09 6.514054470695585398e-16 6.545433037837192469e-18 2.231354139545053961e-15 1.814257090397127718e-16 2.601298083187986165e-12 7.209034942558056826e-21 1.855756000257446914e-11 3.079337097538710381e-22 5.429232624125992989e-18 3.766330914291692482e-19 4.030363243145984598e-07 1.770765893690153391e-21 2.216552272673102952e-13 3.464265016140549193e-15 4.406934777311041318e-26 6.413135997718200088e-05 1.082101856036965515e-11 5.009197378880863449e-21 8.658460846122649777e-19 5.636269988056052949e-13 7.921130779597852171e-16 7.988586127894208206e-24 2.551598862754467234e-11 3.404460043141422504e-15 6.622368885905727254e-12 1.732599117345093309e-13 4.744943045247029811e-15 4.223906779898811692e-10 5.180357032230631376e-09 3.773385243318033017e-15 7.877805531389739380e-14 4.138664779808343130e-13 1.822335964916586127e-18 4.941459432394532114e-14 2.069738911508745005e-12 1.497299284558550880e-09 9.968079211830627173e-06 4.053713094365196667e-12 4.648317050413668705e-18 2.163995369073960784e-14 2.159305093535129547e-16 1.254495503788186084e-13 1.377375991040707959e-09 7.091724414267985186e-20 1.957584197146517921e-15 2.231859141943459690e-09 1.011083252712430269e-12 2.914563590472596388e-10 3.151727447358667389e-20 2.461627302853155494e-21 9.624310947142256133e-18 1.015436085910481623e-11 1.385984937929407579e-10 1.121801667229102307e-17 9.227406528182161970e-18 5.885831631095098420e-24 7.963333337102085352e-05 3.575500559147536117e-15 1.657628569996794088e-12 1.603433782742696818e-18 3.196239930711164412e-13 3.477655672632740226e-20 1.379684398412212021e-13 2.132554896561167368e-11
5.689902991434792057e-06 1.164571661502122879e-02 1.830555984572157513e-10 4.063217461569185003e-18 4.643498030532100529e-08 7.487855957022740427e-14 2.805557789377995186e-18 6.330888938088641282e-12 4.939950729382811006e-20 5.703042745590209961e-01 5.463254976310605293e-19 7.573195325487617932e-23 3.484301042133708393e-11 1.493555990536766685e-16 1.211995303787181608e-14 3.800610867688014594e-12 1.860990578614696537e-21 1.828831607471811915e-18 1.384336121246448979e-16 2.554623179662485200e-09 2.853355454135453328e-07 3.878007916073186550e-25 3.790715681761872892e-19 1.690183630742255049e-29 3.367069535513411704e-13 1.014090478257401173e-10 5.330693725529242018e-20 9.505582669797865876e-16 1.275583930610045894e-14 1.734897435368349446e-15 6.246580418314872166e-15 3.781043674769973828e-13 2.087375072790109698e-08 2.107058756663001020e-20 4.917266593906788330e-09 4.927821164328377492e-16 3.061573207378387451e-02 1.147506662106212265e-15 1.026322810217391890e-20 2.216958984013056577e-14 2.285198506118968353e-12 4.380251884841057728e-17 3.466573059558868408e-01 4.674445509486591099e-13 9.062582532559735476e-15 5.231872819422278553e-07 3.385755564799808326e-11 7.220524644844615687e-23 2.843510144481657155e-15 4.057047516107559204e-02 4.721165981006510085e-20 1.006057237518120928e-09 2.505209754921633447e-11 8.354795136256143451e-05 7.322258910313905744e-10 9.029094832913031610e-11 8.083270885152454410e-16 2.636321599133321042e-18 1.801784662597706154e-17 1.524194283969697999e-15 6.715117963638009280e-14 2.840377876484058192e-22 5.824821961569748296e-14 3.588166113896901082e-21 4.767395241700781144e-17 1.165686700652337499e-18 2.337895784876309335e-05 2.292465434463401813e-21 1.137883624130475724e-12 6.177507507268420461e-14 1.485084025449173583e-25 9.040720033226534724e-05 1.916534422483073818e-13 4.391739040235279364e-20 2.113829520782431652e-20 1.953136427140485590e-15 3.391128498940358465e-17 1.028660716734744874e-24 3.547295039630325719e-14 1.191898308913050459e-16 1.077081606955070103e-13 1.771408991713130376e-10 8.167023067757236271e-15 1.024774848312759445e-10 1.740364519164927515e-09 1.697570035930073828e-13 2.277377166514348017e-14 3.008772430420497690e-13 1.129713908282113440e-19 1.333392164043489814e-12 1.459662252178972608e-12 6.765092042115838922e-09 1.625072968636231963e-06 7.426192473458659293e-12 4.460648380989169168e-18 1.201239086499883424e-13 9.230515115275783611e-14 2.750531549619789420e-15 2.797795550790738162e-09 4.523322473059725463e-21 5.831122192631425782e-15 1.103381421785343264e-07 2.291218430261476868e-11 4.399510533659167777e-09 7.990301053441996062e-20 1.295063355552727593e-22 8.545354092357072958e-17 3.281929415732687261e-12 5.880256837009767423e-10 4.024223753903129002e-17 8.343126154932481640e-19 1.392382033095095354e-22 8.520877941009530332e-07 1.348301751483474940e-16 8.959342989722784978e-11 1.605262927231235328e-17 4.598450526610564637e-12 1.877920316190757430e-21 2.588234748052142820e-12 1.281748839010443675e-11
3.176267853177705547e-07 6.481676362454891205e-03 1.273613853269850438e-10 8.169480575035017013e-18 6.556252856171340682e-07 3.365959594381351394e-11 4.581402895146650946e-19 5.759562206504587056e-13 2.424751494210313487e-19 5.446743965148925781e-02 1.472471859826310680e-18 1.777907758174239161e-20 4.740052794716120843e-10 1.847655467158466772e-17 4.803875938534651890e-13 2.105217111747492709e-09 8.467139697695524125e-22 5.677261622377997516e-16 2.975103489101190747e-15 5.678724417784719591e-12 1.538971409900113940e-04 2.849202137678732848e-23 9.977196639612611221e-20 3.061642743686622409e-27 7.579002009316937460e-11 1.505300658427577432e-12 1.188909796349763751e-19 1.247390184850802330e-13 3.959289493482565092e-15 6.786124938894244618e-13 2.514629909194151386e-14 1.675620905049191034e-12 2.086964627778797876e-07 1.309728623799871526e-18 2.319533010108898452e-08 5.978137466121618421e-15 1.998340897262096405e-02 1.102551548865828013e-13 5.230185061093583669e-21 8.664413858692349146e-14 3.675618837073457712e-12 3.255940439136906228e-15 9.111081957817077637e-01 1.954732084747182186e-13 1.283515774768239736e-16 1.797593199626135174e-06 1.177786312922535217e-09 8.466882213496059987e-22 2.863763642457078928e-13 6.871917750686407089e-03 2.415352202135782220e-20 9.602127981622743391e-10 1.005047087221377922e-10 9.532604053674731404e-06 4.186725988120088005e-08 6.739033331371047097e-09 2.780845164736126321e-15 2.054175665461111064e-17 4.620072918767208821e-16 2.855436209560320094e-16 1.065607563126291790e-12 5.601401893425203600e-19 4.092184577308977111e-11 1.396565318299271687e-21 1.846677144104388055e-16 5.791457495904801467e-19 9.452234735363163054e-06 9.362841197616381326e-21 1.736275836647371840e-12 7.046608305541490758e-13 1.461515080272465684e-25 8.766458486206829548e-04 1.422493199620955551e-12 1.042597588769372709e-20 2.316979545839521667e-21 2.000800919258263755e-13 2.529726597265399482e-17 5.290236914487803181e-23 1.099378563445413404e-13 4.075215913421775804e-13 2.738148900324754997e-12 2.815321586968622114e-11 2.414206741758865606e-15 2.042154639836368801e-10 2.464047632599886128e-09 1.176371825471755894e-13 3.988221428455340778e-14 1.639498432848274234e-12 1.137815883888128923e-19 3.756170179579354507e-13 7.402523147410910997e-13 3.152059591116085357e-08 2.288847281306516379e-05 2.477373306497554495e-10 3.405236229723572863e-17 1.885845863150437118e-12 2.795611235995726362e-13 5.968015252995340081e-13 3.759216937737619446e-09 3.279643432765691857e-19 2.276907503685754453e-13 1.467289933998472407e-08 1.700938001558682799e-11 2.240406526965443845e-09 1.982431072684816260e-20 5.565394753672512983e-23 1.851918557512218064e-16 1.941088539902935395e-10 3.812249960155611461e-10 8.294211470474133078e-17 4.740000012429759931e-17 6.367234392936673485e-24 1.171347776107722893e-05 1.886846569897179977e-15 1.607187473384730225e-11 3.033708264390533621e-18 2.557293352772882500e-12 5.647208053821093199e-19 1.068230044893626884e-13 9.173527389105817775e-12
2.499704123692936264e-06 4.397935699671506882e-03 1.726681686520237236e-09 8.816808961361864987e-17 7.940067007439211011e-06 3.869893017149905745e-10 2.801708909715979823e-16 9.161434111337740660e-11 4.738109573857831241e-18 2.793821990489959717e-01 5.339467811232350978e-18 6.795696667874430239e-21 1.194291221473520181e-09 3.520100580990605417e-16 3.399756680943556188e-15 2.493521611413029859e-09 8.734010741135327002e-20 6.598196738442357466e-17 1.089575071876527912e-14 2.712944591198862554e-10 1.088957360479980707e-04 5.429357773159939281e-22 2.063777164421320333e-18 8.149562930024866576e-29 5.374461639617855724e-11 1.179570503773152979e-11 6.935264752367228538e-19 3.252783716749078902e-14 4.461220889234729370e-12 1.158328397391980569e-13 7.597431527211345736e-14 2.617435435059434212e-11 3.005749604767515848e-08 2.187454728068411372e-18 1.684382908706538728e-07 3.666450213639198263e-14 5.259477719664573669e-02 4.312307076096560943e-13 2.583435237983072088e-19 1.825245819287238391e-13 3.804590757022774383e-12 4.465382997379300188e-16 6.542159318923950195e-01 3.978668523113570998e-12 2.277982879774929567e-15 1.483793748775497079e-04 2.132061638349114219e-09 2.458527637378069090e-20 5.260965045835006189e-16 1.263757934793829918e-03 3.444632567552789050e-18 7.145861236068640210e-09 4.048481550000815332e-09 2.744983248703647405e-05 6.821507270160509506e-08 4.866257441449306498e-08 5.293724510938187244e-14 5.586798123108156465e-18 9.315667506869847875e-15 9.572568152849104083e-16 4.299680056440990938e-11 1.295785295809636896e-20 4.101557149471801722e-10 1.070811733955404809e-19 1.384604657160508193e-16 1.278479187823690108e-18 2.241779657197184861e-05 5.269131713168777913e-19 5.704440283853251525e-13 1.828076925947108577e-11 2.236735224587525347e-24 2.853541809599846601e-05 2.948427058058200600e-09 2.025526213246548666e-20 1.760809159430943810e-19 1.192155228701974323e-11 5.148236144037340531e-17 1.181468647378350247e-22 3.117348046366430481e-11 1.031914151025138671e-13 1.517749793032707739e-12 1.319764991736249726e-10 4.265009433948238615e-14 3.861929387394269497e-10 2.862455517060880084e-08 1.529945332749693687e-12 9.568270519432972576e-14 1.596753458621424926e-11 4.753295679326115707e-19 7.274413276608937551e-13 4.572384571660537134e-12 1.581062605282568256e-07 7.795107550919055939e-03 4.743953008201629018e-10 6.044157864317301209e-18 5.226480706554958999e-12 1.606361934745545450e-13 1.389174747457033732e-10 1.549179451387772133e-08 1.032543502460649026e-18 4.024667697635070374e-13 1.251684267344899126e-07 9.119534988277777643e-12 1.188803278040495570e-08 3.630171298598752824e-20 1.351469636579318381e-21 1.257680475783595525e-16 6.763407611742877634e-10 1.627869283815641666e-09 9.806370918423339865e-18 3.114558411201987518e-16 4.500509839992858705e-23 3.445593392825685441e-06 1.697069812152743329e-14 6.778243244465187445e-11 7.412894202935224890e-17 1.201978239162571072e-10 1.786538870878347159e-20 1.137000649881203529e-11 1.570570007380922561e-09
3.589613925214507617e-06 2.407451532781124115e-02 3.262273506887680696e-10 5.958888960032619666e-16 2.461844269419088960e-05 5.082591986171891563e-11 1.344331119107097897e-17 1.669909627244337003e-10 2.510581874219135305e-18 2.260548919439315796e-01 9.894498244576371902e-17 2.072366123225930805e-21 2.278561694879499555e-08 2.210720258131261594e-16 5.280897213391557571e-15 3.652200208925648894e-10 1.747459595255331668e-20 1.211949055788261523e-14 1.159104364274960233e-14 9.430186409531415848e-09 2.530785423004999757e-06 1.244235242515586657e-21 2.583053442431590581e-18 2.388751247843701358e-26 1.660130539982151987e-11 6.315539063939112907e-11 1.081235158346337979e-17 1.762143944182678525e-15 7.408376754940160236e-13 8.981918941247668542e-13 1.642024461279839587e-13 1.328673369244137703e-11 4.128542059333994985e-07 3.919529158133517395e-19 5.959956084211626148e-09 8.006404783947318471e-14 1.020313352346420288e-01 1.077682214301045605e-12 2.742176367410826555e-19 1.321439377192923370e-12 1.021419060442951832e-09 7.817080722961541883e-16 3.569553494453430176e-01 1.774565737411304411e-12 4.961769588403795728e-14 1.113498437916859984e-04 8.053344102698645202e-11 1.386188882775451643e-19 2.337323212850839910e-14 2.898104786872863770e-01 1.265060302035336902e-19 7.447887861999902270e-10 2.952807331979556693e-09 1.508432324044406414e-04 6.973854027592096827e-08 3.998818840500462102e-07 6.959718208915475351e-15 3.962771513579829512e-17 1.740579184147765524e-14 6.134623838511535018e-15 2.443956712352979288e-12 6.430241003106400095e-20 7.831098963739790975e-11 3.112404379637147500e-20 5.726739993200673402e-16 5.561607082015405305e-17 2.098797040162025951e-06 1.159653581306499565e-20 1.335289517845339446e-10 1.286433524809449391e-12 4.256397621733121823e-25 6.923928158357739449e-04 1.734311999568305396e-11 3.527946638288830416e-20 6.123832107713561973e-19 3.563225832014377259e-13 5.488957727873894007e-16 1.614908890218984877e-21 3.157898855604690525e-12 2.138452311279195883e-13 5.075372414009571287e-12 2.201582319227846085e-11 1.301931398654159258e-14 9.876909068395889335e-09 1.266937061927819741e-07 3.111287811587148955e-13 4.035916295174607482e-13 1.629142133696692696e-11 1.075303859764026494e-17 1.222218506957695183e-11 3.755236573088627239e-12 1.732316974312197999e-07 7.997833017725497484e-05 3.728690134430223679e-10 1.640493376700481330e-17 4.785381726296611404e-12 3.222735731165000950e-14 8.058207421647589630e-13 3.979709450874224785e-09 1.094017394236482091e-18 7.312861491218843740e-15 2.109275555994827300e-06 3.726223218869506582e-10 1.002982585873724020e-08 2.035613551569662127e-19 5.053721344703810500e-21 2.291081450210829271e-16 7.742990276726757770e-12 2.216022032541786757e-09 1.998116394577473549e-18 2.702129334156600123e-16 2.228433765180567812e-23 2.641224909893935546e-06 1.247407125509747416e-14 1.250039849409745329e-09 4.553251442470382729e-15 7.603314679249795205e-12 2.848671089139112546e-20 6.271699826143617429e-11 5.680663162088706031e-10
2.104740451613906771e-05 7.845215499401092529e-02 1.226141965737781447e-09 2.527396178016931387e-15 2.572946122825214843e-08 1.416211072025053141e-11 1.743649581966866816e-17 1.684062611584380420e-10 2.728585531452638887e-18 3.570382893085479736e-01 1.086670065843056392e-17 2.119775850787436874e-20 5.868323071922532108e-08 6.216065103477970335e-16 1.004961139127033207e-14 4.355056870686269122e-10 9.615641002185797892e-21 4.302508355440750861e-16 1.863890494718930743e-15 3.860464448113276603e-10 4.504304888541810215e-05 2.356825295126356721e-23 5.927039842927755680e-18 4.241379189211911047e-25 9.389580224450355672e-10 3.755752653322730339e-11 4.359915980353686564e-19 6.320914250996720329e-14 8.067323393513847751e-13 2.705405784651521844e-14 7.521189752815807261e-14 4.014983068234556640e-10 8.459165456997652655e-08 1.668351744396470983e-18 2.445603399792162236e-07 2.198548214684716007e-14 1.155127212405204773e-02 1.208690873083506645e-11 5.137571635271939366e-18 9.993715924250246019e-12 2.748431907409476516e-12 6.304141643388369576e-14 4.010521993041038513e-02 4.581209001562613903e-13 1.230303497425609682e-15 6.529136444441974163e-04 2.662355336191524202e-10 2.392064159835573484e-19 4.708595167414453275e-15 5.004094243049621582e-01 3.103422361407558023e-20 1.051176479194282365e-08 1.864764120895756605e-09 6.438896991312503815e-03 5.779519796078602667e-08 8.732592249316439847e-08 6.971955293904458228e-14 2.596318825418540178e-15 2.278074571091469845e-15 2.659000576416426648e-14 2.765110406269255527e-12 5.588451657152649968e-18 5.846737538561797010e-10 8.135577879695889332e-20 9.319635512120599450e-18 8.913885554562108230e-17 2.150087857444304973e-05 2.256516657795923067e-19 3.682953681610756647e-12 8.444856142500456464e-14 6.040747441464804124e-22 4.500951617956161499e-03 1.038314226264880347e-11 1.399376338938048998e-21 3.766893397108228541e-19 8.307737093746214718e-13 3.004116167489663449e-16 7.322529408599485927e-23 4.599617561829028034e-11 1.866732679892124658e-12 4.371847068390666280e-12 4.444981709095241484e-12 1.048496616677489779e-13 1.470994326346897196e-09 3.058835602587350877e-07 2.039754405961866079e-13 2.741557415114614926e-12 4.747218243505990642e-11 1.370926927946923362e-16 1.186261917689168666e-12 9.797597629035426081e-12 1.138833951586093463e-07 6.388076144503429532e-05 7.675034496834598485e-10 1.112054203978001931e-16 2.948434465327443021e-12 1.827832725670788805e-15 1.979790165357667164e-13 2.766043172286458685e-09 8.666060438753510007e-20 7.547342742095231038e-14 2.614720706617390533e-08 8.606597205751409518e-12 3.171036100368951338e-09 5.777536046195534011e-19 4.579966977457918513e-21 2.339973780113123588e-16 3.454233288291419512e-10 8.748278768067052624e-10 6.686565435898132476e-17 9.888442620747993697e-16 6.926437046942732815e-22 6.984355859458446503e-04 7.443425351994284456e-14 2.032755963554677692e-09 9.355643304570492159e-19 1.061467753971090389e-12 5.047741475109905667e-19 1.191297819939929337e-12 9.859959515523541995e-10
2.541289723012596369e-04 2.389365434646606445e-01 9.556697655455081986e-10 2.913529699549960265e-16 2.831676283676642925e-06 1.957489378923149559e-11 1.096947619517905250e-17 6.685250963922584333e-11 8.821008169590884574e-20 6.639715433120727539e-01 4.414015246775879680e-18 1.397432787615976162e-21 1.969818619329544163e-08 3.647546746421263548e-16 7.284415583751202572e-13 5.404265923658613247e-11 3.890641587762464830e-21 2.580200794283915708e-16 1.661835952052395649e-14 1.949376660093093960e-09 9.053749818122014403e-05 2.339294439229630176e-22 7.227733586487016761e-19 1.837782441948565333e-27 3.920759272801888073e-10 3.846368015758550030e-11 5.623080746316569918e-20 1.922789407162291348e-16 5.662689935015396969e-12 4.372023034403260677e-13 2.190167264128767277e-13 1.118130067701006425e-11 4.735221921237098286e-07 1.785881288140761644e-18 3.949751103959897591e-08 3.012233813618793443e-14 1.031047292053699493e-02 4.248249159139599884e-13 4.538951339875576008e-20 2.830312373358623290e-12 3.236380607951616639e-10 1.406791811711107735e-15 7.807482779026031494e-02 2.157151887671737711e-11 8.272059176623268971e-16 4.002372588729485869e-05 6.564633836525501920e-10 8.009311182570370497e-21 5.969066251476293217e-14 5.106566473841667175e-03 3.260494304982665836e-18 2.738364868193343682e-09 8.918930698154081682e-12 5.030184984207153320e-04 9.846866655394137524e-10 1.769233932691349764e-07 5.126316241616489522e-15 6.086881991109848854e-16 1.987689653916067077e-15 1.219470793063174435e-15 7.648080844850635440e-13 2.340718267479839690e-18 5.068352681991683539e-11 4.639683456167723047e-19 1.066786433936127172e-15 2.508878502542735483e-18 1.618423731997609138e-03 5.957036824058955244e-20 1.030443438909678378e-10 2.111606028920576250e-12 5.537642824242064093e-25 7.101332885213196278e-04 9.412910034756194477e-11 2.937842451642036043e-20 6.760879569604564935e-19 6.877020654327825611e-12 1.464909283321067044e-15 8.513637431368657597e-23 5.263873711913724662e-11 4.439091645267942421e-14 1.417849952028982230e-11 5.813810544097464117e-11 2.317806769064800938e-15 2.045178693066418418e-09 7.198909202088543680e-08 3.076466219362888888e-13 5.753764791141058668e-15 2.530242508569369164e-12 8.624693007072762382e-20 5.096647062718950849e-12 6.215216275667900803e-12 1.278603711796222342e-08 2.594706311356276274e-04 2.088738557115554784e-11 1.608333380306001540e-18 2.634355190586634698e-12 8.645703239700680554e-14 1.397497894316257483e-12 5.616914156014729542e-10 6.447288032308381593e-20 7.565320846994114112e-14 3.130606884838016413e-08 1.842598643109205625e-11 3.870830056484919623e-08 2.560078500917930237e-19 3.983923569389508046e-21 9.650108301697841312e-15 3.511227419927820392e-11 1.547013184222123527e-08 4.557538114089036682e-18 2.845082819966912374e-16 2.834822741655318983e-24 1.206710221595130861e-04 3.903512797422343042e-15 5.938474156863549069e-10 1.062261620327841651e-17 6.042708694531384594e-11 3.269619183120156903e-21 3.008793561520839432e-11 1.259710738499286720e-11
2.047256384685169905e-05 8.480956777930259705e-03 1.498409452072024806e-10 2.951344691386740453e-17 9.678303285909350961e-06 1.237485287852724269e-11 3.058383186140082319e-17 5.808160896680902852e-11 2.496976769395381098e-19 1.282002590596675873e-02 3.589644101474600079e-19 3.504652527439449996e-22 1.731508936231307416e-09 1.510335580872976366e-16 2.557963267742734137e-14 7.100688093064633222e-11 1.675272221744425178e-19 3.056308484814901317e-16 1.549063383059321071e-15 7.230362419896607662e-10 6.273409667301166337e-07 3.616521144844331351e-23 1.685953734241293136e-18 6.499356338713398860e-28 4.350714667006316816e-12 2.393115870399920020e-12 2.148673812614934637e-18 1.676605474971255751e-15 9.100597201825919025e-14 5.114516666085422436e-13 7.306248027373271614e-14 3.349236860072934974e-11 2.529854157273803139e-07 1.295394162164521490e-20 3.250346436445283871e-09 1.037776720162969860e-15 1.643588952720165253e-02 2.863597488474145525e-14 2.808903411838345405e-20 1.570544096250042765e-14 1.422598475651903893e-12 1.648012713166384369e-16 8.355359435081481934e-01 8.900097049320890297e-14 1.024666090095483623e-14 2.211148284914088435e-06 8.847502591668998662e-12 2.301302393163206906e-22 3.211268133256951242e-15 1.265058368444442749e-01 1.639577129415471655e-18 2.701850687625295677e-10 1.459578430340613409e-10 4.370750684756785631e-05 7.124820911030838033e-08 1.047592856906476300e-08 1.997172187760578969e-15 4.042945167270919167e-17 3.258105614168765830e-16 6.349273210532325844e-16 3.626282607527286928e-11 3.072072280815283629e-19 5.563439032379990934e-12 3.388324851679701526e-21 2.631265995306488820e-17 9.020819204172809000e-19 1.455720962439954747e-06 4.425806926127673299e-20 9.167773484808350304e-11 1.227170220909762355e-13 6.163695164577103140e-25 5.141837027622386813e-05 1.773974630386865314e-12 1.237862732741564063e-19 2.276326340996860966e-19 1.407691572459328615e-15 3.764159625154335194e-16 4.020171803715060440e-23 8.500809106117002134e-15 1.839925239076334318e-13 3.289019230579004471e-12 1.592157933272275727e-10 1.199098380132287631e-15 3.941316606415057322e-08 7.298939674882376494e-09 1.946908956208977248e-14 9.516129288782365983e-16 2.759532782403012474e-13 1.269376809645095337e-17 1.505678313149308445e-13 6.748474608991861245e-12 6.492557957926692325e-08 7.822525731171481311e-06 1.071909228045342388e-10 7.949503471655115045e-17 9.175671290481690612e-13 1.572681329782554815e-14 2.573869021832864840e-14 2.376581598184657196e-08 2.226767785612049662e-21 1.578800634606698783e-14 2.776296170736713975e-08 1.375074793613650925e-11 1.494497681164830283e-08 2.305057425598124691e-19 1.758964812227085692e-23 5.045812536243546309e-15 1.363497162398807916e-11 2.918068453539035545e-09 1.278957678720827533e-16 1.520741115932199429e-17 6.612837952737730690e-23 8.349017298314720392e-05 4.061080830885903381e-15 1.850747471943137157e-10 2.533594923943615967e-16 1.256531770993385422e-11 4.548197668160270321e-21 5.649531190088374899e-12 6.122927165286284890e-11
6.611258413613541052e-06 7.225535064935684204e-02 1.061018495285281915e-09 3.704047285074473601e-16 1.253668870049295947e-06 1.534193258545535343e-11 1.890289472623276765e-18 8.958365299571724449e-12 6.309806090858093494e-19 9.145145416259765625e-01 1.448247007048052083e-17 9.073746420290499831e-21 3.058889586071700251e-09 2.561502409624379019e-17 1.720780127818875155e-14 1.363394987186072882e-11 7.162435452139037084e-23 2.456314896927747063e-18 2.234576252876409319e-15 3.410524751501498031e-09 5.354041604732628912e-06 1.656306997860437289e-22 1.603434816718462510e-19 2.352860272216281922e-27 8.076117899435963920e-13 4.240163775648397859e-12 9.287551864496658304e-19 5.488723353857388743e-14 1.838113333958203699e-14 1.355499308073649951e-15 2.987487237844990706e-14 1.812630015703142750e-12 4.185572421988581482e-08 9.911578598817281630e-20 1.601249266514059855e-08 2.087528453321042116e-14 9.400495328009128571e-03 1.643610242482371198e-13 1.523834063149748254e-19 7.596479462178631903e-14 1.583703133911651406e-11 9.590869358465717309e-16 1.763167092576622963e-03 4.105490361734631666e-13 7.195268542426239665e-16 1.921879629662726074e-05 1.808204974640403861e-10 5.641590851227004584e-20 4.576684693659467673e-14 1.581527059897780418e-03 8.771533850919234432e-19 4.675594911240921192e-10 1.678134992078028631e-10 2.804320829454809427e-04 3.964065076189626780e-09 2.100723683895466820e-08 8.198812531905045383e-16 1.709859915688565678e-17 1.055221617821556351e-14 2.559072880903637270e-15 7.967863429594532199e-14 4.624158374669353765e-20 8.821383207235911073e-11 4.427018131801952605e-21 7.547022796575229408e-16 8.142634118061878793e-19 4.556368003250099719e-05 2.577249381029595944e-20 3.632404923722964973e-12 4.886792942418276275e-14 6.569205168601438153e-25 8.800722571322694421e-05 6.390755702412320716e-10 5.646327752703577781e-20 2.498823967100788578e-19 1.085753123693244948e-13 2.692113698950910055e-16 2.529055561069268742e-23 6.798857917628131631e-12 1.167860187896441193e-12 4.420414555228457942e-12 4.827958345610117163e-12 1.830891361643324083e-14 3.817820504181668184e-10 1.018907624938947265e-08 6.761012919225678486e-14 1.733741595384349909e-13 2.380431789184012104e-12 1.941312992014783330e-17 9.994230920282176633e-13 3.744505538971765191e-10 1.014184999803546816e-05 4.176808033662382513e-06 4.031686876709850154e-12 3.584566918573537880e-18 1.274625370528692514e-11 1.232985119033322072e-14 1.015554285631325993e-13 2.263750076281212387e-09 6.477353074894357786e-19 1.386866102780779167e-15 1.480334610448608146e-08 4.368301206869595887e-11 9.368225084571690786e-10 5.916755066932183468e-21 1.362244290097835950e-21 8.354266768178953014e-17 4.288218946602029291e-10 2.454602965329399922e-09 9.892211586491030312e-18 3.991803567846970656e-17 5.315974605925906001e-23 2.409823355264961720e-05 2.104489991628277941e-15 1.438363143868581773e-11 1.705104102795237987e-18 3.063076702003453278e-12 8.130989612235634257e-20 7.804732554683724288e-12 1.504494168136361054e-10
3.261575329815968871e-05 5.701257847249507904e-03 1.504452257217181455e-10 7.750055005845309097e-17 1.335757769993506372e-05 2.209807640693450814e-12 2.088478680027562611e-17 5.654890618267405245e-12 2.801147624243380435e-19 7.840875983238220215e-01 1.181006395789549279e-18 2.368040278180394175e-22 3.440207008154061441e-10 5.411235572820615510e-17 5.538067766419456361e-14 6.727120943628150940e-11 6.821722968807873597e-20 1.189798328948349837e-16 5.624826047778220053e-15 3.973819051594773555e-09 9.195218240165559109e-07 3.547329523758672229e-23 7.765109403480559807e-19 1.501503806968379287e-27 1.520200805515958820e-11 1.403772150604387647e-11 1.970838588764283067e-19 1.385898232113269568e-13 3.005694922553897586e-13 2.264779347133788479e-13 2.391421174312898662e-14 3.883018906414292815e-12 4.248051865829438611e-08 1.920732200707065842e-18 1.185490816624223953e-07 2.940561612567102467e-14 5.062818527221679688e-04 5.364824117717534313e-14 4.005297787170907570e-21 3.951288352500165191e-13 7.560255373129098899e-12 3.913795777402010248e-15 1.442115753889083862e-01 3.799655902414489361e-13 2.761271821511855542e-16 1.865666672529187053e-05 7.567476645320425632e-10 1.176522088130185927e-20 1.580737544847185191e-15 6.469129770994186401e-02 1.328803227779585348e-19 1.825994999649083184e-08 9.526366362422322709e-10 2.443497942294925451e-04 3.165142592465031157e-09 2.428948775445860520e-08 6.346662866747124904e-15 2.156691335148359988e-16 3.644831899946195108e-15 3.375190184374339715e-15 1.425830617853354743e-13 3.239313983506727570e-19 1.034454986947874744e-11 9.485441238962174138e-22 7.944411347804238607e-17 1.887402488208374815e-17 1.083374627341981977e-06 8.195108549729424875e-21 2.077765390295915893e-11 6.523238980232770601e-13 4.615339194369997457e-25 1.846075861067220103e-07 5.240133413991765465e-12 1.770917556932347562e-21 2.269709768513489047e-20 5.278313762902431955e-15 9.944252562851395479e-16 1.604270924207236763e-23 7.962251734675018788e-13 1.258900888265537810e-13 7.295339679580514769e-12 1.788538345204315760e-10 2.342712544681040121e-14 1.993616383089147348e-09 1.441832182536018081e-07 2.082790320420691010e-13 5.560482884005941637e-15 1.846621466849995841e-11 2.380335255737454397e-18 3.774015063136293424e-13 5.786662381906948482e-12 1.432101180398603901e-05 1.233147031598491594e-05 2.988269007242472242e-11 1.461708345813393043e-16 4.963622286628666114e-13 1.745963942000050562e-14 2.422488208295159318e-13 4.286687449450710119e-09 2.299944835489436101e-20 9.706778566695439814e-13 8.621790925644745585e-08 1.667054732104600312e-12 5.175842865412505489e-09 5.767169146674771769e-20 9.163912136284655896e-22 1.129922554582744529e-14 5.308482126098468257e-11 3.782030333354668983e-08 7.103526006862432370e-17 9.821315259678090395e-16 6.634720954248561558e-23 4.636670637410134077e-04 1.499955695030187348e-15 2.024785200616108227e-11 1.336455449776919265e-17 1.165614046255702974e-11 3.553673570926363469e-20 1.483415057457193598e-10 1.128524773630346090e-10
2.244501665700227022e-04 3.677505552768707275e-01 1.372894131712598664e-09 7.564535268934161072e-18 4.816376275584843825e-08 2.831888543108895817e-11 1.594506435981718267e-16 8.696566383692427848e-11 2.797397032249700154e-18 6.589025724679231644e-03 3.109860165943390454e-18 8.463498770140905342e-21 4.654932439507319941e-09 1.304380975585971332e-15 5.519560181225244624e-15 7.147858693823394560e-11 2.008953722375469782e-21 3.843495377972133134e-16 4.718805196681538205e-16 2.667403631306797251e-09 2.350642171222716570e-05 7.668906556940634940e-24 5.180157374748006890e-18 8.727602684255507364e-27 1.544954442156409868e-11 1.761352064200139012e-09 1.625027978868247163e-20 4.289481994563604586e-15 9.305178020257640070e-14 1.722202567187858246e-12 1.216495301844741639e-13 6.050168639736355769e-14 1.814844097225432051e-07 4.256173055878817216e-19 3.812204241171457397e-08 6.012123816097249968e-15 2.011764794588088989e-02 9.027595159047038798e-14 1.262280587436246594e-19 8.348325503115816559e-12 3.815275179119836935e-11 1.188277745989350757e-15 4.769696295261383057e-01 1.736749958257399751e-12 3.637479230447554154e-15 8.894831989891827106e-05 1.358235524051565335e-09 2.837771732488697639e-22 1.502173290813570150e-14 1.181722506880760193e-01 3.756315372660809209e-20 3.024127170903057049e-09 8.279855967519011983e-11 3.446490736678242683e-04 2.233970235465676524e-07 5.592296759004966589e-08 7.457445780150416537e-15 1.347424410638576697e-16 9.498605447653095391e-15 4.989856692714979974e-15 5.080512833349759561e-12 2.266575432538509307e-19 8.812414686865110980e-11 4.665564257323888035e-20 1.092806306693934015e-16 1.214645970145702670e-19 1.715205712571332697e-06 4.925280228854785570e-20 3.122596625715345908e-11 4.134253635506950075e-14 2.088882574996024599e-24 9.705647826194763184e-03 5.552820789983536898e-12 4.953938644346766805e-21 5.324665323697835050e-20 8.803363853865375788e-14 8.794655741068714821e-17 4.828170032734627068e-22 5.009917177292710910e-13 6.202661336483263066e-15 2.744586242303670431e-12 6.368706451098660182e-09 1.153000898966929921e-13 5.791974455604531613e-09 7.849372818391486817e-10 2.284070929083319851e-14 9.611121069201620376e-15 1.034789007953174078e-11 9.303117542468528040e-18 9.603678095826406746e-12 5.860441038701980077e-12 2.445769808900877251e-08 2.295919102834886871e-06 1.458313192426174965e-10 8.610548497771562345e-17 1.266052106901893737e-11 4.252475379207948381e-14 1.875270297661997543e-14 1.051527309670063914e-08 5.731849826988464601e-20 4.475029220340868974e-15 6.930698237539445472e-09 4.424587432549920152e-12 1.493591805790117633e-09 9.045613555293173870e-20 2.166643912372627092e-21 6.374301551816032724e-15 2.020692814463931342e-11 2.708536044337961357e-07 1.217040595980497744e-17 1.224880474859932431e-15 6.808180423253988959e-24 8.803608579910360277e-06 1.248596613877576630e-14 9.875141676607412933e-11 6.471943417085837554e-18 4.522187138644717663e-11 9.248081196734585984e-21 9.343521512050756428e-10 5.304439665287929984e-10
1.211912604048848152e-06 7.275103777647018433e-02 3.909280010816473805e-09 1.449185029862687217e-17 3.000203651026822627e-05 2.478334811678584160e-12 3.229895239763104236e-18 4.991604785758996243e-12 1.301182917494009628e-18 1.284500211477279663e-01 2.525105821607071073e-19 4.716056363578147858e-21 1.980974551063496847e-10 3.508642078098826852e-17 7.648458486019839297e-15 1.522118431296348717e-08 5.568158417413428067e-22 4.765675235422262880e-16 8.502506798371316167e-17 3.398589396019779940e-11 2.861056418623775244e-05 4.058829459058872991e-22 7.758282707734553812e-20 1.073196174413728992e-29 3.546619378388959909e-12 1.027096289962781128e-11 2.148153154118120791e-19 2.403255241025577943e-14 2.322138520968047848e-13 4.976344857021697266e-13 3.051763486014436033e-14 4.915482083867050989e-12 1.951665353772114031e-06 5.102683328383560610e-19 4.188994395804002124e-08 1.565617053826630269e-16 2.493863999843597412e-01 1.566197970197680950e-14 6.179711260018816066e-20 1.335548018748314303e-14 6.097165550222882757e-10 7.971844759732335268e-16 3.965257704257965088e-01 1.041617855336574028e-12 4.946697822953531609e-16 2.622583679112722166e-06 2.481735039694399347e-09 3.184523936858624930e-22 3.085945161787704422e-15 1.525317728519439697e-01 6.735448030918592810e-20 2.391473019613954420e-09 1.760786377813516879e-10 8.838154826662503183e-06 1.700168539287005842e-08 1.527014514834945658e-09 1.264335693059511368e-15 2.831905766634493639e-17 7.454425154781389295e-16 1.746533021085663363e-15 2.405662301308009177e-11 7.502737535948513496e-20 6.840804311902815016e-11 2.280746005783823006e-20 6.454488996262294862e-17 6.018740878840231189e-19 7.050965359667316079e-05 8.234201719401791842e-21 1.134038071781695578e-10 4.070143202507259250e-13 3.945968221428218497e-26 2.083106228383257985e-04 3.520477659391119118e-11 2.208114959734206921e-19 3.982728277248497582e-20 3.869522296985269949e-14 1.984417274473248096e-16 5.697700611430008552e-23 2.498087240537794074e-12 1.406782896689337883e-14 7.843656280037691886e-13 2.852416913778910157e-11 7.286724934378596696e-14 1.985961617378961819e-09 2.072184379642294516e-08 2.347525724700517957e-14 5.773560882854633647e-14 1.434486210372121207e-13 2.789094310248775707e-19 1.275176507762416575e-14 1.342137121926323395e-13 2.258069642380178266e-08 5.923510002503462601e-07 3.213483090735991254e-10 1.686350946371441100e-17 2.350754139957000888e-12 6.938376197369866549e-14 3.014577248851985081e-13 3.602221854137610535e-09 7.308420919338501846e-19 5.535583927004927851e-15 1.534775639910890277e-09 1.338998443373151659e-11 3.393139103025077929e-09 1.250937505740540242e-21 6.588231046075607878e-22 2.794967056851427626e-16 2.156077122394961521e-10 8.943170093367314166e-10 8.769686136225944106e-19 2.063261748181638541e-17 5.141576076898903506e-23 2.271101266160258092e-06 8.591654236742973100e-15 3.289291755637080428e-11 6.645668716514836980e-18 2.190543059443772478e-11 1.015377837464251525e-19 3.666314821182403705e-11 8.152759717328095235e-11
3.619109629653394222e-04 6.270791888236999512e-01 1.095695478792180211e-10 6.731942049673729413e-16 1.878695911727845669e-06 2.295532253865362193e-12 2.028910467626444525e-18 2.349629692199872721e-11 3.667803105085028550e-19 2.750852704048156738e-01 3.548766128071936566e-18 1.140943789826315770e-21 1.539459670851783812e-10 3.461553001931898135e-17 3.699060219778836298e-15 1.096257286337110060e-11 3.766685664914552626e-21 2.354548437808511919e-17 7.358932799066131292e-14 3.081213506561653048e-09 2.579442934802500531e-06 2.543538782231862365e-21 1.051116767780730944e-17 3.615472788144337887e-27 6.912201713782373247e-12 1.648954237043476212e-11 2.011685878936099692e-18 2.859698849927818157e-15 9.913109151908280903e-14 1.855805988753862074e-14 6.086593360397907215e-13 3.720860425326932841e-12 2.973383139703855704e-08 1.731992254841127708e-19 1.319732101379145206e-09 2.242164609292623782e-15 3.563355887308716774e-03 8.493060421610465482e-12 2.612983098815746572e-20 1.152105483497728455e-13 2.159560291009610111e-12 4.625042421364080399e-17 7.555061578750610352e-02 5.750351909049322696e-13 1.170153570258713679e-15 4.397870725370012224e-05 1.995700271706368767e-10 2.148462094767799409e-21 4.881109414869670964e-16 1.656925491988658905e-02 8.865031141843611519e-21 1.210842448529092508e-08 1.839594865327143225e-10 1.252016681974055246e-05 5.551926030022968916e-09 1.013826911311355161e-09 3.494711297792249798e-16 1.811621891488880785e-16 5.653552111393165581e-16 1.546718346933859123e-13 8.200364215796285272e-13 1.148306181954177884e-20 2.504159423225016390e-12 6.959941294873789957e-21 9.052797799858955911e-18 2.734210359617999476e-18 1.957854010470327921e-06 2.579134448097421867e-20 1.151891342726640843e-11 1.675769711797364669e-13 1.118021479850074324e-23 1.281463628401979804e-04 2.433525386411061753e-12 1.011214000899941383e-20 4.009389019249420577e-20 1.903718068602122671e-14 1.811912132622213391e-16 1.454619876855667466e-22 3.345488166009435993e-12 1.081957789285164714e-14 7.165883338100531574e-12 8.318053277417414293e-13 1.446078025661885758e-14 1.337396637879351147e-09 2.789891162535695912e-08 4.725869218527578575e-14 8.644863152423593738e-15 4.507794484909233290e-11 5.391177435582939653e-17 2.415747181287730694e-13 3.440207645664938862e-13 3.324087174405576661e-07 1.570346532389521599e-03 5.647512457684911169e-10 2.036465199150758708e-16 7.946150925837794365e-14 5.224995579971615511e-15 2.654667393027498878e-13 1.607077526610822815e-10 4.303955628639083027e-21 2.230082912497814707e-14 2.137047871997310722e-09 9.470792206034417404e-12 6.138360930663111503e-08 6.898300991160817416e-21 8.053920471588826252e-22 8.594336684207809062e-16 5.111090023435238550e-11 7.497023002400737823e-10 2.151172683886426706e-17 1.940689727966836875e-16 1.700750979498482170e-24 2.844232221832498908e-05 5.266055925606241347e-15 5.990060877869574085e-12 1.544221299364007162e-17 2.507595910430926445e-12 1.210726571914750483e-20 1.561159708451942407e-11 3.744656321136297095e-11
1.862751923908945173e-05 6.009365618228912354e-02 1.254972126218945050e-09 1.741994724433393229e-16 7.195306750418239972e-08 5.484217246998213113e-11 3.066531618277250312e-18 1.708045163639759778e-11 1.220363856129975474e-18 5.962284803390502930e-01 2.250940029444855944e-16 1.277100788268098521e-20 4.836137268426909941e-09 3.068209774179857068e-15 1.445152997920848281e-13 3.334237996376748780e-13 1.282000601512285617e-21 2.376740039282084545e-17 4.150026278369419765e-16 4.269803399736815663e-10 3.907596328645013273e-05 1.274695219415410739e-22 1.715278553576610939e-20 1.201424566036906850e-27 1.013261306456736399e-12 2.268094878576931706e-10 1.046499693755643709e-18 1.923005347624281991e-15 6.435090226528453194e-14 1.426788917048560368e-13 1.787562661775951231e-15 1.287483357773067105e-12 8.613621389486070257e-07 5.116679741335840684e-19 1.400776650228863218e-08 3.432182002136957262e-16 1.016970444470643997e-02 1.166162012198072515e-14 3.228785525272576065e-19 1.634174973076316095e-13 1.436514796004928485e-10 7.360248325936511946e-16 2.015397697687149048e-02 1.265119519561208605e-12 2.340519110512477748e-15 5.961283022770658135e-05 3.007396762177982907e-11 2.980263286523760012e-21 2.887619226391247235e-16 3.122237026691436768e-01 2.289612929585993973e-19 5.110363798799255619e-10 1.353853279484340533e-10 4.813189734704792500e-04 1.314825937015484669e-07 1.214624933965069431e-08 2.666620918914311801e-16 2.454002414263681568e-16 6.991761994705697567e-16 4.937009354223718515e-16 1.328360164920550091e-12 2.624902900689606412e-20 5.600199748378997811e-10 2.567394137954137499e-21 2.902482801730988087e-17 3.392140719855939605e-18 7.604304300912190229e-06 3.777468901239718999e-19 2.409878373244023209e-11 1.452265364172353190e-13 5.962438998284855556e-25 5.198862054385244846e-04 9.296403924441420941e-12 2.005317803140966066e-20 2.384318873556978816e-20 7.149224381984911614e-14 7.958253491572277541e-19 1.490024459152965817e-23 2.608213124644098713e-13 3.609541701990459650e-12 1.533887773741415828e-11 5.343215453423866279e-11 4.049457844783679872e-15 1.282996930918045564e-09 8.474714974227026687e-08 6.371982206199860999e-14 4.948815405321667360e-15 1.140827666709642862e-12 1.004227455731733783e-17 4.883812538408749404e-12 5.021047466691186401e-11 3.126266179265257961e-08 2.947132770714233629e-06 9.171665649176929946e-10 3.205386085008311164e-17 2.817163169410719092e-12 4.589928155433742329e-13 2.083748755141168196e-13 5.069897834886205601e-10 7.946781659698903450e-20 2.107445755449369185e-14 4.348196469550202892e-08 4.450293952795725261e-11 1.609486433018503249e-10 6.675162073899962462e-20 2.876178681525943711e-21 1.875201349180091043e-15 5.562021329619248888e-12 3.764355049895584671e-09 2.333224879669752440e-17 3.848921351918235974e-17 7.661507041649661850e-24 2.281777540247276193e-07 2.945170827052881468e-14 2.160159724706733897e-11 4.511481442044635399e-17 1.075690057861233839e-11 8.913567999924949123e-19 6.069306168754451392e-11 1.005849403767911099e-09
1.762383544701151550e-05 3.007342219352722168e-01 2.564834344909172614e-09 5.466520883892311659e-16 4.127747160964645445e-05 3.023177194694248726e-11 2.777131851704702273e-17 4.490152347158549162e-11 3.527425126762009874e-20 5.079189315438270569e-02 2.738239556381745273e-18 4.686235048467190707e-20 8.856281041857982927e-09 5.672628352156516493e-16 1.572172093574665530e-14 5.537749772632771794e-11 4.932475367324611450e-22 9.228295846602329981e-16 3.326103354531532129e-15 2.344937044540529314e-08 2.004678390221670270e-05 1.627457534141163457e-22 5.383918015809113027e-19 1.363745276016079308e-29 3.644422610915576399e-11 1.328812199163920127e-10 5.779148965671951159e-17 1.046084504012934763e-14 7.437266948129295230e-13 1.122054177544497267e-13 3.063066293662597417e-13 5.188816390444550564e-11 1.751371200953144580e-06 3.777296692575943116e-18 1.791148385166252410e-08 9.865412589005537322e-17 6.395238637924194336e-02 4.717667771193811976e-13 5.010422963280634400e-20 4.610035768924658495e-13 2.889835072628077484e-11 4.444756752496922911e-17 5.607503056526184082e-01 9.144226174873093527e-13 2.003648644026932713e-14 7.317733980016782880e-05 1.904626595328196004e-10 9.035915024169703010e-21 3.104365587291643691e-14 1.725903525948524475e-02 1.676727284140694238e-19 6.016823306254082127e-08 5.971724781339560195e-10 2.664192114025354385e-03 2.922649677827848791e-08 1.224436516622517956e-07 1.371717511442199083e-14 1.351960007373327458e-16 2.264669215909986474e-15 2.379434662845537288e-16 5.489626461741003993e-11 1.066069145612120309e-19 4.154177696280569876e-11 1.730948294746948967e-20 3.135483036674924923e-17 3.129685824069908283e-18 2.191708626924082637e-04 3.110626910672438827e-20 2.773816072665358234e-11 1.030596506572389881e-12 1.486214044043999394e-24 3.070458071306347847e-03 2.960409001273589524e-11 6.182260010281245083e-19 3.063550748862823594e-17 1.363973604201484946e-11 1.752893815003069532e-15 8.682351428712637481e-24 1.164864645714080993e-12 3.083669523071611018e-14 2.076247160309740991e-12 4.163704797610634500e-11 7.149845765355017368e-15 3.308465446050234959e-10 2.280668454091028252e-08 2.943462869818037897e-14 1.244879325085256408e-14 1.934558063873201283e-13 5.904672465574015535e-18 3.926326277992053804e-12 1.078414371691316376e-10 5.541276948406448355e-08 2.085988526232540607e-04 8.545534418979983116e-11 1.543249693016502375e-17 6.716335820833307935e-12 6.244513657923571673e-15 7.887613088716771692e-13 7.640418964172113192e-09 4.996816100698078518e-19 1.488231521525051892e-12 6.697570142932818271e-08 2.664997129225854522e-13 4.447570922661014947e-10 1.124418763289643517e-18 2.683981468858561275e-22 4.537217955811806078e-15 2.184156744355902902e-10 6.790462858674572999e-09 2.528876007441511204e-18 1.838522235143023772e-17 2.429903633892039769e-23 1.953831233549863100e-04 9.661841190324971067e-16 2.214758584861975521e-11 2.697557738521591053e-17 7.957246840606391203e-12 3.952277367831462472e-20 3.420476792428961410e-12 1.574110564117603417e-10
2.084400193780311383e-06 8.605297803878784180e-01 6.092923943157302347e-10 9.651231043869426887e-17 3.095921954354707850e-07 4.699862027335299786e-12 7.304244691220874747e-18 3.179268306952032219e-11 6.202387899524074474e-19 1.001190394163131714e-02 2.544902631809726115e-18 4.758488144062703949e-21 1.437294638861885687e-08 1.625587540703245144e-18 2.346730394644364059e-13 5.861268068119152019e-12 4.563239996067161146e-22 7.323356699273912452e-18 4.617380306907005807e-15 4.107861606428286905e-09 4.602945409715175629e-06 1.039748413137420392e-23 4.246638972138531019e-18 1.937446403601563902e-28 2.057601831972899475e-11 3.621584282464951343e-11 2.458309849770071828e-18 3.259520212130239715e-15 8.229460407398192512e-14 2.635709792780938088e-12 4.144208983142619318e-14 5.224706084439034726e-12 5.520880677067907527e-06 8.739826854817340478e-20 4.490280858249207085e-08 3.058347346058501622e-15 4.541006684303283691e-02 3.981893211425086010e-13 2.567493173445445117e-20 8.298023997533460205e-14 1.008969435778439561e-10 7.894612427950586171e-17 4.747202992439270020e-02 6.091377809059814186e-14 5.172779810421650540e-15 2.342336665606126189e-04 3.762585035205212591e-11 5.921085648244582668e-21 1.129545963734395267e-14 3.570053353905677795e-02 4.640569266437365039e-21 4.285466426168227372e-11 8.579205790226751560e-09 3.509201633278280497e-04 2.100021134765484021e-08 1.387562620358551158e-09 4.953726502349847793e-15 5.461285459272116534e-18 6.731300025169490255e-17 6.405758237894689303e-15 4.088475977041816645e-13 2.526175986524561552e-19 5.363524901991212346e-11 4.819596515711842342e-21 1.622132680254213290e-16 3.934469849453815035e-19 2.550482122387620620e-06 1.146424588398689830e-20 7.312425664984800733e-11 2.924628041914983934e-13 1.130268565125153163e-24 2.480932453181594610e-04 2.402251141064848383e-11 7.226689917198522121e-20 1.589281368696768072e-19 1.046799908040185745e-13 3.405782830672347903e-17 1.808985220049701697e-23 2.583534428057809862e-11 2.776529277759981484e-13 3.225596439254685421e-12 6.054786672038403594e-10 3.307506788526211328e-14 9.010290291655564943e-10 1.953579271685157437e-07 1.635100034698671462e-14 1.690638189340287756e-13 1.272364104267648122e-13 4.083282795278190072e-18 4.155230846902835395e-12 5.996302087675486892e-13 1.977273633713139134e-08 7.478332463506376371e-06 7.145005507386281707e-12 1.290985573041618199e-15 1.416391201373989883e-12 3.608741452366948099e-13 1.619520598357404584e-12 8.449032584678661806e-09 3.211332272841648604e-18 1.273084505789287904e-14 4.106051960661716294e-07 5.401228943269220650e-12 2.474286775466794097e-09 8.853215868457314532e-19 2.814776474966828596e-21 1.020284473362631852e-14 4.168149991823355549e-10 4.049546920015245632e-09 1.364727159625001666e-17 8.385070974190427765e-17 1.428984157522478040e-24 1.918527050293050706e-05 1.130416628900877962e-14 2.420898204125165876e-11 1.774658101589642164e-17 1.692997738528267959e-12 2.273738351354123965e-18 4.724130461819520121e-11 6.371290162121567846e-10
1.984306982194539160e-05 4.266833420842885971e-03 2.549179756172748057e-10 1.434657686898336919e-16 8.402176376876013819e-07 3.680770532116239835e-12 7.936694745305853923e-17 1.395029404493985936e-11 1.879349181841650421e-18 9.592788815498352051e-01 1.950900511622640453e-17 1.629692471748963210e-22 1.521474501942066127e-09 2.396879200515121197e-15 1.548055879720209443e-14 7.052284867192781803e-10 6.908964027803222177e-20 6.857199693726919246e-16 3.436985737739073213e-16 3.546756000005757414e-09 7.351875683525577188e-05 9.631842715809648417e-23 2.228659282716668478e-19 1.729469220396996045e-26 7.994052468596191119e-12 3.373681542462314553e-11 2.258031184138477033e-17 6.802701848010461738e-14 2.553101468032083904e-14 4.191143078749980100e-14 3.877037088590015376e-15 4.945648404697244871e-11 5.201879460514646780e-08 2.211273497204452373e-19 1.852324089668400120e-07 1.249526317240482950e-14 1.313648093491792679e-02 2.723657481192368057e-14 3.415543455917957646e-20 1.038515587002859786e-13 5.561836061152014565e-11 1.171894170025762063e-16 2.159487269818782806e-02 1.493151630983791112e-12 3.794276294522523629e-14 2.016430926232715137e-06 2.256048993454218277e-11 3.932074531501491801e-21 1.753521508768632331e-14 1.180735067464411259e-03 5.156351323513883892e-19 1.444547703677301342e-09 1.509437852487138798e-10 2.847091527655720711e-04 1.951991457360691129e-09 7.356896869481488466e-09 1.576529696923462641e-15 4.730366997888212392e-17 2.023124133769971938e-14 1.056270096379491406e-15 8.082246081165395113e-14 3.301644627602012434e-19 2.956000721976437262e-10 8.024782852758093289e-21 2.370264207702529402e-16 5.279763155389192270e-17 8.025996794458478689e-05 1.508675978424714022e-20 1.881596874836466426e-12 5.293325998877163041e-13 4.602774217871637181e-24 2.545921051932964474e-05 9.338764483945993788e-11 1.160078399943356632e-20 3.876954688993295906e-19 3.594864409948127226e-14 1.397915779926609523e-16 8.037949256810594064e-23 6.118013539356537134e-13 1.902240165515753367e-13 4.364602429474118139e-11 2.347760874599202907e-10 6.798939666471937038e-14 6.582467904081568122e-08 8.592818900865495380e-09 5.103252381495702178e-15 1.685058228510143228e-15 6.799945589247569089e-12 2.172397145787802333e-17 1.592404159922455875e-12 1.478492328566005654e-11 2.477628413544152863e-08 5.152914127393160015e-06 1.611800554135456309e-10 1.045030786423872043e-17 9.730862898229761249e-14 1.501017090840568030e-14 1.099969290999092131e-12 2.290933309723186539e-08 1.121701474977406821e-18 1.755791421542002295e-13 1.186240581318998011e-07 3.434910342270391936e-11 2.624423345309878641e-09 7.543599224232867372e-19 8.939013319569173351e-22 7.778826597481169544e-16 8.259118389197794841e-11 1.819655004453579750e-08 1.085400136807634356e-18 4.143580622338610556e-17 2.050183354571115953e-22 4.990988236386328936e-05 2.918792315251251233e-15 2.359934079751435654e-12 2.363067405501073040e-17 5.157092530794216145e-10 4.380127492386566238e-20 1.134540933422911735e-10 6.490837867190180077e-10
5.609528216155013070e-06 2.140135038644075394e-03 3.920253358047354197e-11 5.467601396839265177e-18 1.434538148714636918e-06 3.484987905894021409e-12 1.465065905006970285e-17 2.259604656162927938e-11 2.401049247680717358e-20 2.139749228954315186e-01 2.655644331447406631e-18 7.513295539232376063e-23 1.643464919709458627e-09 7.611018683456578462e-18 4.938365136334917430e-16 8.504058568448158439e-11 1.254063000414929754e-20 2.656972783511166793e-17 7.647176078137696287e-15 7.221177877880791129e-09 4.487821206566877663e-05 9.405856785657898900e-24 5.221860926100786610e-18 3.133505352887532218e-28 1.858081799532840250e-09 2.336038307237942035e-10 6.382965252954733474e-18 3.596331945351222137e-13 6.960540000280901474e-14 1.201654810270395835e-14 1.096622047184504789e-14 5.773020256283345475e-11 6.860521040152889327e-08 7.995010813054719863e-19 2.754135763893827971e-08 7.711418444989251442e-15 1.331428345292806625e-02 1.509731901126742937e-12 6.979063707307969930e-20 1.038378232140133028e-13 9.391591671015220300e-12 8.332816214655109494e-15 4.330829977989196777e-01 9.910546775598882974e-13 9.069190368930164282e-17 3.430180659051984549e-04 5.900344657305822693e-09 2.058923649411038884e-23 3.233044291539675236e-15 3.365592062473297119e-01 1.819876317515765557e-19 5.877797693010222702e-10 5.176000184015094874e-10 1.432688295608386397e-04 1.000485312374621572e-07 1.275377670140187547e-08 1.873563610976574853e-15 2.104599602985608568e-16 3.303997594553207805e-16 3.929225700146109007e-16 4.612141397963842593e-12 1.093008802575838528e-19 9.687112223488725249e-11 1.744637002973707851e-21 1.534171273297169590e-15 8.030799945479563008e-20 1.217740827996749431e-05 2.861524902324754064e-21 2.235368973257934044e-10 3.442860959431554013e-13 2.478905168690994945e-25 2.667735680006444454e-04 5.464805691302032642e-11 2.525326349250847417e-20 3.666699335955153104e-19 1.285286709961502849e-13 4.189056034566570827e-17 1.240203017863872906e-23 1.420951203923159767e-11 1.380673127266047757e-15 3.330106643998492766e-13 2.173277946493357149e-10 3.566456788369701952e-15 3.935583248182439320e-10 6.900020821376529057e-08 1.176538575765884165e-12 4.292748746531280246e-14 5.631651286801264700e-13 1.026575704533808639e-18 1.068543170612556992e-11 1.672308680422673888e-10 4.566946287809514615e-08 6.474232213804498315e-05 1.101173152662227039e-09 6.869174092623134883e-16 2.329887671681518668e-11 6.788361919026625335e-14 1.506780160712151151e-12 1.762067713961812387e-09 1.643933191768146610e-19 3.379115970326626583e-14 1.371941760197614713e-08 6.646952432909358777e-10 1.088259038439787219e-09 7.656731424142037853e-20 2.499218632823275457e-22 1.430419478137411222e-15 2.472386444879459688e-12 9.255619382031454734e-09 6.273970145180458676e-18 5.063774716923021002e-16 1.056940768819716601e-22 4.620046820491552353e-05 6.868927711914602288e-15 1.854005317325491120e-11 2.535066885639799486e-19 1.170966318700394915e-12 2.810326485609363391e-19 1.440879967423702723e-11 1.664451042271419823e-11
5.078080903331283480e-06 1.199022866785526276e-03 1.009089166392751480e-11 2.921233621369554512e-18 2.052946541653000168e-07 1.714956627228703123e-12 2.170389247568891113e-17 2.494043383274857639e-12 6.454708747131777231e-20 2.472982853651046753e-01 4.206526450995208763e-19 9.463027996705289915e-22 3.290967942604083873e-09 1.086111305339276822e-17 7.594786073910481106e-14 1.269690880212337447e-10 4.920190846655275348e-22 2.005514747606984582e-16 1.332998830741905123e-15 1.578184306329222242e-12 5.311042059474857524e-07 3.848649146004131666e-23 5.656226390449452583e-19 6.340947547544610374e-30 2.588350540844164271e-11 1.279733957693096613e-11 9.135958480290156975e-20 9.173378465467097419e-16 2.071852414566206779e-14 1.411022381293640382e-14 7.785159778124495222e-14 1.948661024209208392e-11 8.808806484239539714e-08 2.445812805075620685e-20 2.658222975071566907e-09 3.365030288869820399e-16 7.845257059670984745e-04 4.269226472179438875e-15 1.008234680510458641e-19 1.441555377943316146e-14 3.527191594354661675e-10 1.188849387349629003e-16 1.712399348616600037e-02 1.322256540370325695e-12 3.960783550413680821e-18 2.325302011740859598e-05 3.758787031626908970e-11 5.425850308248709409e-23 2.848454805190372540e-16 7.334581613540649414e-01 1.284772191727576362e-22 4.332912639792851905e-10 4.516426399536754843e-10 4.394648203742690384e-05 1.293929763335199823e-08 1.527730053574316571e-09 3.705121958126302495e-16 7.192409045223092852e-18 3.206980558357068380e-16 8.464103118636194241e-17 5.305277918365991496e-12 1.561060163394960862e-19 2.480746337518713318e-11 1.047953825573723647e-20 1.083731672153084272e-17 2.935027323372970810e-19 1.193929733744880650e-06 9.045444564878968701e-21 7.597304729767273557e-11 1.148150151342175462e-12 1.629370382799589865e-25 4.023060319013893604e-05 5.109758970112121546e-12 3.499389600889500944e-21 5.192045976403136996e-20 1.414279900602190970e-14 6.160802821114527662e-17 3.580675541969360141e-24 2.342123673823581775e-12 1.004816211789757996e-14 2.285017314251902576e-11 9.265046195527926187e-12 1.605073055531685416e-14 3.206887644324751818e-09 6.482945846819632152e-10 6.714581961188986758e-14 1.252919224177740298e-16 8.152353304143739043e-14 6.623325637591590580e-19 5.107646364909583861e-15 7.663570570238392721e-14 3.456282371416818933e-08 2.313468172587818117e-07 5.541240209738784728e-12 1.135801699096562300e-17 5.705620437918001997e-13 8.586230684781703815e-14 2.414892457281315324e-14 8.676856455558379366e-11 8.883802810311023402e-20 9.706318255110583937e-15 2.641363927580187010e-08 7.296642456910973351e-12 4.757571758773337933e-08 5.756767108133847362e-21 2.881615990512157299e-22 5.491040303958506514e-17 7.904735893626835264e-12 3.278092519654052239e-10 1.978673762433598400e-17 1.720650817651564945e-16 2.064193595245322592e-24 2.112290530931204557e-05 5.987547578649140070e-15 1.315256497463890284e-12 1.033807641231783191e-18 1.876999597416606491e-11 7.569729472042505382e-20 7.727578993366179816e-11 1.416391171016329054e-10
1.303077879128977656e-04 6.705407500267028809e-01 3.256826197617357366e-10 1.425040951271244424e-16 1.896127059808350168e-07 2.694570955252828526e-10 3.385373968854949562e-18 5.057623764237462183e-10 7.604183483259899656e-19 3.226567432284355164e-02 9.765672339816023790e-20 2.428800187879591101e-21 7.083720832135043111e-10 1.861683523905080062e-16 1.609385300266157059e-14 8.859891986734425018e-11 4.323709387281639274e-23 6.473645387518279712e-15 2.123208784487887538e-15 1.478910771623986875e-09 3.213989111827686429e-05 3.263472378946674779e-22 2.984311519750704467e-19 4.661622911681918182e-28 4.027122385563686180e-11 1.093500012760983964e-10 2.745462083900252035e-19 1.339753283221547728e-14 6.326211798336756065e-13 1.981427869002239106e-11 4.372347969794354583e-12 6.670697848265572105e-12 4.743942838558723452e-07 2.102739387525311035e-19 1.567866263485484524e-07 5.804665542040411338e-15 3.415443748235702515e-02 4.795018982567400556e-12 9.037842581179150309e-19 1.099242767123309594e-13 3.814516844752313673e-12 6.856648592915611917e-16 1.211785599589347839e-01 2.697185357003473172e-12 1.415706092327130398e-15 1.586399390362203121e-03 1.184847636670482984e-10 3.024572015750794217e-20 4.457795911512506606e-15 1.399895250797271729e-01 1.278221004074996995e-18 6.384219541910596263e-11 5.091312441085626972e-11 2.245616451546084136e-05 1.962190054882739787e-08 8.620460789643402677e-09 1.748254488496015641e-14 7.943750265058686227e-17 1.793427602606034732e-14 1.360609246086198331e-15 3.696719579754370599e-12 2.005658692026217411e-20 1.955422213040236556e-10 2.223008516299873243e-22 1.195308278270239060e-16 6.192306118820701604e-19 2.814446816046256572e-06 4.880162373201419589e-20 5.616503373495618234e-10 1.719268038482754668e-13 7.656261412452781579e-25 7.748274219920858741e-05 1.485485900953875671e-10 2.447132933634467033e-19 2.173962171506752661e-18 1.150213550706741250e-13 9.449468854624636614e-16 1.522671562378846017e-22 2.031004921534962371e-12 1.872612308273513548e-13 7.797259365949216203e-12 2.972847662485733622e-11 4.061368862745551311e-12 1.189147669222734294e-09 6.303632460458175046e-08 3.889147372746794284e-14 2.218993557152361407e-14 6.250258990925239289e-12 1.064675349898883637e-16 1.416393451093497791e-13 1.245207409406035026e-11 5.528431401558009384e-08 1.414246344211278483e-05 8.169217385889382399e-11 5.334829892255827407e-17 1.138324504101895229e-11 1.306920066959649240e-13 3.108140982544145559e-14 6.114781125887702729e-09 2.517388743479834170e-19 1.365464544818978387e-13 9.321722060917636554e-09 3.035613080348831261e-11 6.132651275692069248e-09 5.950969325018908075e-20 2.333536486684436835e-21 1.586798997321031690e-14 4.575781767379716314e-11 3.521316127574891652e-09 1.161284552965809918e-16 1.522176704428897459e-16 9.542894546669272187e-23 4.386498858366394415e-06 1.489488061868018704e-15 2.571740216616991148e-11 1.075303528891781473e-17 7.368415599895428159e-11 3.140513657062318629e-20 3.752332056183860232e-10 1.631835500059963806e-10
1.162134067271836102e-04 1.536993533372879028e-01 2.200314375144785117e-09 5.999874449130531903e-15 4.605859430739656091e-06 8.466202044976611774e-11 3.796212658823805753e-18 5.140837089356864453e-09 1.568816015613411187e-19 7.247196137905120850e-02 3.650839388480367628e-17 6.251514010700756738e-21 9.371262876811670139e-08 1.276487333599939968e-15 6.358685821807041894e-14 6.281318520873213629e-11 1.417771414044550508e-20 1.096374353574903950e-15 9.212213104977870493e-14 1.112197622887833859e-07 6.855143583379685879e-04 2.063347713896150395e-21 3.421754761858460808e-16 8.917558695414375946e-27 4.577064283139975487e-10 5.122198776241759788e-10 7.811219035763679798e-19 7.861669892557723860e-14 3.150088870307321542e-11 6.018219234592281364e-13 2.909410180221977393e-13 8.301168086255472645e-11 8.612305100541561842e-05 1.424810229918888071e-18 3.055897650483530015e-07 1.105393920386270323e-13 4.837886616587638855e-02 2.140671320760567653e-12 2.164889473602512057e-19 3.546700043030592830e-12 1.858481701866310232e-09 7.756273921744050170e-15 6.217256188392639160e-02 9.110386924027213951e-12 6.007978754490742642e-16 8.880398127075750381e-06 3.191171993321972877e-09 7.187362519703483400e-19 1.697289193686082193e-14 6.536743640899658203e-01 8.243526888338620115e-19 1.013711425912333652e-08 2.618239791640775138e-10 3.232335438951849937e-03 3.449290630896939547e-08 3.819647886871280207e-08 2.381048578247411951e-14 4.365186675955200950e-16 2.763183291117771168e-13 3.268067918062514399e-14 1.630610924063802258e-11 3.698565952065875649e-19 1.644495095654008310e-10 3.409461416593705443e-20 6.807078636655514159e-15 1.928641081338838478e-17 1.450640847906470299e-04 7.695425382233619951e-20 1.562016294087698043e-09 5.350714446170079519e-13 1.456424955281527105e-25 4.869081079959869385e-03 1.075758482294020268e-09 3.886754194312635056e-19 4.000663995696393668e-17 1.986364718542521501e-11 1.763171924543290026e-14 1.957097373955672673e-20 7.005352548050680639e-11 2.320026495136046085e-13 3.047048941287600066e-12 7.746797647811831666e-11 3.080418271806870112e-14 6.893937420926476989e-09 5.686907655899631209e-08 5.108697210924606491e-13 2.039738603715202103e-12 6.823962835772467983e-12 2.001235444513227251e-17 5.649934339824191909e-11 7.268727720416423566e-12 5.450710159493610263e-05 3.161029890179634094e-04 8.953823460444709781e-09 6.388510953022697239e-16 5.912173094840822429e-12 1.157524054905267885e-13 2.793954304025625390e-12 1.478983957525770165e-08 2.495702549360531444e-18 9.927585961416393601e-14 4.019645700736873550e-07 2.366613328919076054e-11 3.106535473307303619e-07 4.866998892351889200e-19 9.363642528834792071e-21 7.813972641440710635e-16 2.061196990865710177e-09 2.800889742360368473e-09 3.642981503533358886e-16 3.051718625031967077e-16 5.210536088422789740e-22 8.307686948683112860e-05 1.369866947740355778e-13 9.326727168357251685e-10 1.113854632891575663e-18 3.066098763770952473e-10 4.952894878123044131e-18 3.373708647516626691e-12 2.275591715061864306e-09
3.883350814248842653e-07 8.205704943975433707e-06 2.448811708966047718e-10 3.048298076034743923e-18 2.342766336482782208e-08 2.590209947569976912e-12 1.129623900691710013e-18 1.339783210589640117e-12 8.710924000992001289e-20 1.146682817488908768e-02 5.163082505748534154e-19 1.620801693802760319e-22 5.800985247716994309e-10 4.215659403837195026e-18 7.019120629506419434e-15 8.036844627301586996e-12 1.812416512551923428e-22 3.650007575656384303e-17 8.429638803850294853e-17 7.766888261012683259e-13 2.229220967819856014e-07 1.295174174979212074e-26 2.934280405129229568e-20 2.169147211120393175e-28 2.416132073058963048e-13 5.075562366230190747e-13 1.114024553883969954e-20 6.440809414164137912e-16 9.391941129704203112e-15 1.381425440753975345e-14 4.079250534637455378e-15 1.771614810148341990e-14 1.564731988423773146e-08 1.841373109893013514e-21 1.051561282494617444e-09 2.236497588298578089e-16 2.278567058965563774e-03 5.036988888152879856e-16 6.462993154836951870e-21 4.801474447663255443e-15 6.522959798173355583e-13 1.903788646629835900e-18 9.844805598258972168e-01 1.180316356263165500e-14 4.671514817840738583e-16 7.703122719249222428e-06 4.325386923631491243e-11 5.048144180145432089e-24 1.582093970504900672e-18 1.743745524436235428e-03 5.980165246350335388e-21 3.306010847026197297e-12 7.518589049959611970e-12 2.319519126103841700e-06 6.623786408255227798e-09 6.539360025703544466e-11 5.844212875073004181e-16 4.823459723822277743e-18 6.495879790625468282e-17 4.143914406259387954e-16 1.873147633096178266e-14 1.669854705720085692e-22 5.185886984594711979e-13 1.219888902921345587e-23 3.733257596763619923e-18 3.947152079207901486e-19 1.086640200043120785e-08 1.910595767922127652e-21 2.654800309437582023e-14 3.275815897837638935e-14 2.116679438683191976e-26 9.294375900026352610e-07 3.678408963601713377e-14 9.354609856899845266e-23 3.915684400028151048e-21 1.646960528839305077e-14 9.792582644792693447e-18 4.001876226056812645e-23 8.823960307010811355e-14 1.006508922431550990e-15 7.068861961707570418e-14 1.484063089432496874e-12 3.131633907204364568e-15 9.489551505703630596e-12 1.772240132424940384e-10 2.337712731539546640e-16 2.803335212974708080e-16 1.806959800971369434e-14 4.332217498269050315e-21 8.313822178439289612e-14 4.777581867447533437e-13 5.656994317426722318e-10 1.023012009682133794e-05 1.389251387540202387e-11 3.999734244687884065e-18 3.497537105583408551e-15 3.341515161358471486e-14 1.766354566139303334e-14 2.268352838896703361e-09 6.360030171206840529e-20 5.698365977654430443e-16 5.038349182306944840e-10 1.431462478933276383e-12 1.395117910085730273e-10 5.333314450198485951e-21 7.970135617954175005e-23 2.937710231990998270e-18 2.924101282289481851e-12 2.072852028911498223e-10 1.632831006231007153e-19 1.696964335374986487e-17 3.572670181503177313e-25 2.812710135913221166e-07 1.472186799821462860e-14 1.118171744432516768e-12 1.474043089399855156e-19 2.105611962999881515e-13 1.433719197760631459e-20 9.180145792847538289e-13 3.892759378731902586e-12
2.171781816286966205e-04 4.862566590309143066e-01 3.849519814025370579e-09 1.298373460582019211e-17 2.152812157873995602e-06 7.109759395801384940e-12 9.640712615200202587e-17 1.671748434128872418e-10 1.383032800997649709e-19 2.488789893686771393e-02 1.969846421808677509e-17 4.955226267292479233e-21 1.282748485209594946e-08 7.593660430651051185e-16 1.973881195754985385e-14 1.396941156500686176e-11 2.818097718217328375e-21 7.506730233367730392e-18 2.359183481505226256e-15 8.454352773412665556e-10 6.706281565129756927e-04 6.495351951490079137e-23 2.286150610035788422e-18 7.254284765726738054e-28 7.256478751216377532e-11 1.966661382357681731e-11 7.102835000858220884e-19 3.056564341704531319e-15 1.335656710016105975e-13 1.249787491379439341e-12 2.550760268965873018e-14 1.491133822320578339e-12 4.860922217631014064e-06 6.834564094787752656e-18 5.534835256781889257e-09 1.402850038011941441e-15 1.613161116838455200e-01 1.096971255151735214e-12 7.677527746405643982e-21 1.972019688387463554e-13 3.949043175799360483e-11 5.203691655791875591e-17 2.864712178707122803e-01 2.186539388134359219e-13 7.381582968295479635e-15 2.131798646587412804e-05 1.624033907354771600e-09 2.041198418187265881e-21 8.373720282710966911e-15 3.721592947840690613e-02 4.533058324245989243e-20 1.811215621927431130e-09 7.916942795782588860e-11 1.363595249131321907e-03 2.019694989030540455e-08 7.501321785952086429e-10 1.418356534652054357e-13 7.007195199702466936e-17 9.612257999175072461e-16 4.838274641089665776e-15 2.533213642650321284e-14 3.884673447331152057e-20 2.848188048257260796e-12 1.402150786723082816e-20 7.394977470867326310e-17 9.371151493489789460e-18 2.105906751239672303e-04 2.609888732466459336e-19 2.449608007756842731e-12 5.193270943490424507e-13 6.155839712334815593e-26 1.273070462048053741e-03 2.680703749258217528e-11 1.207269328539319623e-19 9.183860638810073519e-20 1.408722771545139682e-14 2.589444306018624277e-16 5.128295997989960383e-24 1.125962517667389307e-11 4.051951374255124971e-13 1.658737058297943268e-12 1.117267278694100696e-09 1.565004119610173376e-15 2.735310200563390026e-09 5.792497148604525137e-09 6.457142221090450551e-13 5.643867263729202000e-14 9.156201865494553727e-14 2.583766627215976144e-19 6.332890483719266772e-13 4.285174645679568073e-11 5.026711491495916562e-08 2.322847649338655174e-05 1.239405383879343958e-10 2.426263673427879334e-17 9.786763413566212932e-13 9.050783363604483073e-15 1.117093071691110939e-12 5.908520961384056136e-08 8.983346888448391155e-19 5.425614994715617645e-14 4.689558963377749023e-08 4.115529445014587395e-11 2.346464889058097469e-08 3.015306494290949260e-19 7.071382475885786359e-22 1.208940161825553753e-15 2.164945826776953908e-11 6.044013645123413880e-08 1.087425199024256051e-17 8.310080599653717892e-18 4.422908803885362552e-24 6.524915079353377223e-05 3.060612947434170061e-15 3.155758154793630865e-10 1.570223060175121544e-17 6.247099192113747534e-13 6.038635606547897196e-20 2.359075781943609229e-11 1.594236742619159486e-08
1.527252038613369223e-06 1.193233579397201538e-02 1.794201766325276282e-11 2.000525061803166711e-17 1.823101592890452594e-05 1.091045765018450187e-12 8.530807232066169472e-19 2.451014391446904028e-10 2.577566133043066934e-19 1.421776264905929565e-01 4.945397726641169765e-18 2.472150480136863088e-22 1.197946880582279050e-10 2.562088343011280956e-18 5.762473136871780130e-16 1.712206765258628138e-10 7.059800735619693552e-21 1.519065413447289505e-17 5.367754195264500070e-16 8.697907949439809272e-10 4.665533026582124876e-07 1.567502117414885403e-23 2.239573413911422832e-19 1.763602036244896248e-29 4.824250807861085732e-12 1.623054642074794884e-11 7.931233533465656323e-18 1.812213226365182693e-15 7.776980489172628797e-15 6.097589440475208872e-15 4.539460306133072387e-14 5.763057132207594080e-12 3.850789198622805998e-07 2.353274817479606365e-19 9.925297028701152158e-09 5.673134454342500937e-16 6.900642812252044678e-02 5.051898467969568457e-15 8.537639356184945347e-20 4.851617696997878593e-13 2.132430733728374328e-12 4.259073233824489386e-17 5.996391773223876953e-01 2.382511776841816920e-13 1.245594903813052761e-16 9.110785015309375012e-08 6.263203844447673418e-11 9.200863643262656443e-22 2.675590468430142808e-16 1.746524721384048462e-01 1.975586476233366734e-20 7.697310566712189939e-10 1.073750741098500328e-10 6.074522971175611019e-04 5.074799469539925667e-10 2.829004808191371012e-10 6.825170201617681946e-16 2.982195219512518173e-17 1.135608284417012701e-15 1.220175577414849217e-16 4.065131911645814000e-12 4.613920964457373017e-21 8.599948531085033210e-11 1.305090067958899775e-21 2.472431468915770991e-16 7.535770063132629534e-18 4.143977548665134236e-06 1.082482052825081114e-21 7.416051106545751281e-11 1.776398689604108405e-12 5.252892880184125974e-26 1.956927124410867691e-03 1.802977038500852558e-11 2.035462235678701743e-20 3.112435722027545018e-20 5.078084220483392031e-13 3.126804257688018556e-17 1.785648190118367460e-24 3.251207354552920759e-13 1.055822570756974332e-13 1.202772517000516572e-11 3.529625159856553118e-12 1.111649258701743331e-14 3.035034445986184437e-09 4.546724774456833984e-09 3.055279689185078085e-14 1.729409667721766445e-16 9.779548048108321900e-13 1.761891230579376225e-17 1.083726424572217795e-12 4.793994384409347442e-14 3.594603725787237636e-08 2.403693315500277095e-07 3.886331187419322930e-11 5.280902596682984066e-18 7.836807591754535451e-12 8.388832197522930884e-15 6.051499413199787000e-15 6.027367493999236103e-11 2.734220877090241117e-21 3.036161477939190723e-14 3.907498324906555354e-08 2.291878492544086043e-12 2.148218385400468833e-07 8.621291873038491613e-20 7.401366274201101317e-23 1.337924108954507166e-17 3.192210384916904786e-10 4.282287024981457080e-10 1.175209906967568624e-16 6.877513380143037236e-18 4.513349340086235893e-23 2.231599637525505386e-06 1.047712390164483201e-16 1.489318542623185859e-12 1.539577011096766933e-17 4.968539035060670628e-12 1.015154627945832919e-19 1.075727723044705986e-12 8.223770275872510638e-11
8.074844663497060537e-05 3.117414712905883789e-01 2.521105893493746919e-11 3.275612395525083129e-17 3.866986375555825362e-08 4.307808883913244458e-12 4.831611175168681554e-18 4.510944840319802696e-13 4.248875254924568129e-20 5.104391574859619141e-01 2.761633594122634437e-20 4.961714465222192043e-22 2.420163514038620178e-10 8.398492475937468170e-17 4.652499563449589981e-15 2.723957778089092230e-12 1.197082792156443196e-22 2.231082797834356966e-17 8.710763480390280779e-16 5.338425812517755276e-10 3.482683723632362671e-06 3.044822918322353090e-23 2.965143883801472571e-18 3.949913195214979230e-29 1.784651094439981822e-12 1.772312019365784863e-10 6.141978382401444018e-19 1.176883061736191884e-16 4.080694725812523960e-14 6.809096472423781243e-13 3.832721629220409154e-13 6.576819709495917987e-13 6.646798738074721768e-07 1.857188625490442675e-19 2.764448936432017945e-08 5.800621416320970184e-18 2.237678738310933113e-03 3.821675099860769032e-14 3.080719161649818420e-20 3.800288703788724104e-15 9.283231301726591056e-12 3.006020337259760519e-17 1.667018830776214600e-01 1.995471659004682818e-13 6.144677187859201584e-14 1.696875369816552848e-05 1.975852675917266765e-10 7.676733003753513643e-23 4.733699543140066030e-17 8.562746457755565643e-03 8.524648743158741470e-21 3.329080344727231022e-10 2.397110565599547272e-10 1.984737718885298818e-05 5.928157964518732115e-09 6.300749255672144500e-09 3.990210854738556953e-15 7.643498757389085647e-18 1.046330336797029602e-16 7.105061439367788001e-15 3.313480783154187925e-12 2.790288293764207718e-20 1.722224966804741797e-11 3.630983211912890567e-21 1.492658830444391671e-17 1.372967719002892752e-18 3.356601519044488668e-05 9.055768974458109567e-21 4.434772861439117975e-12 5.686684846975542662e-13 1.698541774533410726e-25 7.811286195646971464e-05 1.063245222117717437e-13 3.225156205711514300e-20 5.711693710207231837e-18 8.370136316904544516e-14 1.919138006945355669e-15 2.206380085724283327e-22 6.053816736101280682e-12 2.585912813903284285e-15 1.489540782384501938e-11 5.681267088719632596e-12 1.191148416880560834e-13 3.546612309390795303e-11 7.728280237984108680e-09 1.058739033943378871e-12 8.704452026142052174e-16 1.567492771865908185e-12 1.737958992942808262e-18 1.179503543446980274e-12 4.075176827933457702e-12 7.236404542254604166e-08 6.165003287605941296e-05 9.026619035568117511e-11 9.996572001293170496e-18 4.459462042260414760e-13 8.155819362963903640e-15 5.215782826120804114e-15 2.351526473542975282e-10 1.214910781032819011e-20 1.372313399120592484e-14 2.424452416605049621e-09 1.184479164056950751e-12 2.530063492045542262e-09 1.253160695000650719e-20 1.887078820906417849e-23 3.753664622240058396e-15 8.540311687010859742e-12 1.027678719900393389e-09 1.100483320328201912e-17 1.240590696853581521e-18 3.774553886645528212e-24 2.190519262512680143e-05 4.168607258968511087e-14 4.737656664546840979e-13 1.112950090212233613e-17 3.671746337963882612e-13 3.041099835637620970e-21 6.677080763295428767e-12 6.819669828850294380e-11
9.231264925801951904e-07 1.365098869428038597e-03 2.400496251428463346e-12 4.420238540114422384e-18 5.055920837548910640e-08 1.393032043883746240e-11 2.234750640747508974e-18 1.850106595702172285e-10 5.174839973427180463e-20 3.539732098579406738e-02 1.771612913712710620e-19 1.536368207177400148e-22 1.662162407711775813e-09 2.449036948308199249e-16 4.942043800424842856e-15 2.473463621421867487e-11 1.126237150633589073e-22 4.781006333244218703e-17 6.043043403878008515e-17 3.542000304168624325e-10 3.877812559949234128e-07 2.171555789508865552e-24 1.335780160204346287e-18 3.258566817532532620e-28 4.396633231096291894e-12 1.471466178071256792e-12 2.077515322539073402e-20 1.006257692459395364e-14 4.786953846551769698e-14 9.039289973543189471e-15 1.062491023981482208e-15 2.068516365139050350e-12 5.983842044088305556e-08 1.789059025248506276e-20 2.126975687133381143e-06 9.813737491173716611e-16 6.618875195272266865e-04 9.047845006310457905e-15 3.002972332687440389e-22 3.155431509615710950e-14 4.221212138513785739e-13 1.746704153173872009e-18 9.559159874916076660e-01 1.903991660244085810e-14 1.613818290870748783e-17 6.884770846227183938e-05 1.450727819124475459e-11 7.684556358231643879e-21 2.533467498424613398e-15 6.564565002918243408e-03 4.558356156940760413e-20 2.490293249390873598e-10 8.699055364935759371e-11 1.028138558467617258e-05 3.238813217620872820e-09 2.014902689140285474e-09 5.411525787484168515e-14 4.657297750324156926e-19 1.312146361888161944e-15 5.270675418307439687e-17 1.361683335532326566e-12 4.646929832983500332e-21 2.003173885448128466e-12 3.854997696620958632e-21 2.622613768817245406e-18 2.048954036145581793e-19 9.760591979102173354e-08 5.124899267061718195e-21 1.898096886913600012e-13 2.381590509927065252e-14 3.081035548594239691e-26 9.531460818834602833e-06 3.712058438409826522e-12 9.882798529614118280e-21 1.126918296305625629e-18 4.187191754754333514e-15 1.743929665322277271e-16 2.734079563703123445e-23 3.719924216750991608e-13 3.984337951798769262e-14 7.096782878154503371e-14 2.421069421332244787e-11 5.389518177448607283e-16 1.566608232028698922e-10 6.046506939583196072e-08 9.344032946207499885e-15 3.867465362176157606e-14 1.677744043953460773e-13 8.049088572780986600e-18 2.418035118922218230e-13 4.634927424501666948e-13 3.555995675696976832e-08 2.335602403036318719e-06 1.015915043062198819e-11 1.643382367028368721e-18 5.107644924953573529e-14 3.566686598996203885e-16 4.613686480927324529e-14 5.093843125081320977e-09 3.149805868021615492e-20 1.633308051795460264e-14 1.280052241980911276e-08 1.222606651335444994e-12 2.223102674170363002e-10 4.986647336783416868e-20 3.599810862061215702e-21 8.564060616473837169e-18 4.039199183458741516e-11 5.364855781841981752e-11 3.360714060433518701e-18 2.045081848601856216e-18 7.225546217822890559e-24 4.357850968972343253e-07 8.376380283802700635e-16 7.921694550327984530e-12 1.032825260856799901e-18 2.536267203201436615e-11 1.505538286067463620e-21 3.121897000895462737e-13 4.113548043860326686e-12
2.227463301096577197e-05 7.605943363159894943e-03 6.090773718714359575e-11 3.683795256701215314e-17 6.376116630235628691e-07 7.760024567371459625e-11 2.671110292796433100e-17 8.765546621880559996e-11 1.829831565434811956e-19 5.066121742129325867e-02 8.795996269969418257e-18 7.991286076917530400e-21 1.401265437017684690e-09 2.344646258695639625e-17 1.001269108857200107e-13 1.103622609965881907e-10 2.765878912824042454e-21 4.015599502662202131e-16 1.523700633168038193e-14 9.761385033613123596e-10 2.834859697031788528e-05 5.729044895093698147e-23 1.521464216544177972e-18 6.396023937924704398e-28 2.926875755648872257e-11 1.430936757973455542e-10 1.657675220832672486e-18 1.450043291819844149e-13 1.848694157827179829e-12 1.279803411684266035e-12 9.040405143240226593e-13 7.685154596037691022e-11 8.471191677017486654e-07 1.995606108213528248e-18 6.709439759333690745e-08 1.146017451129997117e-14 5.850730463862419128e-03 1.154119443243228904e-12 4.806514928974128971e-18 3.032014223025569777e-11 3.735620840439324297e-11 4.897189805977701822e-16 9.062350988388061523e-01 1.835563818997076879e-12 2.899619036275880501e-16 8.463832200504839420e-04 3.239547519129359898e-10 3.426104549012213783e-21 1.330467176317504108e-13 2.838472649455070496e-02 7.626680210981927780e-20 3.573657758604298351e-10 3.861328590204493594e-09 1.299831201322376728e-04 5.825824711536142786e-09 5.459578460431657732e-07 2.561542828977830810e-15 6.246203594532462409e-17 5.371760301116010328e-14 1.993516605318466223e-15 6.187739209906339966e-11 6.624452509617480691e-21 3.029735099954744548e-12 2.489449126937528776e-21 2.053793905064805591e-16 5.599762938439006345e-18 2.849437578333890997e-06 1.175346102255425480e-19 1.608890624893444254e-11 4.578678148431380990e-12 1.123275066681336012e-25 2.175060362787917256e-04 4.006734527495225962e-11 1.489640646137050862e-20 2.400593425926760891e-19 3.985801706046787629e-12 6.638404333657335035e-17 1.483690095410658345e-22 1.485181942706415015e-11 6.879016806052642985e-14 3.977744349181744354e-12 3.041787655089223108e-10 3.573577523306725734e-13 1.542141969679278191e-09 4.072074233363309759e-08 1.530715658393244638e-13 6.168051909071631256e-14 8.314448955715203482e-12 7.235637504035114079e-18 3.275888935116988421e-11 5.929481211586207223e-11 8.054000488755264087e-08 4.785769306181464344e-06 1.543402732007148614e-11 2.759771812189051882e-17 1.642752600616859127e-11 4.962525480605925465e-14 2.901855838954858768e-11 4.890694071946199983e-08 2.024126882144050366e-18 4.096728110827146940e-13 2.667557055247016251e-07 8.103744064680284964e-11 2.954406719268831694e-09 1.441680164921600793e-19 1.872764624236820501e-22 1.183862269114432497e-15 3.050373148516527522e-11 2.813635102683065270e-09 3.546917048530635528e-17 2.623147217594280853e-16 1.194800901547564688e-22 7.520675353589467704e-06 5.272705896571840134e-14 1.990649312055836617e-10 1.509583834996385112e-18 2.107191591355084270e-12 1.792551310708871267e-19 1.014306902358264040e-10 3.642112722523904722e-10
1.162678527180105448e-04 3.969318792223930359e-02 3.429071915306280971e-09 5.702689551454571612e-16 8.338349744008155540e-07 1.221460710354449475e-10 6.465911367904917111e-17 4.588312021991391987e-11 2.509344825613062253e-18 4.524935185909271240e-01 1.701325397000488560e-17 7.839450774693599989e-21 3.801592374230722271e-09 3.503074159959609912e-16 1.967269392093989877e-13 2.949178679045871831e-10 2.999200593062074237e-21 7.881145265833732838e-17 1.369581019063515880e-15 5.360378807495180808e-09 3.043087781406939030e-05 3.353922917903826322e-23 5.057945264953630109e-19 3.126575086575649189e-27 1.141229555301492837e-09 2.438374502311546621e-10 1.602556557703084333e-18 1.287035528065721968e-13 3.999253456610923907e-13 6.071872171720116285e-12 3.524182898631544880e-13 8.961718086369918623e-13 1.722071800713820267e-07 2.769963835388562757e-17 6.971252446419384796e-07 1.372084683284174877e-13 2.359760850667953491e-01 1.142166331132010715e-12 1.740468038535834733e-18 2.071363393307823486e-11 2.429507428569621652e-10 2.581479231699118464e-15 2.299292087554931641e-01 1.065363617637482552e-12 3.366010676566708049e-15 2.465131692588329315e-03 1.238302260730961279e-08 4.671840490221634132e-20 3.554236169701213699e-13 6.942015141248703003e-03 1.023046318730500937e-20 2.180931657491669284e-09 3.145503579826680607e-10 5.358828348107635975e-04 4.294292210715866531e-08 6.908737049116098206e-08 2.426395164705028723e-14 2.304763149891354357e-16 3.207487782861707937e-14 2.093849563744869420e-15 7.649643993332816416e-14 1.827859773649638676e-19 5.616355904652925446e-12 6.435035015588156397e-23 9.394101910752648832e-15 5.350563661599974045e-16 1.799269921320956200e-05 4.034374720509923690e-20 8.276335210699245493e-14 6.136286682771607826e-13 2.839094423457090762e-24 3.157827630639076233e-02 5.032282576755697789e-11 2.514199962218442249e-20 1.537621160632961198e-20 8.908869193573198952e-13 2.387968784486920381e-16 1.203355561639271011e-23 1.386890710781962799e-12 5.737523628944474208e-13 1.249371808266508399e-12 2.183487390894356395e-09 2.411884982098794206e-13 1.491722514401772060e-07 1.053560017005850113e-09 2.734320778965352444e-14 9.851161770005334439e-13 9.542183709854157314e-11 8.362333288755962943e-19 6.667841734482593541e-13 2.058375414559776573e-10 4.701195450707018608e-07 1.017675822367891669e-05 3.974818529872692352e-10 6.123850719277344416e-19 8.445984796962013874e-13 2.462294691057964613e-13 1.514441241683150974e-12 7.405606083921156824e-08 8.304947633760096648e-20 7.195986970361112345e-13 5.404886849191825604e-08 3.195739228800675846e-10 1.397903730548932799e-07 1.043877944804156888e-18 4.964194707017079322e-23 8.610664832452911803e-16 1.581055425470268005e-10 5.047334283858617709e-08 1.383099717841253717e-16 1.880814805928134742e-14 2.467543185351574082e-23 2.090880152536556125e-04 3.831937666346407409e-15 1.342116140445881456e-10 1.905917437295271744e-17 5.286923121516906576e-10 3.180538858952228256e-20 2.273156315957258755e-11 3.191298614257931376e-10
9.308891094406135380e-06 5.988498684018850327e-03 5.499579958101463717e-11 3.834644876290060759e-17 1.733001454340410419e-06 1.808584358664599989e-11 1.406902803632880713e-18 1.347606661677991369e-11 1.858255429986694658e-19 6.779845803976058960e-02 1.851273886030018736e-17 2.211711119369345540e-21 1.105095945308498528e-10 9.494925010087936650e-18 5.465627475891195186e-14 5.491047894157219389e-11 2.891124730537074122e-22 9.690323268746437954e-18 7.388857287246499567e-15 1.595794718589615968e-09 2.100419442285783589e-05 8.831001222248864061e-22 7.407295756661525915e-20 6.999610021383799542e-29 4.972931441638017702e-11 1.037681746085539203e-11 3.781966954314417510e-18 6.918326588695178359e-14 1.058372580385342349e-14 1.124101693347236142e-13 1.768551261384712636e-13 3.512680597783646164e-12 3.093288796662818640e-06 3.121253596604331004e-19 1.835398677485500230e-07 4.931982743077356277e-15 2.866298854351043701e-01 1.303508841664358098e-12 1.211197919461063659e-19 5.104351728617284589e-13 6.604567153595253259e-12 3.673044555715986124e-16 1.638747155666351318e-01 1.993364512082457241e-13 7.474093656863328174e-17 8.464839993393979967e-06 6.442504307813123887e-10 1.504211081236970822e-21 5.598441394987722225e-15 4.749303162097930908e-01 7.886829806099562098e-20 2.429521250846278235e-09 1.291032142303194519e-10 1.315950339630944654e-05 1.444868225064510625e-09 1.190857967792169347e-09 1.390582989232449444e-15 3.389307378103761719e-17 2.393107574559234611e-15 9.698904683943035399e-14 1.909096389004008576e-13 5.675403716690313566e-21 1.010673766899117254e-09 4.404356291074840654e-21 9.833208793397622848e-17 9.789857291469484359e-19 2.065507142106071115e-04 2.106056769522560810e-19 3.322176301417956168e-12 2.013791477323279011e-12 7.846481513288600361e-24 4.034690209664404392e-04 1.183858133052551054e-12 6.039546555353342557e-21 1.363335562661230737e-19 9.684976778889797799e-12 7.604869323521185748e-16 5.652969673749080476e-23 5.345006034995769539e-11 1.340320866446975678e-12 1.026316358287981956e-11 2.106639862553549847e-11 3.577131605790768998e-14 2.351123185029280194e-10 4.351675908509378132e-09 2.415778894201275895e-13 8.272559476633564723e-14 1.419225709176075156e-10 8.264865749318711825e-17 3.989128905673711145e-12 6.023238331709368509e-12 1.925659034895943478e-06 4.788049409398809075e-05 7.261218709642136560e-11 6.035571315968694505e-18 7.492600290204265434e-11 3.622619646750577238e-14 4.414803212674650590e-13 7.106218946617559595e-10 2.254432421146230860e-19 8.362956188017259263e-14 2.676913446464368462e-08 4.224553432768951566e-12 5.933805979907447181e-08 2.069761312089955714e-20 4.647275202598693332e-23 1.174648032955963404e-15 7.552557537704451818e-12 5.337054798104645670e-09 3.399121710635580882e-17 7.172505425323841901e-18 1.956037728025036773e-23 6.120984471635892987e-05 5.739427487959358753e-16 9.396943292938608749e-12 4.888796135468427171e-19 2.240063332308722677e-13 4.867972380535287545e-19 1.319260534149435671e-10 4.867044961498478983e-11
1.101897004991769791e-02 3.765076771378517151e-02 1.272564276177945430e-10 3.696384019181986336e-16 7.789605660946108401e-06 3.461658515391263791e-09 1.520236535758542082e-17 2.568376622491541639e-10 4.336598534367640982e-19 3.275906667113304138e-02 2.917494806359845455e-17 4.598004603911046278e-20 2.992099723542196443e-08 3.192054779035263540e-16 1.116135395912154493e-12 1.868582621966652368e-09 3.138895549612497124e-19 2.685366022734845485e-16 4.925862506516970329e-15 8.111630478424558532e-09 4.159458967478713021e-06 1.248121587853263318e-22 3.089963618438376831e-17 3.140381307974983527e-26 1.115564640663535556e-09 6.919778638980744745e-10 1.637477021237776087e-18 2.789058860166310216e-13 4.267015546780515700e-14 2.389544508443752768e-12 9.727585219537066008e-14 8.560736147744663072e-11 1.435180365660926327e-06 2.544293051397062818e-19 9.107327514357166365e-08 4.177660008295586147e-13 4.022392630577087402e-02 7.214842438763025001e-12 4.879453130449640723e-19 9.850105757089333558e-13 9.119885957531437271e-10 1.582611266429806429e-14 8.196065425872802734e-01 2.304205264092029637e-11 4.539319444553943997e-15 9.333759953733533621e-05 3.033020723464119328e-09 1.636307685119658742e-20 2.218102647898439334e-14 3.138437867164611816e-02 3.541957935322257616e-17 3.855363583937787553e-09 6.844171895892259272e-10 1.092915330082178116e-02 1.804414750949945301e-08 3.894401690018867157e-09 1.628671562848779675e-14 1.670240048842419286e-16 1.038869511249540523e-12 8.665335430538961825e-14 4.267313499090041873e-12 3.570173727760931432e-17 1.253810943957489599e-09 2.371468170376570041e-20 6.556298862511354339e-15 5.192534312817515332e-16 1.326449401676654816e-02 1.151164407625626838e-18 2.370920793026698448e-09 1.189165194266650349e-12 1.411675267362958057e-24 6.236037006601691246e-04 1.387034376243434508e-10 7.703448672283866327e-18 5.029218316255429149e-19 2.119095697528106115e-12 2.560791828390971466e-16 2.697112658160252985e-22 9.889081914460362555e-11 3.379903995570643360e-12 4.308014882326016703e-12 4.610621606726539312e-10 1.283113291181484095e-13 4.303545519945828346e-09 1.601102098902629223e-06 2.875991003507827326e-13 1.515727300616109829e-11 4.623459254338158075e-11 4.689520157495853843e-18 6.893067388581697319e-13 1.938697397063648964e-10 2.153816012651077472e-06 1.659966510487720370e-04 4.948947363025979485e-10 8.693043233496365596e-15 1.911259171760715248e-11 8.452664431021425506e-14 4.930473889407094301e-13 1.145546022485177673e-07 2.085569961442065831e-19 3.912432986093172804e-13 1.607444630735699320e-07 1.188755899272919692e-10 2.072270532949005428e-08 1.195761953748999894e-18 1.889488122017820413e-20 1.578977304503672349e-15 8.968756848304337836e-10 2.010754673875680965e-09 5.591296910305648617e-17 5.548321947278916921e-14 4.614270840046056640e-22 2.262130845338106155e-03 3.659947626406421725e-15 2.576733937331709967e-09 6.536413625874036766e-17 1.244020442214832656e-09 2.861530193372617562e-20 1.169355445806985472e-10 4.898103103667672542e-11
1.939583489729557186e-05 9.074063971638679504e-03 1.801052579644690788e-12 5.539547084977289865e-18 2.345980760765087325e-07 7.451095946839347839e-13 4.839484032084777506e-17 1.484743022972523363e-10 1.365719458412517349e-20 1.970961317420005798e-02 1.044680258299545040e-19 1.344960839913648439e-21 1.712936903430772873e-09 2.859326142196136464e-17 6.327895157734811371e-14 2.061350645732318299e-09 1.404092884016735149e-20 2.535603292001115117e-15 3.881761838369799864e-15 6.747492564684876015e-10 1.679577621871430892e-06 1.157871735110400001e-23 2.417437614932907901e-18 1.394176449696042382e-27 3.666550570102788953e-12 2.647500621510978647e-11 4.884213037887000552e-19 1.238414261412043235e-14 2.311180489610736855e-13 5.460014019143151487e-14 1.754634340654735031e-14 9.400031100725847466e-12 3.850622078971355222e-07 3.846948195285051982e-20 1.443069095330429263e-07 4.979181197667555125e-14 6.978856399655342102e-03 4.287909477897026977e-15 2.034131234218444298e-21 3.173435025503011653e-14 1.820459581691746820e-11 5.201008281884753569e-17 9.585410952568054199e-01 1.805464279599697242e-13 5.764378431607510272e-16 1.459918848922825418e-06 3.472581250330009084e-11 9.417287291822129976e-21 7.670168787490914269e-15 5.168559495359659195e-03 5.651515079873080244e-20 9.802688660798253295e-10 8.161069042778024141e-11 4.441964265424758196e-04 1.707044106069588452e-08 1.462494569892669460e-09 1.727304949666517118e-15 1.672800735321087443e-16 1.391188617789736268e-15 1.038218077268048553e-16 1.674428282659456979e-13 3.653086528011944496e-19 2.059827655664925317e-11 2.987766032783879049e-20 1.794220509486214992e-18 5.409136167746440612e-19 8.746865205466747284e-06 1.566856663849168881e-20 2.587801084530383378e-10 2.228244715477001314e-12 1.208495093974779713e-25 4.502722367760725319e-05 1.909236874500508385e-12 2.944318694226958049e-20 2.416459525557352230e-19 2.071823479920728572e-13 5.065628130890731818e-16 4.090019757073863444e-24 2.222181450352647691e-14 5.306086109770416503e-14 6.814823705347805571e-11 8.954317842757575363e-10 1.344651886513756160e-15 3.537753867632886795e-09 4.479311144223174779e-09 6.710768449453858447e-15 3.638837447778476425e-15 6.263786147750471933e-13 1.833877409208385384e-18 6.014708587957773300e-13 2.778953824868202194e-14 3.478499621678565745e-08 5.860792953171767294e-06 6.843267272294006887e-12 5.643980291673334715e-18 3.429667303194577910e-13 2.526260179779721282e-13 1.696042763528373808e-15 3.150902316839676587e-10 2.914694965422475967e-19 2.574108986266821983e-15 5.159570548585179495e-09 3.605621010094317569e-11 7.052713524302589576e-09 1.190679833613656519e-19 1.063643095153542603e-21 7.508417681817338568e-17 4.119413490877299466e-11 3.675434845362701708e-09 1.511075241640818221e-18 5.437384538693539830e-16 1.013777297757462675e-23 6.970162189645634498e-07 6.935256294445465183e-17 5.532119901063836664e-12 4.173181249539547681e-19 2.517039077165605931e-10 1.658823961446006968e-20 2.695195455704180176e-11 1.489143877653198444e-11
1.440124890450533712e-07 1.881045172922313213e-03 7.470172050383361295e-12 2.297477111445415775e-17 5.088119792162615340e-07 1.456307269871379151e-13 3.398544700459536861e-19 5.705404898526111879e-11 8.021602084808885475e-20 1.793778240680694580e-01 8.177010193355934086e-19 9.325639729016508828e-23 4.549962351330094634e-10 2.033348746562128423e-17 4.918110460983698973e-16 4.997437359766099263e-12 2.747646393551114407e-23 6.162359492309291205e-18 1.544573711392179254e-16 3.492695282297786363e-12 1.461327246943255886e-05 6.751370900987337252e-25 2.860473922504478560e-20 1.601020747944248197e-29 1.601257646442755256e-12 1.282664946478107026e-12 2.869578079121390320e-20 2.399218970213233592e-16 4.933854421192992263e-17 2.118991288858895761e-13 1.961896018364515937e-14 1.650992981650639679e-13 6.476626457363465761e-10 9.317053261043362036e-19 3.381995128393100458e-09 1.500001778916473902e-16 2.898483909666538239e-02 2.378889152451681838e-14 1.525045753500167728e-19 2.482395148814542374e-12 1.931578508251874382e-11 9.637676531479887954e-17 7.194949984550476074e-01 2.282168323677197241e-14 1.590796013946535092e-18 5.582789162872359157e-05 7.520387090842461930e-10 5.708006668949050357e-22 1.212396585645943332e-15 7.001221925020217896e-02 5.050789861849362319e-21 1.055879550460048222e-10 9.281453210163714829e-12 1.459631457692012191e-04 1.687733508504152269e-08 6.571799104904130218e-09 4.042629065162915702e-15 4.716021369960827743e-18 4.692389812476922806e-17 2.194468475200309749e-17 2.224710182513380680e-14 1.336367552143312703e-20 7.662064342370267234e-13 7.236577472016658419e-21 4.898800574784526333e-18 1.328519837640429242e-20 4.883837846136884764e-06 1.731115876571121774e-22 6.586016454424026279e-13 1.818532710485751269e-13 4.412498896772452928e-25 2.367204433539882302e-05 1.232859387495510717e-11 2.410762208016777797e-22 5.424062383406018574e-21 1.009404961959531333e-13 1.723646907189262639e-18 5.052532810576402883e-25 8.603065091913886242e-13 8.739167565606151267e-15 9.414385503808686551e-13 1.672492656520918608e-12 5.579163348624687976e-15 4.397619213225567592e-10 7.718110595078542246e-09 2.169409137804689282e-15 4.857496783278181240e-15 4.084477981530776347e-13 2.868069379232276025e-19 1.521133445711499860e-14 1.065546508991453700e-13 7.260928303054470234e-09 6.839491106802597642e-07 4.851249957305014959e-10 4.556109986761463880e-18 3.008509240343126834e-12 5.336364827129326527e-14 7.280570901203615303e-15 9.293432690071767865e-11 5.027623352091300656e-22 2.721475524320240980e-14 1.821195305673484199e-09 1.977795704988238867e-11 9.815551038627745584e-09 4.111672486931016677e-20 1.076244573823709266e-22 2.466027734398405969e-17 4.964347509461841668e-12 4.216031523895935607e-09 2.759490860293998246e-18 1.325848512782151791e-17 6.221647844903033246e-25 2.676663370948517695e-06 1.487705798667877249e-14 4.361961312981943450e-12 4.524188363140006558e-19 2.185405719237754063e-12 2.780558581809052730e-20 8.213800733319898129e-13 2.315344443948319508e-11
4.559626540867611766e-05 3.570495638996362686e-03 2.186967829054253798e-10 2.036392936652446075e-16 2.869786112569272518e-05 2.372093632629912463e-10 1.026183145294606286e-17 1.104863645018383522e-09 1.024266423058713724e-18 2.037628591060638428e-01 1.788751770302443161e-17 5.246764216261589860e-21 9.154699398550292244e-08 2.123208996246124351e-15 4.283408344815317625e-15 8.522967887003574106e-10 1.387202687935776278e-21 3.665396774644565851e-17 2.283647836126166328e-15 6.381548622869104292e-09 7.595497777401760686e-07 6.449559522575085667e-24 1.008121201670174022e-18 1.200661560741189237e-28 4.647049238470923882e-12 2.157916380307600690e-11 3.528731648199779725e-17 2.517928594303938533e-14 3.896847579863693678e-14 3.796131161151738986e-13 7.894522573636750251e-14 4.472507364461364432e-10 5.529542477233917452e-07 2.187513664687055775e-18 4.099957262582165640e-09 1.828975339235316966e-13 1.498714983463287354e-01 2.907182415808062803e-13 1.155811715102102885e-19 2.587996277784304633e-13 1.439220298493637529e-09 9.469956563298023510e-18 5.651389956474304199e-01 2.841247853310746585e-12 6.545060429367184282e-15 2.535547901061363518e-05 9.515278565075391271e-10 3.656521605531898350e-21 2.753680394601207282e-15 7.665017247200012207e-02 4.171504657835479263e-19 2.783218100432804931e-08 1.896645340782043831e-10 3.432490484556183219e-05 8.846348009683424607e-08 4.417638699294457183e-09 4.354297008627062851e-16 6.607320739122164374e-16 5.987095686571779901e-16 2.246234136736059706e-14 1.617856998543942826e-12 1.990963117585873962e-19 4.500710568122734401e-11 1.329777329886094572e-20 5.182975579094975055e-18 1.109856434721285290e-17 5.807841444038785994e-05 5.149033311564589808e-21 4.564631658765527789e-12 3.110637095127266605e-11 3.374737831331271886e-25 3.504044798319227993e-05 2.571681756435850730e-11 2.403445365348671868e-21 9.700990047088644811e-21 1.712162009392947937e-11 1.134825625973749728e-15 1.855098399808758030e-23 5.954432368178441681e-13 1.386957091059973224e-13 6.526047931221246046e-12 7.377783106665702917e-11 5.287830178064834019e-15 2.824088873865093774e-08 1.978590402629265554e-09 1.684603248997690317e-13 2.615780550876186522e-14 7.643298320647584632e-12 3.241543390353922833e-18 1.700811583585370990e-12 1.493525442208820664e-11 2.965554131151293404e-07 6.528611265821382403e-05 1.911109936969523915e-09 4.592687417140191232e-17 1.445990950674908015e-14 7.297790843852069997e-13 2.787865424624946797e-13 1.652660008844009099e-09 1.845544151975940817e-20 2.123333843820351952e-12 8.004121809790376574e-08 9.994942373747761621e-11 9.090901897934600129e-08 1.878444970034553393e-19 4.280926241839010502e-22 1.070417505362328747e-16 1.269823413085902075e-10 1.291618634269298127e-08 2.148382107371917812e-17 4.126656374656877601e-16 5.648743398781013218e-22 7.114670588634908199e-04 8.390149863151503355e-16 8.579580379475260088e-10 3.558660366250928351e-17 2.395457616988228011e-11 4.518615621503842669e-20 4.175557469232593633e-11 2.647044250458918668e-10
1.668213400989770889e-03 8.433460593223571777e-01 6.865034235525868667e-11 1.018161859089393819e-16 1.687028657215705607e-06 9.200302325540477000e-11 1.665390231008378006e-18 2.500117994574946323e-11 7.099639498754351969e-20 2.709246426820755005e-02 7.832342126680987051e-19 1.712997546491946279e-21 7.520502975921772304e-08 8.297515560712914891e-17 2.531391166561008932e-13 1.088853052860772053e-11 2.302480055209618766e-21 7.879424730159622541e-18 3.891924116154483332e-15 2.596938664112258266e-09 6.531309918500483036e-04 2.476607430655391453e-21 6.737904111103021745e-19 3.912681526790198369e-27 1.260600022805202780e-12 8.540378473864684850e-12 4.505720521988994524e-19 5.611368642422127906e-14 7.748542205001512917e-14 2.654945219834198289e-13 1.699009449839319896e-13 3.627504763584199488e-12 2.242097252747043967e-06 6.299495284522620004e-18 3.905634002876468003e-07 1.456130104460131441e-14 3.481117263436317444e-02 4.644206568794884138e-13 2.776092250787728201e-21 3.294041255041957328e-12 4.424620392295963711e-11 7.204885542751128177e-16 8.525562286376953125e-02 4.532066182841992807e-13 6.044463110506945527e-15 1.206890260618820321e-06 4.204335102286904657e-09 4.090689241236019170e-20 1.897518803867757897e-14 6.246408447623252869e-03 2.115158987434911899e-19 1.449369374517672782e-10 6.166619992420407925e-11 3.441107037360779941e-05 3.371482648617529776e-08 2.000637167043350928e-08 6.000010397918566218e-15 3.577960342826362605e-16 7.473231086155447678e-15 1.202069983469492530e-16 1.030515123646817688e-13 1.212609861836729125e-20 5.363068062563813854e-12 2.801840388006393595e-20 1.789555128113354661e-17 1.194653945318485113e-18 2.127401057805400342e-05 1.497162658273741568e-19 1.391914578388608881e-12 3.586655305436517449e-14 3.078925838710839247e-25 8.145915926434099674e-04 6.630117288519699059e-11 1.248260376885484282e-21 1.076800250171650235e-18 1.964073231852138390e-14 4.417871066483234363e-16 6.449725183365182079e-24 1.757606430188851654e-12 2.169690886373934480e-13 3.077538571205629125e-11 5.993451178062936258e-13 2.589932832270953195e-14 7.691983716640038438e-10 4.232641792611957499e-09 1.703788477490364439e-14 8.767508440988332902e-15 1.304116536982036223e-11 7.806513722246748469e-18 4.024541930183062055e-13 9.869856668065501992e-12 9.565878755779522180e-09 1.956880441866815090e-05 4.154683194701469517e-11 4.064281629427234473e-18 1.434258663441170811e-13 1.155156597817692116e-14 2.965175847913226193e-12 1.884488787240456986e-09 5.320468674558835549e-20 2.648936300343740502e-13 9.417794188948391820e-08 7.088482578687660407e-11 1.772273705569205049e-08 5.414801320966663160e-19 5.058318750328791655e-23 8.950294762874021898e-15 2.677246792315290946e-11 5.517671297639026307e-08 3.434515776429989873e-17 1.425539079436123857e-17 2.586938861078584660e-23 3.114645005553029478e-05 5.965707681137135190e-15 2.907958943088040371e-11 5.307396571317598128e-19 3.063903991629146617e-11 2.284728912745008512e-20 1.749285395355459904e-12 3.441503332313189389e-11
6.662937084911391139e-05 3.722625318914651871e-03 1.056030818347153399e-09 5.135971993698714919e-15 4.981834081263514236e-06 1.019639776257685870e-12 5.471672697096189924e-17 5.682813594698465920e-11 1.044466318373865856e-17 7.219495624303817749e-02 1.173371167183924498e-17 3.998192838852831246e-21 3.641625057060338122e-10 2.769918175018749830e-16 1.549995225180419208e-15 1.188990794709354759e-09 6.186079904500620822e-20 3.959846999980536032e-16 1.812568006115140157e-14 7.659813228144685127e-09 1.845304796006530523e-04 2.082361558874932783e-21 6.523527475419440679e-17 1.527721957376369271e-25 2.867709680831609376e-10 1.655425380109321054e-10 6.328103739598072743e-17 6.895039958909263134e-14 1.161558506714358008e-13 6.956269870024567314e-13 6.919465678602645942e-14 3.868776132787132838e-11 2.158599272661376745e-07 1.693222501156041611e-17 2.256276957268710248e-06 2.342082098058398745e-15 7.238900065422058105e-01 3.591929531587823021e-10 3.251405864797392582e-18 4.031182126388449527e-13 2.971872054002844266e-11 7.736724824837894546e-16 1.620487421751022339e-01 1.346610106409129592e-12 6.865038560137284168e-15 2.979469354613684118e-05 3.382566449161572564e-10 2.034176925042074699e-22 1.044683545399494040e-13 3.145715221762657166e-02 5.397059330803166408e-19 2.192870329764673443e-09 1.227110191237557046e-09 6.819582195021212101e-04 2.661885289967358403e-08 1.096052315574524982e-08 1.690849075133165659e-15 7.601191082947733949e-16 7.211090059089765927e-16 2.156878132383009163e-15 3.535455782299745664e-12 2.825126168484614882e-20 2.262321580071002813e-11 3.459186280518079655e-20 6.473970754049143770e-17 6.087346618459919890e-18 1.090886362362653017e-04 4.089108550784218619e-20 1.826327283849238370e-11 9.558332857845242003e-13 6.094165315434025983e-22 3.113735700026154518e-03 6.839687149984285952e-10 1.025564857513526161e-20 2.672891667604596672e-18 1.076782153025535038e-11 7.909663118162331419e-15 1.102996677277053889e-22 6.145618042241451917e-11 2.809315382049353688e-14 2.224262007216593062e-12 2.022729483908136672e-10 7.298298792569879456e-14 5.038423012138082413e-10 8.646777160947749508e-08 4.891101846454803947e-12 5.037464586091222607e-13 2.257181774822925036e-09 3.219762550228931789e-16 5.241275295719827199e-12 2.761004532642052922e-12 1.380285841179329509e-08 2.485940465703606606e-03 4.693383015563767913e-09 8.961415881954997234e-16 1.828770641865151703e-11 5.559180994366011777e-15 7.125186942194550177e-13 2.108286323299068954e-10 8.485322121145527017e-20 3.188463422866376351e-14 2.080242422763944887e-09 1.244424147062161978e-10 4.258874071183527121e-07 8.155150394705571793e-20 4.836838788618954764e-20 2.906795575861051764e-15 2.623095518572426954e-09 3.298916695371190144e-08 8.776217554342662813e-18 2.903038984739978942e-15 1.436802096470493934e-22 6.673248208244331181e-06 1.509468954994860890e-13 7.717213153235480405e-12 1.114482442296988097e-17 4.459162206149613894e-12 2.206584851376863988e-17 1.216269099324485126e-11 5.922716744127809463e-12
2.690196852199733257e-04 6.023296117782592773e-01 6.638763982991235935e-10 2.746170812249087469e-16 8.247029086305701640e-07 1.039887620457591311e-10 1.311408586264936098e-17 8.519310257248946527e-12 5.180628867697162116e-18 1.059187576174736023e-01 1.186310091761601468e-17 2.180788983575032296e-21 1.510304414864549472e-08 1.976974237147046949e-16 5.926886043582102470e-15 3.770356249432893492e-11 2.196592656918770024e-22 2.722170166775861371e-17 1.314841197209851500e-15 3.154703165364480810e-09 7.141593232518061996e-05 6.591867663294240533e-24 2.773084487986753280e-19 2.139881983391699981e-28 1.075219774326896527e-11 1.606825263122946268e-11 2.067609285404125372e-18 7.698853219436502249e-14 3.317127049927946769e-14 9.830080542963526291e-13 4.930274531732628529e-14 1.091666145501546392e-12 2.874235860872431658e-06 1.475761040134551225e-18 1.262763760223606369e-08 7.693549437933974722e-15 7.984210550785064697e-02 2.976525926776107944e-12 2.547569752910281177e-20 1.463286414780939904e-13 2.285310482519342656e-11 2.313399868398473627e-15 2.091720402240753174e-01 4.563730469919757837e-12 5.220887152540076934e-16 8.116217795759439468e-04 8.552022284780136374e-11 7.888176882651801775e-22 1.915132549074050061e-13 1.284008729271590710e-03 3.897092142511957942e-20 7.032679993912438476e-10 1.090843110285177886e-10 9.342131670564413071e-05 3.828470873656897311e-09 2.146758548704497116e-09 3.363934969389902182e-16 8.067162303729147744e-17 9.027038150180924370e-14 2.738126646228131785e-16 3.445580843211559774e-12 4.424193681595124811e-21 1.392242848785585352e-10 1.182638862577816821e-21 1.438330871743884794e-15 2.200968129581506419e-17 6.064700755814556032e-06 2.410601729727284324e-20 8.621969457833777994e-12 9.662665632903522095e-13 5.089832865884614018e-26 1.301122392760589719e-04 9.649171218983898513e-12 6.649254801348608644e-22 9.183145903062039419e-21 1.239608459283059183e-12 2.620994430419274846e-16 1.187809874210533142e-23 1.480774010353957948e-11 7.560092417542574328e-13 5.968241851249389551e-13 4.858040358879378573e-11 4.204870772319541095e-14 1.783600289684272866e-08 2.705245663037203485e-07 3.344605408600598295e-13 1.571176491048462825e-14 4.172565938598271629e-12 1.252052603593580742e-16 8.787626117230662448e-13 4.519839016947635457e-11 3.305749274318259268e-08 5.101988062961027026e-05 1.264208460138860346e-10 1.591035255259200742e-17 1.211746614913867745e-14 1.282200189664343959e-14 6.911323997913637607e-14 2.058475168098539143e-08 4.693533948020690840e-20 5.436444480352853326e-14 2.096049342981132213e-07 7.592744488693625726e-11 3.021707606354340214e-10 2.736209059006887737e-21 4.346784515392440134e-23 1.650361806844361461e-17 2.214218530749434422e-10 2.264739368262880248e-10 2.169872755994413003e-17 4.284276500646694080e-16 2.568469008269155440e-22 1.642959614400751889e-05 1.901934979544857643e-15 2.507314841859731303e-11 2.317599810129901396e-19 1.070613216136440116e-11 9.885888824683828107e-20 3.534916456771064475e-11 1.300527879832813483e-10
8.600813453085720539e-05 1.159704942256212234e-02 1.025096785234325125e-09 1.840009340448271605e-17 3.330404433654621243e-05 1.835816360040709583e-10 6.080013745047698555e-17 1.820968043020343430e-09 6.179850200512330833e-20 4.246063902974128723e-02 1.340343198655918495e-17 3.906335562739811248e-20 1.146487882408564474e-08 2.822094610476226680e-15 4.048206268900816918e-14 4.560319569885118440e-12 6.878750771253582674e-21 2.459878970033054293e-15 2.018522500229070864e-15 1.582552933143688279e-08 1.304447214351966977e-04 2.658058615988784980e-23 3.540081959486351533e-20 5.673504578533027512e-27 1.140162547708101215e-10 4.093840821894900728e-10 1.740876872553589067e-17 1.607071206254258311e-14 2.142243847591540629e-12 4.150032748007070893e-12 1.159802234720203051e-13 1.601232688108744640e-11 1.402167413289134856e-06 3.764983695567785023e-17 1.906849078636696504e-08 3.691476310285594920e-15 6.896792650222778320e-01 8.924291969476805253e-13 9.330930766782587612e-20 6.924483230731637295e-13 3.311646790127298345e-10 1.342566194936084534e-14 2.389918118715286255e-01 2.700225459895122526e-12 1.674946772702295018e-15 3.699612989294109866e-06 7.620023501075934291e-10 3.708628329567770469e-21 1.090206534938705993e-14 1.498744357377290726e-02 2.758680947076732262e-20 1.057281053817860084e-07 2.324694048372322186e-10 1.043724478222429752e-03 5.300843213262851350e-07 1.653422465608400671e-08 3.981325055605385715e-15 3.808245572476553391e-17 2.538854627969150748e-15 3.256819976973511412e-16 1.366170891692330969e-11 3.524372830301689202e-19 2.602719706423783919e-10 5.775523670861557348e-20 3.032300659413958259e-15 1.631993434162008928e-17 1.799860619939863682e-04 7.201454575414089917e-19 6.219429918991048467e-12 5.478892686761049902e-11 4.304983170455231329e-24 3.214926691725850105e-04 3.941312831656773596e-10 3.721852960390318694e-20 2.310890341386330650e-19 1.440886797897389382e-12 1.642599510888939347e-16 3.663153552851204154e-23 1.163159932954238585e-11 4.675038025973854428e-13 3.103645595733950380e-12 6.786722650531373802e-08 2.616776322808978678e-14 3.204775467224862950e-08 6.819015130332672925e-09 9.576212435871700457e-13 1.091548997456809333e-13 5.947463355138182806e-11 4.870668989332210415e-18 2.333057184944475893e-11 3.991247263246400223e-11 1.033223497870494612e-07 2.110287168761715293e-04 4.404547213066045686e-11 5.552811339689883941e-18 6.316636450010015835e-12 2.192886714227904044e-12 3.235174443876748240e-13 3.142708315806430619e-10 9.065436809426036467e-20 1.815408852976277410e-13 1.333503973910410423e-06 1.389319631561747315e-10 1.017508122203025778e-08 1.748507141952947651e-21 1.395276281714817103e-21 4.674391129971377373e-15 4.643846505253401702e-12 8.283049801605102402e-09 7.343581761559201510e-17 5.435474479397481382e-16 4.398660324064135959e-23 2.705257502384483814e-04 1.924025005886186718e-14 1.740507044045713769e-11 1.272696517053842151e-16 1.031442986576536214e-10 2.178114152892674299e-19 6.414111908270569984e-09 3.761822797709868382e-11
1.277159117307746783e-05 1.174528803676366806e-02 8.958818929760692384e-12 3.770610591684676993e-18 5.205980869504855946e-06 4.991719277508410713e-12 8.464295706962311899e-19 8.578524696156719642e-11 7.104252581632983635e-19 5.502203106880187988e-01 9.877290075421186246e-18 1.824165238894433418e-22 3.270209658623457472e-09 3.757617486776877801e-17 1.367217310096731711e-14 2.244198993306412149e-10 2.818239284039935716e-22 4.602280991710132243e-16 2.720519732342559227e-14 4.925422049384398093e-12 1.185461151180788875e-04 2.781135037813466278e-24 1.436993152775722200e-19 2.937368647351136119e-28 1.499619733946744304e-10 1.022177308074301294e-11 3.655770212111796226e-19 3.402519914175736529e-15 4.362090116200034728e-13 9.359486926804883034e-13 1.085040057476928388e-13 2.350562799957600646e-11 2.025245606773751206e-07 1.035241145233337588e-18 3.222956346249361559e-09 1.090797509826005318e-14 1.203660666942596436e-01 2.226760984803954901e-13 2.043587055686790468e-19 1.240795796187202371e-13 9.073798136471911135e-12 7.778490828326922019e-17 1.604824811220169067e-01 2.007495732148090184e-12 1.391121649247343975e-16 1.914966014737728983e-05 4.466009506653989547e-10 2.880970008094089917e-22 7.961953532490773176e-16 1.566737443208694458e-01 1.905049618850187635e-20 7.342028651713405907e-10 7.848443006608363248e-10 2.470288200129289180e-05 2.787493436073873454e-08 5.927664137317378845e-09 1.253929787423373882e-15 3.215949181430613328e-17 1.593140264482025687e-17 3.854791356417157280e-17 1.809234012606353303e-11 4.031638497516477773e-19 3.545008953054207268e-09 1.239511810996742289e-20 2.355774402194376761e-18 8.378937905577199282e-19 1.847285375333740376e-06 2.426531580426179067e-20 5.542748898745841757e-11 2.840887247668177906e-13 1.090857505708618956e-26 1.177566955448128283e-04 7.765750542620963870e-11 7.744865216197897155e-22 1.303977469645337605e-19 6.058920184147387200e-14 7.326282834147206536e-16 4.644575405036664942e-23 6.792542917022359461e-11 1.052549228872969034e-14 2.787955630245697591e-12 9.644464914193573435e-12 2.868830458022282592e-14 9.949431500899663661e-09 1.755306726636263193e-07 5.423104304356661173e-15 1.286598865640753431e-13 6.007505961875408973e-14 4.600274814026895134e-18 6.313013913711307268e-12 6.006420946551294104e-13 5.671045855137890612e-10 1.730269432300701737e-04 4.569657846564822989e-11 1.559961098854819311e-18 2.042377497592923197e-13 2.753155403580499067e-14 2.456940866848913302e-14 1.533358995331468577e-10 1.782263017580108571e-21 2.178581615238858737e-14 1.259344006854234976e-08 1.006287674715222735e-11 8.397507578195018141e-09 4.030437211547200567e-20 8.715657767219792776e-23 1.164611857201302419e-15 2.421688960474455143e-10 9.072106260665790955e-11 5.143695460141822568e-19 6.762969792973940494e-17 6.054618519186720725e-23 3.861040022457018495e-05 8.154160872453179720e-15 3.474547689494289493e-12 7.363849671800220815e-18 1.325184666861600746e-11 1.306895042294562971e-20 2.950301244628028563e-12 5.873577665904683442e-12
2.090778980345930904e-05 4.012263938784599304e-02 4.438043335608377049e-11 2.819536107754375663e-17 2.849534439519629814e-07 2.111135159917065796e-13 3.218853929549169853e-19 1.227795087821448305e-10 3.811970087601422938e-19 7.183481454849243164e-01 6.068089026619072853e-18 1.679634056589929531e-22 6.898129290000554192e-10 7.834110949023355132e-18 1.029630634902635802e-14 3.444518628659132276e-11 6.559000404766931253e-23 2.119619093599009540e-18 1.016276694621050768e-15 4.754999866074527404e-11 1.626633405749089434e-07 4.689810819266481855e-24 5.453109606097642409e-19 4.941958204936075366e-29 4.331855013584018366e-11 1.776596578184630459e-11 5.387276886083961165e-19 2.468107101022241770e-16 2.894531673808958816e-13 1.517725154538338006e-13 1.116024522687490694e-13 3.303721185510255509e-11 1.320500864210316649e-08 1.910859179710786042e-18 3.230952572153000801e-08 4.877507407261472052e-16 4.990305751562118530e-02 1.830100063463999116e-14 2.379686944854430292e-21 4.023943992684936299e-13 6.153688114629574102e-10 2.686104264887936811e-16 5.535925552248954773e-02 2.352458072091279107e-12 3.490267815890512942e-16 5.070578481536358595e-06 1.662465026752713015e-10 2.748737331385049890e-21 3.757564531335806646e-14 1.358471065759658813e-01 5.701070436395366441e-19 3.079079213819113647e-10 6.508692890205836079e-11 2.235485735582187772e-04 2.409038968309573647e-09 2.003612387113662408e-08 5.721752557328121675e-17 1.744243828518924911e-17 4.736327703733916872e-14 3.466516747351706344e-16 1.707552328700234767e-11 8.320384407265727359e-21 2.058926596923416064e-12 9.280886703230234563e-22 1.488583854196824739e-15 1.438539334286342805e-19 2.017013912336551584e-06 1.660604964507571032e-21 2.525019429655550596e-11 1.376735639553594570e-12 2.267730802148823308e-25 1.342944451607763767e-04 1.772345638306749294e-11 9.903870632601479882e-21 6.940445358694254008e-20 1.344019025847215110e-14 4.320341840051802104e-16 1.916444878078084712e-24 2.929956277597511871e-11 4.851067803208521101e-15 1.222449658860869093e-12 4.494073949784516131e-12 8.855036590592856027e-15 3.113608676441614875e-11 3.809496718076843536e-07 2.193496306899384019e-13 2.403104570804920348e-13 1.134313671637132703e-12 5.833665627431238533e-18 5.170494024250849030e-13 2.430867356364996290e-12 8.740348107494355645e-07 7.971214472490828484e-06 2.047278735428648133e-10 1.280367434366995532e-18 1.512881074756944333e-13 3.409237478370526209e-14 7.474321048151974511e-14 1.895856138744989039e-09 1.471534316841054312e-21 5.816120815619078496e-15 4.214527038470805564e-08 4.878189865942239578e-11 3.502677925482089449e-09 1.478681472373003580e-20 1.742250111822900805e-23 8.084707135393642483e-17 7.141208180350133716e-10 4.087047589251824320e-09 9.644174035191491987e-18 6.970779234979309935e-18 3.811712785155511363e-24 2.417181167402304709e-05 1.702391275468044789e-15 1.067444830443742276e-11 4.418724902991026912e-19 1.901764119446869294e-12 3.711000415377108326e-20 3.393288688230411410e-12 1.742254951420108000e-10
3.968062173953512684e-06 3.490015864372253418e-03 5.126267813015950026e-11 1.491188004053598882e-16 1.465846594328468200e-06 1.179976429066531551e-11 1.127571086565537164e-17 2.310115293502335021e-10 1.224441985796832612e-19 1.295530702918767929e-03 3.196952771868179909e-19 1.131270381082776940e-20 8.906877724257356022e-08 1.937743211363249484e-17 8.764712385229446456e-15 2.971035223398033054e-11 3.294708241567550798e-22 1.740823436686018142e-16 6.136888698733374611e-17 5.111975842631011346e-10 2.889866266286844620e-07 6.723877224895735091e-24 2.975945880324437706e-19 2.249781083067025772e-29 3.302154556739100855e-12 1.908532359928827304e-12 4.835504959881213007e-20 5.313734986690712286e-15 1.981049059605194396e-13 1.438710126510853171e-13 6.546065095145922608e-14 4.682265859756729043e-12 1.064660004601591936e-08 1.143113587970618931e-19 4.111778295623480517e-08 1.589470772170732248e-15 5.053847655653953552e-02 2.774025956587666125e-14 3.150593022462926330e-21 4.516772155946369161e-13 6.039522723079449040e-13 7.265338813592259627e-16 6.606919765472412109e-01 9.259721895499284372e-13 2.416155360906358825e-17 1.131844419433036819e-05 2.818538735738229661e-10 1.352109232379497094e-22 3.645791932382569053e-17 2.819788455963134766e-01 4.219855109473308334e-20 3.949778726308750265e-09 5.587811463536596079e-12 2.993503003381192684e-04 3.433840323197046018e-09 3.349168276045588755e-09 8.812112560716033917e-16 9.926337816016967026e-16 4.002521716297245680e-14 1.814885482964872002e-16 6.829608927005903496e-12 7.245563206096655850e-20 5.016379672762028008e-11 9.612326625180617157e-21 2.897799635974957866e-17 3.120407028946171265e-19 4.615199486579513177e-06 2.969559981372042977e-20 3.403704401661045154e-11 2.347243710162927322e-12 1.809754275615821004e-25 1.635363092646002769e-03 3.140098250864475915e-11 7.664400394123395268e-22 4.583301791640342990e-20 8.487540504404852970e-14 5.287040690418433808e-17 1.145263134603981003e-23 1.721015257388769371e-12 2.518813235514050924e-14 2.503518919949598853e-11 4.620336058192009432e-11 5.709604338800799983e-13 1.669560378836365544e-09 9.765900976788088883e-09 4.572322473981108026e-14 5.248203012176962459e-15 8.502386078176882300e-13 1.280002440921706509e-18 6.988048594641638189e-12 4.153469235212980948e-11 9.750777962835854851e-07 4.081716542714275420e-05 6.633393279109611740e-10 1.374281310766948400e-16 3.549612318486106144e-13 1.668649756130652362e-13 2.610378059542117768e-11 1.848649233693322458e-08 1.942448328424785332e-19 1.133151994749093637e-15 1.072396393908547907e-08 1.400048913607898626e-11 4.053267055326159607e-09 1.482077274969732504e-20 2.685831884106720098e-23 1.698836741409561521e-17 1.505081823061082957e-11 5.215654574897143902e-10 4.646221388331765609e-18 6.198835675781042066e-18 1.561697205557726065e-23 6.708848104608478025e-06 4.321123757341236230e-15 1.078980741558988043e-11 2.372079217742350913e-19 6.294938181827802737e-11 5.759942948542296803e-20 5.201136396570937848e-12 8.587098254686509335e-10
1.377533917548134923e-04 4.245447367429733276e-02 3.267264903072941706e-09 1.322613616201610038e-18 5.432811576611129567e-06 2.595743620048551747e-10 1.356788068702897369e-15 2.661211917498462753e-09 5.981969185094645759e-18 1.331280916929244995e-01 9.007618021981922093e-18 4.018583002510976768e-20 3.275563820182014751e-09 1.588274338132735549e-15 1.079771146626773426e-12 3.290310024439691006e-09 1.586387916763451723e-19 4.663707490172769082e-17 5.647402440437862547e-14 4.781322893165906862e-09 4.702618753071874380e-05 2.741573616084978222e-21 1.077766376447596857e-17 9.716981015264418475e-28 2.315347635839515306e-10 7.279870456455839189e-11 2.021459679617903756e-17 1.671804242351498937e-13 2.634537119711177766e-12 3.711678317128153104e-13 1.854772981252708619e-13 1.247782210889170074e-09 6.659664450126001611e-06 1.024328192770956121e-17 5.218587872946045536e-08 8.240680205817522974e-15 2.824138402938842773e-01 1.950113247967122376e-13 6.309568276431984498e-19 1.183710789977310274e-13 6.369836602626577360e-11 6.041877542435451776e-16 1.880406588315963745e-01 1.216320880820243033e-12 3.940966137954381165e-14 1.246488973265513778e-04 3.111276236644755500e-10 4.762400934542278515e-20 6.918778701001104814e-13 3.513658344745635986e-01 3.313982491727335402e-18 4.991286495226177067e-09 2.905959917143263738e-09 9.112088009715080261e-04 1.771455693244661234e-08 3.161961359410270234e-09 4.511183635848292628e-14 7.194582048692269656e-17 1.170776139474945590e-15 3.024620213575718308e-13 2.553126460247412410e-11 7.835860132288523614e-21 3.263085801563647692e-09 9.029179802967218015e-20 1.579362016280403411e-16 9.825048656654787230e-18 7.463578640454215929e-06 2.738797489704912291e-18 7.057297996861111589e-13 8.794261430189465045e-10 7.596734461582869791e-24 7.096988847479224205e-04 1.815870717680745372e-11 1.995682829215342542e-19 1.426027064298741859e-19 9.581320925457909032e-14 5.930779774631291684e-17 9.060874027852818548e-23 8.606552428201685867e-13 8.992568517086907409e-13 2.365365715795153534e-12 1.508688063367458199e-09 2.061955071746765511e-13 1.768328705686883495e-09 1.122870756375959900e-07 5.198189968746991241e-13 5.447665972838078297e-13 1.355893088778037381e-11 1.636996718815097172e-17 1.513603044983602430e-12 1.836308882730008918e-11 3.087900495302164927e-06 4.177280061412602663e-04 3.339593601658918942e-10 4.146486474743284840e-16 1.340221770368410503e-11 1.833018545976949909e-12 3.683800226667033328e-12 1.595664578246669407e-08 1.462107131654656389e-19 4.999431858082603597e-13 1.083444089999829885e-07 9.941841620786373568e-12 4.345550337347958703e-07 3.619412263768852163e-19 1.586512750152061731e-22 1.175627520680344595e-15 1.342366995338295510e-09 9.199697004191875749e-09 4.814453533514033087e-15 1.006668482262990019e-16 1.496509400664861875e-22 2.256876177852973342e-04 4.974116279456153311e-15 1.097989754672568097e-11 4.296537815410179860e-18 3.505407075721223009e-11 7.150114059732337718e-19 1.297831703217511290e-10 2.192809933632133834e-09
2.161395059374626726e-05 6.828516256064176559e-03 3.546894999928440484e-10 9.437835072161058063e-19 8.735636356504983269e-07 1.837701518736523099e-11 6.616761980110497619e-17 5.165660434125474154e-12 1.670158436101257507e-20 1.361852139234542847e-01 2.863035209723066583e-19 1.050133979631555060e-20 5.324226060032799523e-10 1.089962856794670731e-16 6.687190948553856096e-13 3.182709304438979814e-11 2.966109733488901872e-21 5.379858626953009043e-18 4.234931537513210746e-16 4.238150455582179177e-11 3.424172246013768017e-05 4.893903729373904198e-23 4.028573017865144537e-19 9.852227038196581629e-30 1.713421071691811903e-13 5.690151583422065062e-13 1.201736233411421458e-20 5.788045590944979491e-16 1.726404257182054258e-14 4.030056978643293750e-15 5.330768988666585717e-14 3.497130699175315938e-14 1.035279410643852316e-06 2.509186472224546632e-19 1.004660958869862952e-07 7.589544909318579353e-16 1.182174659334123135e-03 2.112790067478422830e-15 3.708361757690678185e-21 3.364875440659150473e-15 2.012751537704485227e-13 1.560286077437976081e-18 8.279551267623901367e-01 9.413800508973994841e-15 2.409882056227981165e-16 3.106372896581888199e-04 9.178260235165325298e-11 1.321364104350540962e-22 3.385166326668864051e-15 2.718550525605678558e-02 5.560225682637623506e-21 2.352285727313940811e-11 2.331548731859811596e-09 3.469296279945410788e-05 1.600688051439647097e-06 7.365500209743913729e-09 4.081078431737630158e-15 2.225436628409192510e-17 1.361218606882408995e-16 2.222027618581514470e-16 1.268429399058426665e-13 3.222247643999528221e-22 8.578076942343526579e-13 1.680433873195402253e-21 1.125990923441377116e-17 8.372438850901946713e-19 4.092758899787440896e-06 1.838077716036656018e-21 1.005800152366342903e-12 3.305462643914602525e-15 3.321205175635150041e-26 8.594254722993355244e-06 4.473947728673814683e-14 1.759836471972918701e-22 2.496459781512535456e-19 4.723076466197186421e-15 5.872984466708864627e-16 4.536229856211718730e-24 1.169740573934291428e-13 1.087901504179342865e-14 9.458471332546292132e-15 1.460602905983821032e-12 7.031004078239923641e-15 8.879363910807569482e-11 1.555491291327371073e-09 1.838771478558220290e-14 8.859451326313945441e-15 1.598930203191607780e-14 1.246338671532635942e-18 8.902498557132945689e-14 7.627074319338511543e-12 1.129411120182055583e-09 2.451987238600850105e-04 2.998982659430105002e-11 2.751707090729874255e-18 1.588178481955193622e-12 2.342431075632667517e-15 7.973545326604714045e-14 2.709466428996165632e-09 5.691238490086378727e-20 7.392640983421884526e-15 8.668919804222241510e-09 3.415196456798413882e-13 6.913858374701931098e-11 1.128854157432941136e-19 1.336557439167352814e-22 2.657936614360913581e-17 6.105550093282730018e-13 7.435143611900230098e-09 2.116555175251082498e-17 1.681731804394822482e-18 2.368332014720363010e-25 7.549155611741298344e-07 3.622275412560813090e-15 3.543301069219850774e-12 3.801494879119204534e-19 3.514788286806957984e-12 1.000135435246699436e-20 7.605141221097254378e-15 4.471557499274858571e-11
6.625021796935470775e-06 4.240212589502334595e-02 2.215694294704917411e-09 1.017795120293012309e-16 1.538363562758604530e-06 4.485852227870124054e-12 1.414086929291449700e-17 1.307846331233264436e-10 1.107142372413437551e-18 7.886306047439575195e-01 4.740089678808160679e-17 1.379078909981388914e-21 2.972967871883724911e-09 1.930711928002364983e-18 6.634280527283847873e-15 3.157641259576848825e-09 6.241326926027996745e-21 8.601285398399948520e-17 5.168731098812893391e-16 3.823297678451353931e-09 6.865895556984469295e-05 3.829328049169096556e-23 1.351220933903720516e-18 6.746169075911484102e-28 1.975199517834091978e-12 6.390026008329385832e-11 2.190915238161026963e-18 4.198289580429259357e-15 7.562642190001717113e-14 1.092383748426328446e-14 2.970058687922286222e-14 4.026218594632702263e-12 1.414849066350143403e-06 1.579219311081125763e-18 1.199363630632888089e-08 7.790032419856870310e-15 3.407858777791261673e-03 1.414081932061758695e-13 1.388386210524516334e-19 8.050195167592921752e-13 6.075311261011240305e-12 3.700326626679210083e-17 1.271798759698867798e-01 9.979014413841885700e-14 3.010182511578780341e-16 2.538554099373868667e-06 3.274302606826040574e-09 6.665152683617091486e-22 1.434918264937856680e-13 3.772855922579765320e-02 8.385241344962280132e-21 3.549038285477479349e-10 2.512218211236927345e-10 8.252474071923643351e-05 8.543933915916568367e-08 6.374572869560779509e-09 1.847911641685451994e-14 3.914486334247149117e-17 4.315063236603631711e-16 1.220942512809028782e-15 1.364692863922711830e-13 1.203658426671584234e-19 7.251275860147010643e-13 6.777015633845229733e-21 4.883492753825007752e-16 2.822833249676012031e-18 8.186999366444069892e-06 1.583542165040263555e-21 1.029011858361128517e-11 1.930605435446815926e-14 1.026133255698223328e-25 1.596109796082600951e-04 5.730473734422147913e-11 4.581606798398819535e-21 2.583823237389147742e-19 3.357107343851528647e-13 5.571932281293537218e-17 1.956948704598385997e-23 2.876904010157277369e-12 8.912937221768318236e-15 1.225231531900086712e-13 1.473774921545434324e-11 2.165532770930918781e-16 1.817442640827948708e-09 9.984865378953600157e-09 1.419818818450876291e-14 6.411968937573842009e-14 5.239451450825272083e-13 2.888923119462620698e-20 3.655562452135191487e-14 1.170561694449623324e-12 2.409936250558075699e-08 2.917903766501694918e-04 1.563623008848935569e-09 6.379412098633511943e-17 1.304662758036534420e-13 3.942528829038770624e-15 3.016224769947228879e-11 6.722108980561358749e-10 8.866687926449418413e-21 7.159496519942853965e-14 1.015846748941839905e-07 1.118007492140193904e-10 1.066029753360453469e-07 8.454398490933114923e-20 3.389547043346491302e-21 8.330520331851576712e-16 3.524185804293367141e-11 4.583422183457308563e-11 1.282174683384719764e-16 4.174524059390790232e-16 5.228283565524089975e-23 2.768976810330059379e-05 5.002583468626594244e-16 5.193459204355654890e-11 1.205180314921589922e-17 1.688882540762381979e-11 7.410264559578767016e-20 3.751202473645243174e-12 7.462665901902809651e-11
4.415841203808668070e-07 1.778447628021240234e-02 2.687001732226690365e-10 4.914721733624640733e-18 5.017910211790876929e-07 4.179221205213856649e-12 5.382734733942855920e-18 7.891599873577348490e-11 4.420166426767113952e-21 2.256245315074920654e-01 3.100088371174571831e-19 6.902674789429048244e-22 8.646282800839344418e-09 3.184766854617528337e-16 1.349151876100986719e-14 1.570467367262295966e-11 8.293939669264605810e-23 3.969952632436871869e-16 1.374808059381022168e-16 2.121914276231873231e-11 5.237768709775991738e-05 3.611638095841013288e-23 9.062576573964192951e-20 3.684504099771066173e-29 1.232725813787860503e-11 1.281364337551993415e-12 4.440332928542443378e-19 1.477255275571243143e-14 8.060355361676554975e-14 1.800389942381921959e-13 8.451203468594001289e-15 1.153731277181435644e-10 4.751097435473639052e-07 2.883193032564312737e-18 6.931947638122437638e-08 7.747450379532502124e-16 3.370922757312655449e-03 2.542900480841710914e-14 4.520711361133928191e-20 3.149401990283975938e-14 2.641993915308837870e-11 2.107549659922217686e-16 1.000559478998184204e-01 3.614771513799769354e-13 5.381589949062307032e-16 2.188417602155823261e-05 5.092608557077937803e-10 5.438764226324441527e-21 7.064801963384791106e-15 6.523584127426147461e-01 1.257743760270334660e-19 8.323756683914496080e-10 1.280521133573131465e-09 4.850137629546225071e-04 7.256905121266754577e-08 3.137634507766051684e-07 8.729341983418001383e-15 6.571858976866424044e-18 2.533341872850623745e-16 5.088661074308944380e-16 2.832760745809584368e-14 2.206355649968883201e-20 3.705977885681832618e-11 1.117260595107996070e-21 1.351233941318852913e-16 1.214424182343961890e-19 3.318227754789404571e-05 2.458794976659049973e-21 9.240356396711391085e-11 3.350146549063737211e-12 9.369296040929299582e-25 7.864337385399267077e-05 1.745657871726757904e-12 9.194551948227321402e-20 2.745520245037072169e-19 1.152405536448963819e-13 3.173063175392189055e-17 1.608700220417871700e-23 1.152725571246238090e-11 6.166547578557307618e-14 8.643697736732125492e-12 2.085231119719477277e-11 6.934862027078297908e-14 4.418374643933020707e-08 4.204575176913749601e-08 2.696783768518784541e-13 4.824981560125340962e-13 1.729140918990679232e-13 2.355400510095154257e-20 3.913544401740187695e-12 1.682228575189403941e-12 6.428464871532924008e-08 1.678535772953182459e-05 6.503127203405512091e-11 1.216822882043273787e-17 1.018567868937836352e-11 8.860571103870215626e-15 3.207989212813955326e-12 7.722766426354610303e-09 7.528405984331799636e-19 1.173694388206802941e-13 1.029417333597848483e-07 3.463746303666859205e-11 5.594715246637349537e-10 2.319212036842555531e-19 3.165185106430440452e-22 6.023138791362022499e-17 1.484627976111596581e-10 4.197359682045487261e-10 1.447451424734898581e-17 4.337370978888097728e-20 1.881780042206048313e-23 1.155895588453859091e-04 9.690208027266986046e-14 6.460869339530717070e-11 3.455077170352342992e-18 6.950628007179604495e-12 8.783783749556291215e-20 7.560897220815210318e-12 8.888080826885413899e-10
2.584581307019107044e-05 2.730466425418853760e-01 1.539059851785040678e-11 3.966480922318762310e-17 2.481616832028521458e-07 7.984801014826459209e-11 1.350284089821458271e-17 8.132539086602719181e-11 2.401607433035477262e-20 5.533850193023681641e-01 1.033483675944876797e-17 1.321253815285103823e-20 2.562502210423645010e-09 6.323106906953762413e-17 8.812498934794923966e-14 1.080542773312931359e-11 6.020933527445059344e-23 7.455360332094717246e-17 2.200296321281259432e-14 4.034664269347842946e-10 3.968154851463623345e-05 1.895265587826365301e-22 1.236987472255906391e-19 4.466979644446772860e-29 1.134292746535203733e-11 1.749095876815709438e-12 8.818558293261049787e-20 2.551514435338372725e-16 1.100506624983907736e-14 6.555288352205279959e-15 8.460910466169535571e-14 7.921899356118367042e-13 5.758994348070700653e-08 3.852312047967152090e-18 4.879200599106070513e-09 1.823813130819593523e-15 2.092857286334037781e-02 4.314601247893540270e-13 7.345562879805781325e-20 7.637023066893455781e-13 3.081268313415153060e-12 6.542444368109589375e-16 2.275526337325572968e-02 3.164446989493106821e-14 6.104067495516250557e-17 2.649156667757779360e-04 7.837024779133727748e-11 8.245329075786477346e-21 9.541836315215060371e-15 1.241193860769271851e-01 9.395945611965607050e-19 4.504596162746565824e-08 1.393412191186271798e-10 2.086534863337874413e-03 6.742111730018152116e-11 2.857243996956526644e-09 1.892454775040950700e-15 8.561316692945876265e-17 1.826793416244507778e-15 3.830381666822301259e-15 3.595701861258682186e-12 1.340546106706412606e-20 4.724780011677864877e-10 4.238912898422132602e-20 2.934599826092645748e-18 2.287299150316318301e-19 3.087418386712670326e-03 1.782247612956786905e-19 6.285391044441590580e-12 1.363374799341621202e-12 5.801655340734971982e-25 5.129887358634732664e-05 2.471796422057193077e-12 4.090650063248022274e-21 6.242803976565158084e-21 1.694249802302108532e-13 1.275866140812247345e-16 3.935522532077686113e-25 8.286815678104630933e-12 2.026370302837029319e-14 5.140768453287813955e-13 5.740591595831956440e-12 1.673185515919245470e-14 4.927531160880960215e-10 1.969658569578314200e-08 1.417045971394744613e-14 2.142651832869046924e-13 3.071571182079388396e-14 5.851645059789568632e-17 2.710748075659963341e-12 1.409823126297116147e-11 7.076729247046387172e-08 1.804797502700239420e-04 1.715204783758750295e-10 2.841938143975781780e-17 7.105398084142344750e-13 3.577588495362517967e-15 3.762070678852563743e-13 1.518293046842700278e-09 9.223205193840474180e-21 2.400072599429564635e-13 6.387246287431480596e-08 1.697476534334718679e-11 5.987855544731246482e-09 6.037015334211316276e-21 1.849195782795321639e-21 6.601556415218302843e-17 3.318298968935096127e-10 6.779162231573820918e-10 2.159841688907215146e-15 9.436751465558613597e-19 8.185770588624157538e-24 2.831334677466657013e-05 1.080395685829882413e-16 2.700948666112257257e-11 9.275151393138722728e-19 3.315113591625951095e-12 3.078788211907389946e-20 9.502023300134165851e-12 3.113253058129039630e-11
2.119577857229160145e-06 3.332104161381721497e-02 1.438939419007301268e-11 2.454077952397219910e-17 8.863680989179556491e-08 1.799107520947251793e-12 3.122355556276616490e-18 2.117262615231041423e-10 1.788255916884248248e-19 1.598075218498706818e-02 1.038772689461056170e-18 4.396187882525879506e-21 7.312448979668317861e-10 7.592959676323320762e-18 1.579718479508343543e-14 5.607876316093829416e-11 2.802019597009220636e-21 1.224375620062311717e-17 2.942577423926625614e-15 7.525997880453161315e-11 5.989218607282964513e-06 1.824788943880537359e-23 3.167642660838129064e-19 1.023482385500504321e-28 1.255185538839853621e-10 2.753964374255235548e-12 5.641572368910192852e-19 7.835911112411952234e-15 2.981222040066011658e-13 1.698517086527739917e-12 6.909821022652029576e-13 2.972503840292795019e-11 4.106298092665383592e-07 1.991339743258527012e-19 6.449798917174121016e-08 1.572784752505414566e-15 9.152361191809177399e-03 1.435902991561016639e-13 2.064513820455587089e-19 4.356296546366086875e-14 3.121281445112034092e-12 3.949574674087158509e-17 1.315682828426361084e-01 1.154969999847543782e-12 1.143706369379017041e-16 1.079880312317982316e-04 4.203447312445263151e-11 4.261939457944720815e-21 2.749193396381805236e-16 8.092575073242187500e-01 1.374496135517389074e-20 1.910117550241174911e-11 1.202384997123218113e-10 7.230445771710947156e-05 5.360179855529167980e-09 6.173292987909917429e-10 1.326510876003292403e-15 1.883826090111940545e-17 2.673591100097708236e-15 4.204703578603664936e-16 2.958858852375456649e-12 1.141447077530266003e-19 4.156534057914162972e-12 6.964734741900049397e-20 1.496164421880391402e-17 1.980054285516918775e-18 2.348043835809221491e-06 3.054181398141527332e-19 7.007352337273786702e-11 1.861947445183642635e-12 4.551607910698097134e-24 4.746079503092914820e-04 2.454502052995355399e-11 1.532671971006994509e-19 5.513387291310147227e-19 3.721308471874712476e-14 7.667012954487681560e-16 4.477848706085117831e-23 4.351095005128424731e-12 4.788847812221830313e-14 1.963535931071014318e-11 1.045901733276455303e-11 8.224101060534325103e-14 6.939800401006834818e-10 9.136108928942121565e-06 9.940159996111794238e-14 7.450144356145084468e-15 1.781096022621456165e-13 4.635274976413606373e-17 3.598662817391740099e-12 1.039031491054109857e-12 1.097856383580619877e-07 6.993990155024221167e-06 1.080695533062225877e-09 3.643088375268500737e-17 1.056286026528130417e-12 1.986371713001786748e-14 1.425560515987134291e-13 4.290534594275641211e-10 1.468371603078067748e-20 3.150394035271800175e-14 1.968661500484358839e-08 1.734897989158490361e-11 2.084545869251996919e-09 2.270037248025529083e-20 8.265353243325568872e-24 6.675133773362870032e-15 1.089378726115697305e-10 7.146790381717949003e-10 5.850200471567806025e-17 7.696161211087274153e-18 4.802051605469228379e-23 3.784082946367561817e-05 2.475798022540456889e-14 1.440988300904777475e-11 2.038471806967914344e-17 9.564702816659137463e-14 1.021864704150166008e-18 3.092589379027899099e-11 2.893386363833627684e-10
7.388598987745353952e-06 1.285082940012216568e-02 1.109929717579838382e-10 1.006304258095670669e-16 3.147084498777985573e-05 5.485095017077057378e-11 5.213251630285334698e-18 9.978659608680939819e-13 2.979032814972909036e-19 2.017648369073867798e-01 2.115369659997171499e-19 8.366632204560537848e-21 3.623065847335737999e-09 1.314868021022755370e-17 1.137467246450528033e-14 1.393892726936352133e-11 3.409928482834113803e-21 1.597595856307930319e-16 1.667357886890488521e-15 3.182010210878161161e-11 2.058858854070422240e-06 6.739843769617408370e-24 1.184046491335834794e-19 1.132858763714799111e-27 1.551612571065730251e-12 8.043237603727604323e-11 1.311435821186604406e-18 2.312725841930696018e-15 2.861250529583893309e-14 1.083561205713658160e-13 6.964041041561787673e-15 4.155954958428784152e-14 2.503516896013024962e-07 8.408074308678613991e-19 2.424188210170541424e-07 2.391505941135095136e-16 1.865606904029846191e-01 6.111055400864068288e-14 5.928351347482481308e-21 1.020734535848825952e-13 1.527664713479870429e-12 1.646221933314656068e-17 5.957066416740417480e-01 6.953519791214057832e-14 2.461056345829737771e-16 2.334823511773720384e-05 8.901795967020120770e-11 2.130609049144718877e-21 1.958139797820357539e-16 6.523432675749063492e-04 2.480279353249173966e-19 1.387677472930448630e-11 8.160461889561432258e-11 2.162452321499586105e-03 3.107934674062562408e-07 5.925618218327599607e-09 2.698482222043959919e-15 1.468610539367882519e-17 1.224502422879749156e-14 7.453132900141234453e-16 1.353895511327363188e-12 7.136078258765733342e-21 7.731930547205667636e-12 1.696291391029086746e-23 2.895332652516079716e-17 1.661515013915658954e-17 1.422508603354799561e-06 1.841849708097511841e-21 7.237882515553906160e-11 2.863631369792035697e-14 1.802483073481462768e-26 2.107395994244143367e-04 2.605782777054255206e-12 4.957592698546848466e-22 6.279599377436346255e-21 9.976194810567065585e-15 6.086132896347120833e-16 8.446985311309085956e-24 9.761974757195590602e-14 4.689462793777687821e-13 5.367788678822815740e-12 3.303468392931718789e-12 3.305354223697353974e-15 5.064356572992423366e-11 1.129584802583849523e-06 7.359760011442419841e-15 6.135107282566180410e-16 2.921686626832019178e-15 3.479590254215045691e-18 2.418571766471533380e-11 1.027492153859999036e-11 1.813576311349152093e-08 2.165471232729032636e-05 2.219780054213416065e-10 1.272058727714339265e-16 2.026391858131471047e-12 1.740402154261789375e-14 7.856518712510973668e-13 8.145697449890576536e-09 1.235786670962769353e-20 1.006064060727653031e-13 1.389811821184139262e-08 1.722475807819368043e-11 9.951703905386466431e-10 1.077083103935877889e-20 8.222913915019871626e-22 1.310662677801927630e-15 3.564035525038811159e-11 6.876312297343645241e-10 1.656034301292520417e-18 3.235847507373943940e-17 3.739800225035563927e-24 2.035642864939291030e-06 1.032575845222599850e-16 1.470523030601411651e-12 3.323948777337680556e-18 4.797121033739415452e-12 1.657633241416585420e-18 1.444387253031476082e-12 2.683071820275273467e-10
3.074098231081734411e-06 1.030271057970821857e-03 2.220566265587198274e-11 5.562522440081256486e-18 5.997972039040178061e-07 5.775472548125160088e-12 3.149327227714979926e-18 1.335547557962390997e-11 2.596033812635365578e-20 6.010246649384498596e-02 2.775372521259863239e-18 9.565801552743952345e-22 9.339332640578845712e-10 1.192176373947766285e-17 4.005669629542421561e-15 1.839931332292543686e-11 2.927773314927469800e-22 2.373341981325716708e-17 7.233460728622344033e-16 3.921974411902340307e-10 1.462802465539425611e-04 5.215331021662994616e-25 8.877050302326205756e-20 2.153534178543731951e-28 2.700763571117370532e-11 1.522969944600660597e-11 1.421278659841775346e-19 8.231495827570444596e-15 4.607405901030023343e-14 1.885854651964297829e-14 6.356270337951356805e-15 5.876181973733102248e-14 5.476555315908626653e-07 7.681860912657457411e-20 3.715505680901287633e-09 2.151126143396442023e-15 6.155906710773706436e-03 1.498489883339140100e-14 3.621252480118357309e-22 3.417082697527995538e-14 3.887591637496967678e-12 4.786719239601203938e-16 8.057419657707214355e-01 3.735109010277737340e-13 6.509700903326433056e-18 5.556992255151271820e-05 1.124064816920844478e-11 4.657893207274095734e-22 1.264215816721651203e-14 1.265218108892440796e-01 3.650965197481658115e-21 3.302388085213436852e-10 1.441377989186420905e-10 1.321153831668198109e-04 1.466558985363519696e-09 3.704226037015700967e-09 4.455455982995716602e-15 7.856602817059284507e-18 4.056646189890553492e-15 4.741718231998155080e-17 1.975172548305051401e-13 4.197092617667754872e-21 1.962500648100551359e-11 6.273648766125436218e-21 1.389792138392399745e-17 1.652716945144664784e-19 1.363026626677310560e-06 7.783179067026552663e-21 1.092628001964079942e-10 2.238193761187542985e-13 5.200605191826374704e-27 2.518854671507142484e-06 7.490509948415713382e-13 2.623319100232573117e-21 6.761166239385602843e-20 5.130862098037813901e-14 4.190493674471187989e-17 4.531971387830109403e-25 1.832778069935092624e-12 1.146353469100172898e-14 7.381173851381955808e-14 4.262281846911797345e-11 2.127849678005893849e-15 4.081071591777174490e-10 3.191502884192232159e-08 3.551496323048707049e-14 5.336005685159690703e-14 6.345880038897272479e-14 6.776451632376787815e-20 1.006690824451039745e-11 9.762518484585092082e-13 3.973056195150093117e-08 4.161090328125283122e-05 7.253010258362335705e-12 2.254117792660488659e-17 6.386658237857167908e-13 2.232688047030390033e-14 2.185266128208046554e-13 1.291011919590800971e-08 4.759761065165497954e-20 6.837689729742926770e-14 5.006940568819118198e-07 2.248628019896337094e-11 6.558770193620944156e-10 1.002641517852922348e-19 9.118698794382967067e-23 9.407289525527128644e-17 8.167604613473766761e-12 7.400766111054224439e-11 3.456260659013753236e-18 5.252206046872294430e-18 4.620708891665746362e-23 6.327561277430504560e-05 9.484512725234915155e-16 7.468059157189621544e-12 1.488413543085374052e-19 2.988866749584206950e-12 1.613686815682262308e-19 2.229766718486736465e-12 4.917200674414701211e-11
1.076041153282858431e-04 5.922600161284208298e-03 1.316732573669598949e-11 9.726967700754782101e-17 3.920605195162352175e-06 1.514004026315074469e-11 1.495027834359712915e-18 8.311762389467958201e-10 2.928070217433517001e-19 8.027420639991760254e-01 2.307115089070638632e-18 3.170042217687194848e-22 1.023215201456650902e-08 3.957598921598963915e-16 2.287418826807342473e-15 5.440775607823411519e-10 2.840254284068315405e-21 4.278951955587302492e-18 5.791666524445593617e-17 1.713861171037667219e-11 1.513659208285389468e-05 4.876549775535173464e-25 7.027157280591510074e-19 5.643994878072018663e-29 3.284874108833157891e-11 2.196802852474921686e-12 4.855218289465485549e-19 5.288587002003205736e-15 2.641749395192877214e-13 5.607384199438243677e-14 2.118311663503336800e-14 2.024717372928197534e-11 1.118431924851392978e-08 2.424327305652438637e-19 5.114517307447385974e-07 1.774776784140442293e-14 3.504101652652025223e-03 2.627037042762792041e-13 2.484250369489054022e-21 4.269771791990881193e-14 3.767606365778775057e-11 2.375935357982192960e-16 1.841521710157394409e-01 1.401984539746436997e-13 1.798060232258849394e-16 1.946371339727193117e-04 6.387850665090510915e-11 7.086205992710230601e-22 2.003779044749162512e-15 3.205942222848534584e-03 1.360250534405577400e-20 2.226675094307850600e-11 6.507174243886026943e-10 8.145764877554029226e-05 2.676889820918404439e-09 4.939871289799668830e-10 2.159538451112098106e-15 2.134068540965075719e-16 2.295565589694034334e-15 3.772895181818487200e-17 1.728224984995363478e-12 9.353360286079845803e-19 1.341039779223507367e-10 1.074426129530317240e-21 8.734544195082241278e-17 1.036832433936736475e-18 2.526492380638956092e-06 4.303382398129138748e-22 3.044501066182259130e-12 1.656460450576158205e-12 2.517031062759359327e-25 4.295309554436244071e-05 8.692618673478147429e-12 8.216479536336556613e-21 3.477860619554197310e-18 5.036805717278036113e-16 9.837614291165631270e-16 5.168438368443489400e-24 1.295146281887760153e-12 5.298990345364677779e-14 1.172169132590550333e-12 4.267197706298020421e-11 1.673320532971037805e-14 2.995830472585225834e-09 3.848572127651550545e-09 1.021730511069525449e-13 2.061743923373673959e-14 2.641598148989815487e-13 1.612476417801549948e-18 7.027858790796884247e-14 6.295986952273291415e-13 7.594183415449151653e-08 1.756421443133149296e-05 1.239036512279412250e-10 3.702122932097430237e-17 7.551442977871136719e-12 9.569241558003704906e-14 8.764446416884008606e-14 1.215891032302351960e-08 2.753302205143606200e-19 1.627766592847933180e-14 1.556476947328633287e-09 3.438594201043976284e-11 2.851268332548784201e-09 1.717847750709806500e-18 3.843558279483942180e-22 1.848354765648319102e-17 1.508545233175340172e-10 1.115096193160525218e-08 9.740144357040506811e-18 2.361512802257840880e-17 2.025713236389958464e-23 6.634442343056434765e-06 1.054581904658472014e-13 1.614775153868652779e-11 1.407779615082186922e-18 1.942928673850929933e-12 2.154251801678109410e-19 1.340323078219407549e-11 5.348948714511969627e-11
4.239181580487638712e-04 6.640822291374206543e-01 4.189399493981227351e-09 2.785072454712966318e-17 9.058086192226255662e-08 3.003348611474443430e-11 4.154653592890490406e-18 1.744026277561427918e-11 2.650163432708630269e-18 9.329754114151000977e-02 1.188019791369687321e-17 1.217671900223998214e-20 6.129631024975878972e-09 3.480135779829024412e-17 1.538940687124262796e-13 6.639401473051975699e-09 2.334035016484277754e-20 1.597791388569848054e-15 4.589348107271462585e-13 1.023221618545733236e-09 5.321559146977961063e-04 5.053115297580209026e-22 9.830188756981191744e-18 1.686783525407179554e-26 1.080787976476260681e-11 1.368811314295115267e-10 8.840298926204416159e-20 1.144226179734461613e-13 2.754131524348914922e-14 1.556562496084212821e-12 3.755254132505140294e-16 1.038134855857464345e-12 7.183627531048841774e-06 1.365300504356956312e-19 1.600078292085527210e-08 4.420015700966123048e-15 2.632225491106510162e-02 3.368461976363534838e-12 4.077760796002727482e-19 9.695172317964254050e-14 5.197797921241420482e-12 2.969972163506724196e-15 1.549999862909317017e-01 2.660400383065059104e-13 4.578137863383777151e-14 4.234266452840529382e-05 1.630244828021432113e-10 9.921422048106662659e-20 7.205083324944312057e-15 4.739492759108543396e-02 2.868844344068661643e-19 1.086207096490099389e-10 2.015568441315895853e-11 3.758993989322334528e-05 2.717773028848569083e-08 5.997676311153554707e-08 6.186412279939610195e-15 6.042063889683847722e-16 6.759979369623438789e-16 2.931321838365273658e-14 1.262195426302015200e-12 4.947904264842964434e-20 5.742477326986517028e-11 7.909292929609205256e-20 3.791813800338265927e-14 1.608148298643942800e-17 3.306971848360262811e-05 1.224673450965505409e-20 1.064005480944096860e-11 7.885054913690792144e-13 1.000773115061511548e-22 1.154245529323816299e-02 6.335559854520056433e-11 4.239583690200124823e-20 1.121764056360625286e-19 4.012777252409421846e-13 3.235798736805027814e-16 9.027583466563767673e-23 4.212063437294445711e-14 2.160486416505347229e-13 6.018632315619998341e-13 2.180863822864864687e-10 5.774573256633191987e-14 9.309776949351089570e-09 2.155301048745172920e-09 1.838853071547963403e-12 2.470088749425419783e-13 4.767895800394938988e-11 5.723103012396175748e-18 1.922019943374764228e-13 4.773450515069277422e-13 2.462220649590562971e-08 1.280440599657595158e-03 8.478660135091686811e-11 4.183792188020528380e-17 1.062822464585611026e-12 2.337576204651525824e-13 1.513146704289203281e-13 3.187511410374099796e-08 2.902341643359455913e-18 6.563751820710950202e-13 2.459090353568171849e-08 8.363649399781292182e-13 4.120676067032036372e-08 3.515573438041714948e-18 8.628495452951092081e-21 2.500345969088128492e-16 6.615645808949466300e-10 2.492783757190863980e-09 1.092324358181836119e-16 9.465012967997937093e-16 4.498171656269783626e-24 3.528708020894555375e-06 7.111260873508742225e-15 1.232887403279647742e-10 1.473081285142609123e-18 5.141417673548698275e-12 4.878746925001673576e-19 1.671771401867694351e-11 2.448283763223368936e-12
2.447519727866165340e-05 2.472920268774032593e-01 1.127263726807825606e-09 4.922679541989645881e-17 2.242855089207296260e-06 6.895051370137128544e-12 9.355864368589196956e-18 4.098153240372770512e-12 4.245972367962389848e-20 6.296086311340332031e-01 4.430267277861015291e-18 5.703190603702916420e-21 1.648224809969178750e-07 8.192303480752090110e-17 5.040905843786691598e-14 6.137623187463248087e-10 2.461762204378835529e-20 2.648767317270763269e-17 2.646598489409318633e-15 1.082599965229746886e-08 8.080586849246174097e-05 1.278972360134646648e-22 3.771136316662742727e-19 9.034644498973679927e-29 8.753214299217493277e-12 6.803961283274873040e-10 6.099204252540867542e-18 2.920995151485528130e-13 2.183680347005514943e-13 1.205636458045554124e-14 1.097171398872776038e-13 5.085966370277361648e-11 1.314249402639688924e-06 1.136723359244705369e-19 1.819930020019455696e-07 3.794028706792041197e-15 4.303358960896730423e-03 1.747634799191804394e-14 5.975075048279322550e-19 3.305317174476241071e-12 1.650057174229502266e-11 1.993973367835273104e-15 6.136314198374748230e-02 4.155571828486082087e-13 5.723364566905865015e-16 1.526481537439394742e-05 4.958950472477852145e-10 3.415976736192428477e-22 2.724868230087173354e-14 5.538867413997650146e-02 8.243770906619323258e-19 1.009404920759848778e-10 6.986201062098018610e-10 2.570807191659696400e-05 7.094689280506827345e-10 4.179195656206502463e-09 1.986275320652389209e-15 2.172020116864600663e-17 1.406236729844948311e-14 1.056816114993115209e-15 8.948424466692639356e-12 1.253977778193616918e-20 6.058101936767812390e-11 3.698066671018017470e-20 1.288353524037143868e-16 7.299203542375246889e-19 5.249971218290738761e-05 7.146966508254602736e-21 4.770556519262392214e-11 2.300292931394637419e-13 1.157036957570114468e-25 1.714211422950029373e-03 2.371178947635499412e-11 7.196899782919249097e-20 3.222387412481449107e-20 1.282243896564422281e-13 6.682819300340002325e-17 1.678389297190363193e-23 7.541903213059697464e-11 3.014890312229290270e-13 7.988667778506541861e-13 1.022909448117337305e-11 1.405655512777201355e-13 3.335366205448053734e-09 3.759549827009323053e-07 3.838751199374121001e-15 6.376848918701605307e-14 4.254550271115542515e-12 1.388780206990032998e-18 1.041207593234505513e-12 1.095131884482070106e-11 6.376782835104677361e-08 1.247870386578142643e-04 1.336020599707055112e-10 1.572757893123744356e-18 6.561083273903811630e-12 4.183108801838683610e-14 9.715974769522461862e-13 1.419749366959877079e-07 3.771524574562759804e-19 6.968022350523767061e-14 3.728337816255589132e-08 7.498878904985128990e-13 1.418689499210756821e-09 2.072062715962185768e-20 4.240883409854502272e-23 1.001508886943908855e-15 4.551395926810641868e-10 4.589510993469048117e-09 9.857441049442363794e-18 2.131449223924589804e-16 4.271017643998455252e-22 1.827257960940187331e-06 2.514577604909658433e-15 4.568290190576362875e-12 8.638907227020085325e-18 1.422104534826162947e-11 1.837728749215735209e-20 1.727488846414715340e-10 3.196337292066253610e-11
8.410024456679821014e-04 2.076196856796741486e-02 1.429168694500049241e-08 7.887260446666214861e-17 1.227141297022171784e-06 7.569143228858266070e-11 1.700957301627902462e-17 3.921386132477167052e-11 3.331376600744465322e-19 6.384532898664474487e-02 4.572758237360012392e-18 1.551757911561626856e-21 1.895009260621804970e-09 1.292456736922100911e-16 1.895095679774888575e-13 3.711879068002410520e-11 1.578770972726773486e-20 6.799038705799294747e-16 3.090264447483550116e-16 2.851922253910288418e-09 1.055614120559766889e-05 9.610480204724082373e-24 2.890697938864429788e-19 2.266242969266675670e-28 6.171971267399101180e-11 7.380868832784770461e-11 5.983684318245380320e-20 3.720613227231606146e-14 6.451912029810380478e-13 8.108064323024063991e-14 8.611327796670398271e-13 1.736457158618698315e-11 1.772579025782761164e-06 2.375130738720847316e-19 6.833128196603865945e-08 1.256702532835551889e-13 5.113580226898193359e-01 5.436517121898409854e-13 1.724884472783218538e-18 2.212948791227575818e-12 6.923531626484846768e-12 1.348625021607794544e-14 1.751611381769180298e-01 1.652062709724122502e-12 8.403634892369587833e-17 2.423112600808963180e-04 3.805606663132010681e-10 5.316966404769983101e-20 6.984800972066043320e-15 2.255118787288665771e-01 2.021483044885268965e-20 6.630695992271284922e-11 5.266806435422211052e-11 1.817319076508283615e-03 7.385774125623356667e-08 3.546848859059537062e-07 5.785414600731689228e-15 1.336074781259022362e-17 4.151008286016819038e-14 1.620102580507661147e-16 1.658466246279299838e-11 1.410313734587531407e-19 1.472176131001035060e-10 4.779006262221853767e-20 3.100821389682094885e-16 3.436867285475355620e-17 1.616664521861821413e-04 1.103136078212901815e-19 1.314201265173453592e-11 4.440152943669534169e-13 1.111945914746714315e-25 2.766131074167788029e-04 3.636609902102350134e-10 3.297767153857184761e-20 1.994536667079073753e-19 1.652222602439509802e-13 4.193371071862790449e-16 1.012520484563264559e-23 3.959138789380589607e-13 1.301850608651650143e-13 2.148052785991283464e-12 5.600396812965868776e-10 1.298072543551298530e-12 1.152112094615631577e-08 6.720489409417496063e-08 5.700026225758519915e-14 1.743463839552934769e-14 4.036858954753475004e-12 8.433046787974013327e-18 5.948183352116886979e-12 2.591116557426609290e-11 1.184821907251887296e-09 1.094809249480022117e-06 1.841151536785545773e-11 2.656848706419283839e-17 3.016752472828621023e-11 1.269676773657871238e-13 7.506321410798155735e-13 6.346677849933257676e-09 9.521819818352818010e-21 4.802190190503685327e-15 2.499955087387206731e-07 1.911794160480706495e-11 7.034232640812376758e-10 1.098877390527960836e-19 1.074547500513750924e-21 4.901927896526405565e-17 4.282994445214960422e-11 1.752611211713883677e-08 9.771241384988825333e-18 2.754173950111660522e-16 7.291134637837862188e-23 7.187391474872129038e-06 2.135947948256355401e-15 4.638532179884746753e-12 5.501740795080553736e-18 3.554779040570998916e-11 7.151509539275108818e-21 8.643069441573170142e-13 2.162079681955475507e-10
8.106968743959441781e-05 1.336257718503475189e-02 2.415065196437193862e-11 4.757894708406140098e-16 1.309463755205797497e-06 2.198253905294489385e-11 2.085517745665898421e-18 8.805881024365191934e-11 9.937419074918584657e-19 8.202246576547622681e-02 2.026789700612950445e-17 2.150650044033551854e-20 4.347192383846731900e-09 5.242156149845632416e-16 1.038396460289157941e-13 2.116735432766692071e-11 7.575543000785104630e-21 1.983808237931837553e-17 2.611901987010709081e-14 1.522355852490164807e-10 4.841307600145228207e-05 6.868589182565279425e-23 8.328846432620402155e-19 1.855060190591256552e-26 4.481026660840825571e-11 1.356401622965019982e-11 3.435723211970133527e-18 4.809799002765575981e-14 1.767928183948712373e-14 3.035412023187460118e-14 2.327912676806844633e-14 5.864636033747760990e-12 9.722408549350802787e-07 1.257843347646207216e-17 4.234862842622533208e-07 8.308863155228162346e-17 1.060478240251541138e-01 2.763344457770711138e-12 3.992595637227460222e-20 7.579088398546041105e-12 1.239125642371607938e-11 2.279254022118874096e-14 6.749291419982910156e-01 1.620238014934938242e-12 2.746355273525686794e-17 4.455166708794422448e-05 1.153465545300491613e-09 4.133861768421465034e-21 5.065143860978962853e-14 1.232527270913124084e-01 1.813096796914069226e-19 5.630544919199564902e-10 1.242084213259886383e-10 2.388603206782136112e-05 5.881963804910128601e-09 2.623722128447525392e-09 1.955455688053362590e-14 1.635365028956219970e-15 1.184212792523830007e-14 2.709086651027110132e-15 1.367607849883656357e-12 3.647118484515859757e-21 7.641767427180035099e-12 8.672390955378954897e-21 7.056080250415370787e-17 8.243538055276889581e-18 4.264257222530432045e-05 4.897114405879928200e-20 4.871366331149484807e-12 2.359848210939374802e-12 1.394214028441117266e-24 8.245227945735678077e-05 1.375862531544091993e-12 1.565367092511719874e-20 2.650981869763614670e-20 3.324688614692039579e-13 9.141671904669000821e-16 1.728331513120053691e-22 2.820702438982580773e-12 1.612222047487829601e-13 1.875511464882739787e-13 3.724820452077892696e-11 6.435433190168796461e-15 1.778562963572483113e-09 1.297602858496560430e-10 3.571578796601748707e-14 1.867875293456652819e-13 4.175276444029485390e-12 1.461329530180068259e-17 4.261953000261366198e-14 8.695365933363008448e-13 3.466368525550933555e-06 4.826620352105237544e-05 1.894768647536793083e-10 4.142771556981472440e-18 1.231988550889559497e-13 8.560683493466156313e-14 3.239555162754675921e-13 1.154187301288800427e-09 1.448618013062418602e-19 1.458971506974882093e-12 1.040595964951762653e-08 1.460503766537168957e-11 1.256887856015964644e-07 1.679066278686562140e-21 1.667385583708518409e-21 5.619680322623650179e-16 7.448618111194349467e-12 1.287230433355546211e-09 1.899785845199436669e-16 5.565768793113282098e-16 5.248200094570385904e-23 7.620706583111314103e-06 1.175951722540906179e-15 9.218737578864377724e-11 3.017303825277535114e-18 4.316227930623028897e-12 8.940487300490780294e-20 6.507056178606251962e-12 5.904841286069606454e-12
7.167987496359273791e-05 9.429240226745605469e-02 5.487801857384511095e-08 1.996166415545053293e-16 1.707384399196598679e-06 1.809092285698365998e-11 1.048984048007385472e-17 2.286733580270094990e-10 4.653932779592291210e-18 1.267360299825668335e-01 9.975588083513925290e-18 2.743363484680939522e-21 1.380883052348735873e-08 1.237686130714759757e-15 2.037586374311391862e-14 7.572873578221006596e-11 6.091321841688696603e-20 4.893145858929272979e-15 8.136540893084395765e-15 3.695735939501787470e-09 3.266687053837813437e-05 1.099088092372737237e-22 7.854699474469799991e-18 1.942430926964756812e-27 3.243124657714702153e-10 6.713998246254959668e-10 7.564975639212768990e-19 6.909305348993741158e-15 8.423930823731051731e-12 1.163374735088651413e-12 2.144102766426375650e-13 3.215872707018618826e-11 8.206315271763742203e-08 1.290562125223981891e-18 9.938239564633022383e-09 5.256853759667270629e-15 1.824664771556854248e-01 5.644976673602197792e-12 3.786345583188178678e-20 5.213938073064978973e-14 3.200974596495598234e-09 2.722405714727091971e-16 2.912115156650543213e-01 4.759900112949466688e-11 3.782442990139496877e-15 2.112776564899832010e-04 2.023176626231304454e-10 1.558151234136901822e-20 4.398035280688168680e-14 3.042176663875579834e-01 1.156931717651499685e-18 7.237100696499965125e-09 2.399398735253299719e-10 2.129756649082992226e-05 3.780581181445086258e-08 7.058806517079574405e-08 3.462818072108402034e-15 6.699237842882444860e-17 9.437431457652968939e-16 2.515280430497642689e-15 2.788913718021479582e-11 1.179560716723353867e-19 6.440856875622458233e-11 3.144037511095279883e-19 2.832486434189616063e-15 4.411523613334747450e-16 4.821590664505492896e-06 5.343841696742287037e-20 3.749881308245939238e-11 8.750893212101581997e-14 7.643741894064084664e-24 2.736895985435694456e-04 8.049605426663219987e-11 8.281504171977607441e-20 1.891921293176690750e-18 1.816111958085134259e-13 1.249464388544126820e-16 2.470964790641879698e-21 4.708092249394724149e-10 1.083242230046381135e-14 1.198586542516810738e-11 3.411664561969729448e-10 1.403708505903983675e-14 9.121001731671185553e-10 2.366162163980334299e-07 1.607732284976404191e-12 6.995515007112568240e-14 1.021494412493939574e-12 1.234921180255627756e-17 1.735011787018514440e-11 1.894571131921818363e-11 4.483503346364159370e-07 4.168351588305085897e-04 5.179238149466414143e-10 9.495674766595154715e-17 7.903380098810142140e-13 1.268324638023510254e-13 2.685017464441885604e-13 3.427916084319804213e-08 8.103164161158145386e-19 8.696558230492090757e-12 2.391758187059167540e-07 4.108098930477588340e-11 4.538183162594577880e-09 2.114353882204956381e-18 1.665788575826665542e-21 6.289473743247356308e-14 1.239569835664866559e-10 4.034381273498865994e-09 3.473386978647326770e-16 4.235633992524280578e-15 3.975887638985526093e-21 4.069903297931887209e-05 3.155329188035682630e-13 1.537015931196705765e-10 1.006995317866621971e-16 1.240071240138362896e-10 8.833527935902786782e-19 1.421190110040271293e-10 2.980776649813554613e-12
8.806352525425609201e-06 3.294031484983861446e-04 1.850994704732933371e-11 9.272827015617448720e-17 3.831900841078095254e-08 1.237291844501109406e-12 7.224850241666810045e-18 3.459134237729366568e-12 8.998422093553456695e-21 9.684168696403503418e-01 1.489027336949282541e-19 1.578445669208654411e-22 4.338151504690301863e-10 4.212339183576468428e-17 1.488190640326885611e-14 6.106063571431619152e-12 1.145580686459301014e-20 3.438927502868010818e-18 1.372144901768070942e-17 7.717676497875913810e-10 4.432446985447313637e-06 4.671751426563257232e-24 3.546749616834897138e-19 4.404074559491332390e-28 5.246585717960661199e-12 4.053360425082530583e-11 2.567249639840882142e-19 4.092052167085783246e-15 2.754294069971493022e-15 2.825994138407148665e-16 6.970530923300355397e-14 2.338657262637711121e-12 5.372747580167924752e-08 2.692107383426933213e-19 9.120573629672890092e-09 3.070385907700471772e-16 4.356508608907461166e-03 4.561073537628392016e-14 4.057096236986793801e-22 1.493015339994446106e-14 1.989921465453403648e-12 1.343574778242203911e-16 2.376675978302955627e-02 3.826571966735435593e-14 2.801874345838490429e-16 7.294320766959572211e-06 6.097687632600212737e-11 4.688323800682922143e-22 3.292714543948541128e-14 3.091301769018173218e-03 4.012127277882655199e-21 1.241505648286178598e-10 7.343775587642653591e-11 3.050757641176460311e-06 1.979179131694763782e-08 3.664192282926137523e-10 6.849753612376063903e-17 2.040553861928740943e-18 2.513540413065745542e-15 8.579992710641649520e-16 8.796379558995495729e-14 1.161508825645575789e-22 7.507742257745197989e-14 6.679182543262010972e-21 4.455787247324348163e-19 1.627877176638791924e-18 3.536130677161963831e-08 2.613223175063843017e-20 1.964768679783152061e-13 1.191482791606818942e-14 3.182855797783378737e-25 1.144667180597025435e-06 4.170154889807098364e-13 1.021543176461127232e-20 2.789496171392460161e-21 1.522876168354872300e-16 4.326600619438623332e-17 2.556846878324715318e-22 1.974271677943669617e-14 1.775971100596070856e-14 5.133009902541507685e-13 7.586248296220787779e-11 1.309605898321109484e-15 1.394877546800898926e-10 6.388191642336948917e-10 2.188506469688426825e-14 6.919221034311655218e-16 2.877560657203043215e-14 1.983665445878595587e-19 1.995252514640569186e-13 1.647715275852890127e-12 3.137758275428836896e-09 1.287406939809443429e-05 1.423466622352265176e-10 5.341147815056446178e-18 1.002472573268659017e-13 1.474981669734223150e-15 4.467491304736663504e-14 1.532921123370556415e-09 1.068691631271340185e-19 3.758992290071698494e-14 2.272997345897920241e-10 7.859389528075411135e-11 1.227214857513203583e-10 2.004306889881611099e-21 3.788097949967794495e-22 4.128535993706394097e-16 3.871385362893414728e-13 1.985464986864471371e-10 1.107992093697682648e-18 3.551396727855977704e-17 9.587347647539381423e-24 1.422347281732072588e-06 2.531553045145141069e-16 4.093523751306366032e-13 7.647280627149678089e-18 2.708734278544788765e-11 7.442300077246402366e-22 1.905235517962733383e-12 1.415333215210035078e-11
1.342844916507601738e-05 2.839145362377166748e-01 5.558805082905848849e-10 4.800314713974676497e-17 2.121105580954463221e-06 9.789057585363192260e-13 1.127927146460210615e-18 1.099246041413870500e-11 6.885463535794906560e-21 5.215293262153863907e-03 1.438201146662779328e-18 2.770782674159288000e-22 2.235941293227128313e-10 9.597498714766962294e-18 9.946603545148147152e-14 2.993641168291816257e-10 3.265765805857431239e-21 3.491463966619149842e-19 4.153617486307541184e-15 4.479253856715104121e-09 8.023553732527943794e-07 9.536990120008919219e-25 4.123313890829964139e-19 3.842338861501398967e-27 1.144110240575146875e-11 1.521925467595774961e-11 1.283835363235729959e-19 7.785270400627406634e-15 9.814590410999954329e-14 3.960041319926548009e-14 1.210390159411475763e-13 1.365903657540856742e-11 3.454797337099080323e-08 3.519060909052420939e-20 1.222574397274911462e-08 2.796427267537111155e-14 1.325826644897460938e-01 1.035635336169016263e-13 6.740294953878984096e-21 2.963328638461854014e-13 3.367850998081678426e-10 3.210413688771408466e-15 5.189351439476013184e-01 3.567999303129287814e-13 3.523057255372114959e-16 2.619367114675696939e-05 4.607866033179419674e-10 1.158464509175954587e-19 2.600824405423222616e-15 5.067580938339233398e-02 7.520492838549993524e-20 1.108112646780456956e-11 5.608226730235976731e-11 4.112500697374343872e-03 5.495009336442535641e-09 2.045524860605496542e-09 1.369012448197671431e-15 1.057023068964931076e-16 1.023666210052897284e-15 3.365139291422220187e-15 1.286594528832063489e-13 9.706177374258147274e-20 5.066760270892867180e-13 4.047433188195751058e-20 5.074208574646417880e-16 5.215322890539167479e-18 8.806427649687975645e-05 9.619586265966763700e-21 2.960732700674206797e-11 4.263261496758284641e-14 1.495002225699097635e-25 4.422483034431934357e-03 6.987863065965882470e-11 5.771069174015988583e-20 3.330917515504498392e-19 1.040262385780532650e-12 6.370167925154313331e-16 1.765089094421723756e-24 6.873607585888841243e-12 5.684971316263906158e-15 1.191688891663544858e-12 7.132484186600507314e-11 2.109413243579251473e-14 6.568688926122945304e-10 5.953881441200792324e-07 7.459272321997875710e-14 4.356454975408541319e-13 7.585621583997004258e-13 2.084268909736096488e-18 6.688228963713793718e-12 5.786941021865277257e-13 1.533634019779128721e-07 7.365280907833948731e-06 9.448159615788043197e-11 6.823036505771213662e-18 1.062705696011634338e-12 6.240104597323228863e-14 3.627257457068655544e-13 1.395414450655607652e-08 1.253176527754562867e-20 5.734198245356189605e-14 3.722643970860417539e-09 2.290109213376467778e-10 5.646316481033863965e-08 2.454263860593656350e-21 5.663754664500900061e-24 2.990550140745997778e-16 1.360394991101188111e-10 2.129997511701731128e-09 4.043642976835668901e-17 8.660997912458926482e-18 2.104532747051658991e-23 2.827983053066418506e-06 1.549968649521699104e-16 4.405326381462515428e-10 2.191537484776819978e-20 3.455205522737148094e-12 9.724818664843854021e-20 9.072590768932631278e-12 7.520251782411335739e-12
5.034577043261379004e-06 1.455304300179705024e-04 4.313547782852644730e-12 2.849160423340104775e-17 3.162990083183103707e-07 3.790638636314014320e-11 1.640021718315203594e-17 1.836135844063280231e-12 7.936672607884710472e-20 2.523302733898162842e-01 4.569559529931269834e-18 7.013786794562514022e-22 3.394321712590908646e-09 2.016046940561601764e-16 1.894600613898811262e-17 1.868000615301568246e-10 1.422390175711957807e-22 9.544947103270855893e-18 8.802854093555850389e-17 1.239687380527598748e-10 1.046683519234647974e-05 2.071792021813547161e-23 1.475773092414570064e-20 1.759193913621403056e-29 2.210537135283185961e-11 4.108613449460563061e-11 4.983670959993692079e-18 1.099522814744517587e-16 3.725007380052077280e-15 8.292522010321275172e-15 1.303223399184429924e-15 3.646175971826898232e-13 5.117257728670665529e-09 9.461960828701932806e-19 1.478382483099949241e-08 6.815725254860204464e-16 9.182875975966453552e-03 9.719761887710953729e-13 3.964619484182121846e-20 1.753473261771956726e-13 4.048834618269880892e-12 7.927062392508796426e-17 7.110359072685241699e-01 1.781497448475818923e-13 8.186560200323011929e-17 1.284492009290261194e-05 1.947999747620166033e-11 3.912065888745015025e-21 1.362949995166155988e-16 2.703139558434486389e-02 4.410014885011299598e-20 4.583282364745144832e-10 1.678265859617056321e-11 2.502133611415047199e-05 1.076074007677618738e-09 3.254257974205643222e-10 1.585356627266799705e-15 5.188132636623936906e-18 9.193694286009195795e-17 6.450734522723590176e-16 6.631500361863051918e-13 3.061654496358255521e-22 4.644456260555207550e-12 5.671555867764811691e-23 4.637822692700269698e-17 1.007732137269059706e-17 6.535975899168988690e-06 1.641978719077048660e-20 4.543353974290065267e-12 1.273101741215698635e-12 1.546292112863821211e-25 1.362121402053162456e-04 2.641883239951070550e-12 7.409929264663966773e-22 9.529071381203295089e-21 7.830598013547004910e-14 5.902004477226286999e-17 1.269992101695964537e-24 2.150565017950203939e-13 2.343185019659018570e-14 3.256704462855329607e-14 6.642314302751639588e-12 3.169946689716334268e-15 2.245661712141355792e-10 2.151653433202227461e-08 7.292115452054923064e-14 8.884711542866963185e-14 2.801474228650031179e-14 7.350228695448463247e-19 4.805707914945500647e-12 2.165017123911816554e-11 2.818041480168176349e-07 7.306586485356092453e-05 3.181601163082525829e-11 6.843695341569725529e-19 1.085689697866154546e-12 1.505082848987388672e-14 1.809066243162182896e-12 9.252146826455032169e-10 6.285688606123344281e-19 1.589304436075715185e-15 6.590892098756739870e-07 3.105296835642645803e-12 5.111989942463424086e-09 6.279331189972120078e-21 3.802013267009275890e-23 1.601115013505975920e-16 5.886557517473245404e-13 4.964735289547661523e-10 1.193529227839596762e-17 1.433100751005777360e-18 2.014648200016785419e-23 3.556952606231789105e-06 4.443171146524332264e-16 1.037743502241283977e-10 1.489297499307221188e-17 4.504201712670664881e-14 8.332419723619660523e-21 3.176029231277688325e-11 5.962465243758430233e-11
1.873080618679523468e-04 5.147183686494827271e-02 1.266930382826103596e-08 1.003814047405192031e-16 1.820055217649496626e-07 4.837272075952636641e-12 1.719401113182119831e-17 1.740510513492665723e-11 1.284786701719522635e-20 5.555953979492187500e-01 7.912908174175156548e-18 1.269357723421812956e-21 4.253204455295644948e-10 3.780095623614638796e-17 9.251428019930313384e-14 7.138686863861209986e-11 1.153138746383916699e-21 8.736498822869704083e-18 2.795607890215584708e-15 1.647260799986227653e-10 1.212510778714204207e-05 4.260465382990893970e-24 9.455988843173241369e-20 4.492375558546570573e-28 1.565984538223763600e-12 2.626641786018790725e-11 2.061283841722280905e-20 1.892246362584278779e-14 2.723890178083637759e-13 9.429398451291093330e-14 1.292204082452286240e-12 7.450484998915152257e-13 9.465624657423177268e-07 2.742597712535345753e-19 7.462602980012889020e-09 1.571684589055829238e-16 1.815108507871627808e-01 4.260499505276404975e-12 2.394462983611977264e-20 2.677658442196140243e-13 5.278828069110730326e-11 9.228617930880523429e-15 1.921888887882232666e-01 1.684256727141342225e-11 2.209171378977868301e-16 9.953966946341097355e-05 1.049812389797288859e-10 1.264289101516973254e-20 2.075231398399393634e-14 1.808983273804187775e-02 5.889662316931657583e-20 3.496189171503516491e-10 1.326023167137757586e-12 3.821878926828503609e-04 7.649352817828969364e-10 1.416890160754746830e-09 9.438637420811622249e-16 1.878241462924350034e-17 2.265334560290054727e-15 2.188521377468298501e-15 1.761133773536815994e-12 4.585033862606589281e-21 3.463964412617898114e-13 7.209530120014594917e-21 5.768818472437898907e-17 1.510631149049453814e-18 9.137719644058961421e-06 2.387595833564138598e-19 1.053588986887898926e-11 2.780554717138512821e-14 2.424196832912181801e-26 3.781288396567106247e-04 6.241046741906064454e-12 2.798556545598043431e-20 5.313059656586289293e-19 1.434135877545136828e-13 4.048880684474354672e-17 3.847879296646726481e-24 1.100765854335217231e-12 5.514499921695052709e-14 9.392601307183293113e-14 4.491490790403673827e-10 6.403142176637094396e-15 6.283446207788756510e-09 6.532853369378699426e-09 3.935513956279494685e-14 2.625295610785872980e-14 5.430147976236143759e-13 4.622923432788903308e-18 3.703344055028257031e-12 1.314337701174839168e-11 1.320868836529598411e-08 4.749156687466893345e-06 1.222614232077035012e-10 1.489124949431442626e-17 3.218497083429250338e-12 3.871350956415097258e-15 3.333357895263233672e-14 2.093064332964189589e-10 4.478704480065585862e-20 1.198063644683921777e-14 2.663103160216451215e-08 8.684164498617974459e-11 6.767779670013851501e-10 4.041484790239214453e-19 2.090270867637295901e-22 2.070247917111914400e-16 3.333695264284841642e-10 1.530796600590633716e-09 3.470105387721206399e-18 2.665724916874794362e-16 4.030837834242372696e-23 6.877771375002339482e-05 7.176510997809293184e-16 4.417251980859404625e-11 2.489858363236479449e-19 2.368779868436310387e-12 4.777059156608086367e-20 1.477870777144563164e-11 1.557506235094763269e-09
2.911690171458758414e-05 7.334492355585098267e-02 2.723363312640003642e-09 1.814575356409613621e-18 6.480705110334383789e-07 2.463717164308265595e-12 1.281075376894249041e-17 6.197160840049065200e-13 5.757650107281876380e-19 9.030101448297500610e-02 2.043475774045007944e-19 8.747662169688971313e-22 8.764583503406697673e-10 1.885722815256524637e-18 3.597519688831180007e-14 1.576008545889351353e-09 6.950978320377541239e-22 1.557487522766459113e-16 1.071432134366109151e-14 1.088755335887370279e-10 1.043677402776665986e-04 2.635657995506384293e-22 1.776549201906060896e-17 1.916462650559611518e-27 1.092662280099965244e-10 3.216777538783688328e-11 7.291630703867323921e-20 2.846659201221311830e-14 9.423942203858060029e-14 2.951039206836730822e-13 9.848667562907531536e-14 4.030249224629134375e-12 1.560535906719451305e-06 5.754177887413714335e-20 1.096536372813261551e-08 5.124976659010406846e-15 6.393656134605407715e-03 5.549888348367615354e-13 2.452166069167910784e-19 7.101705833643945365e-13 1.364216248647687202e-12 1.766925948095741483e-16 7.062643170356750488e-01 9.620110263952597052e-12 5.084450791165498473e-16 3.115045956292306073e-06 7.691876580118162110e-10 5.132862697993066716e-22 8.238732368852016985e-14 1.233339011669158936e-01 1.489823756782806252e-19 2.444002555890278927e-09 3.341992654837255827e-11 2.769798265944700688e-05 1.643893376979121967e-08 9.654309574003150374e-10 7.481356673218458181e-15 6.569932969528155574e-17 4.960650996693651699e-15 3.514757497159325290e-15 7.406819298519384809e-14 4.026283860143389388e-20 1.106550094609470847e-11 1.838625602023437357e-21 1.369830364387363865e-15 4.296308272790196395e-17 3.104441930190660059e-05 1.138020740336706509e-19 3.362388492633705539e-11 2.541885105178387505e-12 7.579586351136595165e-26 7.648008613614365458e-05 4.517568957806972207e-11 1.081017720997631345e-19 5.389533021204699548e-19 2.093626107983054263e-13 3.111752085168615614e-16 1.294600972621741350e-23 8.511980183201206529e-12 1.870364350594136416e-13 7.763916246017465994e-12 6.372862237924437068e-10 3.801412377696551659e-14 1.427266416165196006e-09 3.646858814931874804e-08 4.466221229654232516e-12 2.587773237068633631e-14 1.232471373222021604e-12 1.897050433359978937e-18 5.343397165707974850e-13 6.742230471840082728e-12 1.793871007294001174e-07 8.703887033334467560e-06 1.783705128044488220e-11 2.130635443637960135e-17 5.950919618191718996e-11 8.942640337887921599e-16 2.723316364083849805e-13 8.104214521686969874e-10 1.231950588560312009e-18 7.530972915593958650e-13 1.788505414879182354e-07 1.225720393238649564e-11 9.339309769984538434e-09 3.008320178536114672e-20 3.067381752747904903e-22 1.231176550166212451e-16 5.015269449737402851e-11 2.273090188298354519e-10 8.623800592929151891e-17 1.453871702864514663e-16 7.571935830166342064e-24 7.906284736236557364e-05 1.610081254299356715e-16 1.434688088816638007e-12 1.550644563615634560e-18 2.038205541843307600e-11 1.173778336500696069e-19 2.186905934120630945e-10 1.427346522225869663e-11
1.881225034594535828e-05 4.138569161295890808e-02 7.851062022723453993e-10 5.218665940984800540e-17 1.563303385410108604e-06 1.070713656625699173e-11 8.497852749372847812e-17 1.259487739796449901e-12 1.850139754201783765e-19 9.453393816947937012e-01 6.067861469232559515e-17 1.686615291323228026e-20 7.347977087901469417e-11 1.149081504804672373e-17 1.798900197774950041e-15 7.911381966207997607e-11 1.161369556985924450e-21 2.054625031328880497e-18 6.937257012736659442e-16 8.459266065408144186e-10 2.912749550887383521e-06 2.315002256514254338e-23 4.271306325185474857e-19 1.288642012831308469e-28 4.049843099762640009e-11 2.304934455105156488e-12 1.067308766232910519e-18 6.330800904260367248e-15 5.096519655411156646e-14 1.939844532022286933e-14 3.574697571913539040e-14 1.063479599522354491e-12 1.505841282778419554e-07 5.474894234709838946e-18 5.812349712641662336e-08 8.871774808663548256e-15 3.252059468650259078e-05 2.465100064179270856e-13 2.781947017391920058e-20 1.405866254574478225e-13 4.570061776926204189e-13 4.399623131298069552e-17 1.231379061937332153e-02 1.280392756880174843e-13 1.017583692928443755e-16 6.820760063419584185e-07 1.998426771288031034e-11 1.430275654564096008e-21 6.645970852505378099e-15 7.136424537748098373e-04 3.501476535569706752e-20 1.143779737589056822e-08 5.711237732741736295e-11 4.205211735097691417e-05 7.315639649618788098e-09 1.867260790433533657e-10 5.005439981362090965e-15 1.071772232818246656e-18 8.377575659049513266e-16 1.412802781021297877e-15 3.043165372473843888e-11 1.376160351824011874e-20 8.427471220873172797e-11 4.377663560448666585e-22 4.561085014924827312e-16 2.154042835175863202e-17 1.530446570541244000e-05 3.014066175736517208e-20 4.955244981702522367e-12 6.117611842451631254e-13 5.596293252038662184e-24 1.185847722808830440e-04 9.212439144867801133e-11 2.462863711686723525e-20 8.965998843051622782e-19 8.057089202631942393e-14 4.004498871190638508e-16 4.166147989871311967e-24 1.708881191934963351e-12 7.190038325735181174e-15 1.038737021744062794e-12 1.693262891011571014e-11 4.351008350269788827e-15 1.472062055585254825e-10 6.838831723143812269e-08 1.915854695483561188e-15 1.410499321508051906e-13 4.064231590161782037e-13 4.623799334339535709e-17 7.737919680006477563e-12 2.046091247820402970e-11 1.501655191304962500e-07 1.831025883802794851e-06 4.939384318225492621e-11 1.911472616853055368e-17 5.246404439357421623e-12 2.803815639474478878e-15 5.079604068641309367e-14 1.358431922504621525e-09 1.924221629809378112e-20 5.281136923715630538e-14 3.244365842647312093e-08 9.724518933162951129e-12 7.531210322042625194e-09 4.885039507641214667e-20 5.454597030723687256e-23 8.051535736992387979e-16 1.374533126208277167e-10 4.993799818109323496e-10 1.918310852802582243e-16 2.785148621503770201e-16 6.202692128717773879e-23 1.274917303817346692e-05 1.310342605226983911e-15 4.682019962704009330e-12 1.331101755906717074e-19 1.839158382879735321e-12 7.458181969241227506e-19 9.825627290960259330e-12 3.127235581601439662e-09
1.037461424857610837e-05 7.458404172211885452e-03 5.144784598343221660e-09 3.796854964569453179e-17 1.749033799569588155e-06 9.171450057743335549e-12 5.793400295009504763e-17 1.132843263640381792e-10 1.362238255879890861e-18 9.978378564119338989e-02 9.146126934012088918e-18 3.703506514456547352e-21 6.451635337079153487e-10 3.610539149036784119e-17 1.348611638487227926e-14 7.303688209781000751e-11 1.543680581737338905e-21 8.814319147718080373e-18 2.962959874197937382e-14 8.184886546303005161e-09 4.781445113621884957e-06 3.766963467015491637e-24 2.038185178545907063e-19 1.165080245759878103e-28 2.154686802244287769e-12 1.929445752474334697e-12 2.020505071831986935e-18 1.062732936591218036e-14 7.802515144400556935e-15 2.893086432313035639e-14 1.353198559065835194e-13 2.022209621976855942e-10 1.941395311177984695e-08 2.365427651641658879e-19 3.370397516633261148e-09 2.624664994756642153e-15 2.201621048152446747e-02 2.737910375846808186e-12 8.328715505439071496e-20 4.031591412708562805e-13 3.009901494710476300e-10 6.687574596245447170e-17 8.147226572036743164e-01 7.375749858963553951e-13 2.822216879682162838e-14 3.416520485188812017e-05 6.510492145395119223e-09 7.434234864325618610e-21 4.978364573203107254e-15 5.194785818457603455e-02 4.986125179021742769e-20 1.146087171832732565e-07 4.746144588452239077e-10 3.385465126484632492e-03 3.846555785003147321e-08 5.616400233776630557e-09 4.905431055389659900e-14 2.026078490722277352e-17 2.901175300497782668e-15 1.549048094114623131e-14 5.866493055228794162e-12 5.327501002235243398e-20 1.110510948064587222e-13 2.332495644673426507e-21 2.282661479493978496e-17 3.511516696163571134e-17 1.575145688548218459e-05 2.951851401550475124e-19 8.286595693483833625e-13 1.625482214107076828e-11 2.439026031260776864e-26 4.591944889398291707e-05 2.390988795841764158e-11 6.447408231991143205e-20 8.441853133721011856e-20 4.934261007595586168e-13 1.551056954510022872e-16 1.203287325170969393e-23 4.905092304552383098e-11 5.320602221607281801e-14 3.781686769288583605e-12 5.698687632893495447e-10 2.879596300991993374e-12 4.061962710633082452e-10 9.936346190286826641e-10 3.134278047604160955e-13 5.192050064081570049e-14 4.295916920804554451e-12 9.511596339025575391e-17 1.975100465123613702e-11 3.737074885656888057e-11 2.574301660729361174e-08 2.252122649224475026e-04 1.208906169614110127e-10 4.414032948440988315e-17 3.933455395167123614e-13 3.377796292994804384e-14 1.507255366524351547e-12 3.025583339422155404e-08 8.277530473863085123e-20 4.587829140027810393e-13 7.987194550196363707e-08 7.464009271762606090e-11 2.108961183466817602e-08 4.663118904638028147e-20 2.270133678382583300e-22 3.275031185339478870e-16 9.014161084230920551e-10 4.950182486140874971e-09 1.290853602992330264e-18 9.153287505702715457e-17 1.404260889932530602e-22 3.472615790087729692e-04 4.040268278459799561e-16 2.665994092154733153e-10 1.286400600241742923e-17 3.762692414588375556e-12 1.487463157797990372e-20 2.020536515878745831e-10 4.872598435845532094e-10
2.002614637603983283e-04 5.223950743675231934e-02 8.085607183794252251e-11 5.396031000545155798e-17 1.936497255883296020e-07 4.372734813129497411e-12 1.005392241839494203e-16 1.267486671174822277e-10 6.759539020024346184e-19 4.235215485095977783e-02 2.012914076709618427e-17 1.408259483235044247e-20 1.994699374563424499e-07 4.028495645458597858e-17 7.948560971741958081e-13 6.620464176876339479e-10 7.646829813715836689e-20 1.682810520705485535e-15 1.248650146359843102e-14 6.487894665951898787e-10 9.246206900570541620e-05 2.058178037016085709e-21 5.532064512553711746e-19 7.488665817726798128e-27 6.869027568967567277e-11 1.065048570170201714e-11 2.020954272263633856e-17 8.333635295515104402e-15 3.648547935129753395e-13 2.905331140598543804e-14 3.045610638685580795e-13 3.414974553139771274e-11 8.474307833239436150e-07 4.571483448638491607e-19 1.205251987101974009e-08 5.348451055550403413e-15 7.101371884346008301e-01 3.522312107782921142e-13 4.493470300234510963e-20 7.209017996272215623e-13 1.876255956156924753e-10 1.574168592582991279e-15 2.056275121867656708e-02 8.065314366888232112e-13 2.431302831249772776e-15 5.033859270042739809e-05 2.338139959423557457e-10 3.154106884089464458e-20 4.153529191593119396e-13 1.735890060663223267e-01 4.123898087137579715e-19 1.211610589635370161e-09 2.992112946298419729e-10 3.742068947758525610e-04 2.896735651347626117e-08 6.365885951709060464e-08 2.730991981834290407e-15 1.598902404629070077e-16 5.657675256022162702e-14 9.541115701935183775e-16 1.336249947497814006e-11 2.222190988820445224e-19 2.850608984972247129e-11 9.776489018794861741e-20 8.434660121040736752e-17 1.522322188955033286e-17 7.134364750527311116e-06 2.547336817557316537e-19 2.285091560416674383e-11 9.961385015466728277e-13 5.197178543372953913e-24 3.563807695172727108e-04 1.545404637592895369e-10 1.197479516742783829e-19 2.242133279413333030e-19 2.553702692018045006e-13 9.689629164950832457e-16 3.046617419109549847e-23 3.862280775149967704e-13 3.562201260961378457e-13 8.395806619376777746e-12 5.486304119339813212e-11 2.021796917844919175e-15 2.969311019285214570e-09 8.171007870316771005e-09 3.273226687524471989e-13 3.326764319751263077e-13 4.922505979221281081e-12 3.516196884069396165e-17 3.520231849074573205e-12 1.184863838987748608e-11 8.104080961857107468e-09 1.826526840886799619e-06 2.154952084831851522e-11 1.803051241551647350e-16 2.942801384520077335e-12 2.527756920878837521e-13 1.346847655105121166e-12 1.311369057788169812e-08 5.303033193586380907e-19 1.621168477239365302e-13 4.962004140907083638e-08 7.902474681575899496e-12 2.061822179655337095e-08 1.960585307670533812e-17 1.704384164856632752e-20 1.894539931929074372e-16 3.808869664112535247e-09 2.650274888438275411e-09 5.002744400750669498e-19 1.237186645973675737e-16 1.982419950377141368e-22 3.529865716700442135e-05 1.390969977410226252e-15 2.706506026239896556e-11 2.283994356974015817e-18 1.393855031395219157e-10 3.169655811653929996e-19 7.705468207941379433e-12 3.744674259564817476e-08
4.211554369248915464e-06 3.797152638435363770e-02 2.328667293716168984e-11 6.237442759228790782e-17 3.014372168763657100e-06 3.002055418491189620e-12 3.254946445973303307e-17 2.099612705919184918e-09 2.655654826301428397e-19 3.075263798236846924e-01 4.979467021325544454e-19 1.242122458441238567e-21 3.820181948555045892e-09 1.447655903782321690e-17 9.395180395452740370e-16 3.151263971989948232e-11 1.123385346517100560e-20 1.869943815676483601e-16 8.113321348307903080e-14 1.614737010768863001e-09 7.353952241828665137e-05 1.182562702790583164e-22 1.321004956705347538e-17 4.153567407177426332e-28 2.906561102911098260e-10 1.807956423460765905e-10 9.445403774765918266e-19 7.784696959322115473e-14 1.401926643350426271e-12 2.856288556368768994e-12 1.058110630364206273e-12 5.466056860609080914e-12 1.075177067377808271e-07 7.891060679836405981e-18 3.888225919013166276e-08 5.867372153455299721e-14 1.200821995735168457e-02 2.948732024613681668e-13 7.541139912874170652e-19 1.513003333730722488e-10 6.272393715534008152e-11 3.409192469157291483e-16 5.382801890373229980e-01 4.612513929830308612e-12 7.182539622462477658e-17 8.005005656741559505e-05 2.322521952535794298e-09 1.992318627502952558e-20 5.848308491131215536e-15 1.011097654700279236e-01 4.989903714210490857e-20 6.563746879351128882e-09 1.024200377286454966e-10 4.670567250286694616e-06 2.453742453667473455e-08 6.909217376005472033e-08 2.036249602795902887e-16 3.370130856580389779e-15 3.377776175962307094e-15 3.502218656682883069e-14 1.064478908664734380e-12 5.990200061935726000e-21 8.242673210645534709e-11 2.604586569363479784e-20 1.019572605697935657e-15 4.387580001964756883e-19 2.559956919867545366e-05 1.103865580427339694e-20 3.943202708800441769e-11 3.269851620371633238e-12 4.840259770334436326e-26 2.742841839790344238e-03 2.464829895743037014e-09 2.195650769619710620e-20 1.219279732539648162e-19 6.794782293241541371e-13 4.000736787590298334e-17 3.305072233031472034e-23 2.418338446164014499e-11 3.574767452131687520e-15 1.954962927652736937e-11 1.232947965945641045e-09 1.061347614205983628e-14 6.130095897560750018e-08 1.905436874949373305e-08 5.883708962612288138e-15 2.491092388249259437e-14 9.432113944052300525e-12 6.100251876786665951e-18 7.925169851971669566e-13 5.248538149232873096e-13 5.335507466952549294e-06 1.326050114585086703e-04 1.317431580494243804e-10 5.522804105654991781e-16 9.267370941826169606e-13 4.668340096002782103e-14 8.434867387885347512e-13 2.030207113534743257e-09 2.892730735219778854e-20 5.578297697893253027e-13 1.048537701109353293e-08 4.318147402149197234e-12 1.381645908793416311e-08 7.773460308752165467e-19 6.761481601994138685e-20 1.429857789414263215e-16 6.421310705384541961e-11 1.046491227008061742e-09 5.675837018839834189e-16 6.577185847957698131e-15 8.092636250204135487e-23 3.163600922562181950e-05 2.533275221945586672e-15 7.837213655825792102e-10 1.228281566914787113e-17 1.256262541909913821e-11 1.807644771948549794e-19 2.596846349067760684e-10 9.589058713732612205e-12
9.741071698954328895e-05 8.365543931722640991e-02 5.927590085441636347e-10 9.125143512541211244e-17 8.372444426640868187e-05 7.988094235557297029e-13 1.253641452114172597e-16 1.016476312842851115e-11 7.681960432824905197e-20 3.672679960727691650e-01 9.419686315931338359e-18 1.029363668320804602e-21 1.515650827066394868e-09 1.896806704592490187e-17 3.461458414821469431e-14 1.230148871655956100e-09 1.904133257827843734e-20 4.569475736535218212e-17 5.848469003874720226e-15 4.519961072091405185e-10 1.831295412557665259e-05 5.237451864736749618e-24 2.099700584448732634e-18 6.636170550102779320e-28 1.948907007998101903e-11 2.204906613192947340e-12 6.194329738641130159e-20 1.120360247175260227e-13 1.008061228892007111e-13 7.004913007068944153e-14 8.951289687773866799e-14 2.709895502439607640e-11 2.157473133479470562e-08 7.646438195394581115e-20 1.255752568596335550e-08 9.133923670783992109e-16 6.855214387178421021e-02 2.594883672085018800e-13 1.938433400526606074e-19 1.685983709413807485e-13 4.544038756382207112e-12 2.040248471809670040e-15 4.768501222133636475e-01 6.594557799138867082e-13 3.382753923895524600e-16 2.328187656530644745e-05 5.461127106087815264e-10 2.034553104408782012e-21 9.868824914173110474e-15 3.108013654127717018e-03 4.524561628391421112e-20 1.761387008469839088e-10 1.508952268691743370e-10 1.906427351059392095e-04 1.276457606280700929e-08 3.715528862358041806e-07 3.417516844265110730e-15 4.608921835895724364e-15 8.077312008368520407e-16 1.321965061933615387e-15 1.803684019632476043e-13 2.290166365114580233e-19 4.637176398620580786e-14 1.367462676929987499e-20 1.149805138948146012e-16 3.276423735628905766e-18 7.636206282768398523e-05 4.225148419158794154e-20 1.361303951508130439e-11 1.114868006940605838e-11 1.825824574035458312e-26 2.842203502950724214e-05 5.668844560435815083e-11 1.057991468436598571e-21 1.398695530519826643e-20 1.010669294158579937e-14 5.396766132499143925e-16 8.263087634805774126e-24 8.233085437361897796e-13 8.266660739188885776e-14 2.109721147780518891e-10 5.267403735409459387e-10 1.908513122116529265e-14 2.274310045846661410e-10 1.092380674805326635e-08 9.333182962372940650e-14 4.282339706873237919e-16 1.550039461476089564e-14 2.613408902960755314e-18 4.705579459071684845e-13 2.824526853725806141e-12 1.338015209739751299e-07 3.916241985280066729e-05 9.817404528211781667e-11 1.717509351121211057e-17 1.186554652275739752e-13 2.465729172489855570e-13 1.116166824222629417e-13 5.421460502752495358e-10 1.360548222490868457e-19 8.100497269486472973e-13 7.825019743279426621e-09 1.226785253244377927e-11 5.048706341881370463e-09 1.136832572934956511e-19 6.625848376901163925e-21 3.950574795004739223e-15 6.228558033921638426e-12 4.236712314309443173e-09 8.589852107973240572e-18 8.136778485826100596e-17 3.887976070939933723e-23 8.311325473187025636e-06 2.105475895627234584e-14 1.902516616469895894e-10 8.675670442164392087e-18 2.113925354207957241e-11 3.219712904916517888e-19 5.141601987918020811e-12 6.957891901526735978e-11
