3.043051700224000000e+12 3.043051700224000000e+12 3.043051700224000000e+12 3.043051700224000000e+12 3.043051700224000000e+12 3.043051700224000000e+12 3.043051700224000000e+12 3.043051700224000000e+12 3.043051700224000000e+12 3.043051700224000000e+12 3.043051700224000000e+12 3.043051700224000000e+12 3.043051700224000000e+12 3.043051700224000000e+12 3.043051700224000000e+12 3.043051700224000000e+12 3.043051700224000000e+12 3.043051700224000000e+12 3.043051700224000000e+12 3.043051700224000000e+12 3.043051700224000000e+12 3.043051700224000000e+12 3.043051700224000000e+12 3.043051700224000000e+12 3.043051700224000000e+12 3.043051700224000000e+12 3.043051700224000000e+12 3.043051700224000000e+12 3.043051700224000000e+12 3.043051700224000000e+12 3.043051700224000000e+12 3.043051700224000000e+12 3.043051700224000000e+12 3.043051700224000000e+12 3.043051700224000000e+12 3.043051700224000000e+12 3.043051700224000000e+12 3.043051700224000000e+12 3.043051700224000000e+12 3.043051700224000000e+12 3.043051700224000000e+12 3.043051700224000000e+12 3.043051700224000000e+12 3.043051700224000000e+12 3.043051700224000000e+12 3.043051700224000000e+12 3.043051700224000000e+12 3.043051700224000000e+12 3.043051700224000000e+12 3.043051700224000000e+12 3.043051700224000000e+12 3.043051700224000000e+12 3.043051700224000000e+12 3.043051700224000000e+12 3.043051700224000000e+12 3.043051700224000000e+12 3.043051700224000000e+12 3.043051700224000000e+12 3.043051700224000000e+12 3.043051700224000000e+12 3.043051700224000000e+12 3.043051700224000000e+12 3.043051700224000000e+12 3.043051700224000000e+12 3.043051700224000000e+12 3.043051700224000000e+12 3.043051700224000000e+12 3.043051700224000000e+12 3.043051700224000000e+12 3.043051700224000000e+12 3.043051700224000000e+12 3.043051700224000000e+12 3.043051700224000000e+12 3.043051700224000000e+12 3.043051700224000000e+12 3.043051700224000000e+12 3.043051700224000000e+12 3.043051700224000000e+12 3.043051700224000000e+12 3.043051700224000000e+12 3.043051700224000000e+12 3.043051700224000000e+12 3.043051700224000000e+12 3.043051700224000000e+12 3.043051700224000000e+12 3.043051700224000000e+12 3.043051700224000000e+12 3.043051700224000000e+12 3.043051700224000000e+12 3.043051700224000000e+12 3.043051700224000000e+12 3.043051700224000000e+12 3.043051700224000000e+12 3.043051700224000000e+12 3.043051700224000000e+12 3.043051700224000000e+12 3.043051700224000000e+12 3.043051700224000000e+12 3.043051700224000000e+12 3.043051700224000000e+12 3.043051700224000000e+12 3.043051700224000000e+12 3.043051700224000000e+12 3.043051700224000000e+12 3.043051700224000000e+12 3.043051700224000000e+12 3.043051700224000000e+12 3.043051700224000000e+12 3.043051700224000000e+12 3.043051700224000000e+12 3.043051700224000000e+12 3.043051700224000000e+12 3.043051700224000000e+12 3.043051700224000000e+12 3.043051700224000000e+12 3.043051700224000000e+12 3.043051700224000000e+12 3.043051700224000000e+12 3.043051700224000000e+12 3.043051700224000000e+12
3.019264229376000000e+12 3.019264229376000000e+12 3.019264229376000000e+12 3.019264229376000000e+12 3.019264229376000000e+12 3.019264229376000000e+12 3.019264229376000000e+12 3.019264229376000000e+12 3.019264229376000000e+12 3.019264229376000000e+12 3.019264229376000000e+12 3.019264229376000000e+12 3.019264229376000000e+12 3.019264229376000000e+12 3.019264229376000000e+12 3.019264229376000000e+12 3.019264229376000000e+12 3.019264229376000000e+12 3.019264229376000000e+12 3.019264229376000000e+12 3.019264229376000000e+12 3.019264229376000000e+12 3.019264229376000000e+12 3.019264229376000000e+12 3.019264229376000000e+12 3.019264229376000000e+12 3.019264229376000000e+12 3.019264229376000000e+12 3.019264229376000000e+12 3.019264229376000000e+12 3.019264229376000000e+12 3.019264229376000000e+12 3.019264229376000000e+12 3.019264229376000000e+12 3.019264229376000000e+12 3.019264229376000000e+12 3.019264229376000000e+12 3.019264229376000000e+12 3.019264229376000000e+12 3.019264229376000000e+12 3.019264229376000000e+12 3.019264229376000000e+12 3.019264229376000000e+12 3.019264229376000000e+12 3.019264229376000000e+12 3.019264229376000000e+12 3.019264229376000000e+12 3.019264229376000000e+12 3.019264229376000000e+12 3.019264229376000000e+12 3.019264229376000000e+12 3.019264229376000000e+12 3.019264229376000000e+12 3.019264229376000000e+12 3.019264229376000000e+12 3.019264229376000000e+12 3.019264229376000000e+12 3.019264229376000000e+12 3.019264229376000000e+12 3.019264229376000000e+12 3.019264229376000000e+12 3.019264229376000000e+12 3.019264229376000000e+12 3.019264229376000000e+12 3.019264229376000000e+12 3.019264229376000000e+12 3.019264229376000000e+12 3.019264229376000000e+12 3.019264229376000000e+12 3.019264229376000000e+12 3.019264229376000000e+12 3.019264229376000000e+12 3.019264229376000000e+12 3.019264229376000000e+12 3.019264229376000000e+12 3.019264229376000000e+12 3.019264229376000000e+12 3.019264229376000000e+12 3.019264229376000000e+12 3.019264229376000000e+12 3.019264229376000000e+12 3.019264229376000000e+12 3.019264229376000000e+12 3.019264229376000000e+12 3.019264229376000000e+12 3.019264229376000000e+12 3.019264229376000000e+12 3.019264229376000000e+12 3.019264229376000000e+12 3.019264229376000000e+12 3.019264229376000000e+12 3.019264229376000000e+12 3.019264229376000000e+12 3.019264229376000000e+12 3.019264229376000000e+12 3.019264229376000000e+12 3.019264229376000000e+12 3.019264229376000000e+12 3.019264229376000000e+12 3.019264229376000000e+12 3.019264229376000000e+12 3.019264229376000000e+12 3.019264229376000000e+12 3.019264229376000000e+12 3.019264229376000000e+12 3.019264229376000000e+12 3.019264229376000000e+12 3.019264229376000000e+12 3.019264229376000000e+12 3.019264229376000000e+12 3.019264229376000000e+12 3.019264229376000000e+12 3.019264229376000000e+12 3.019264229376000000e+12 3.019264229376000000e+12 3.019264229376000000e+12 3.019264229376000000e+12 3.019264229376000000e+12 3.019264229376000000e+12 3.019264229376000000e+12
3.005582409728000000e+12 3.005582409728000000e+12 3.005582409728000000e+12 3.005582409728000000e+12 3.005582409728000000e+12 3.005582409728000000e+12 3.005582409728000000e+12 3.005582409728000000e+12 3.005582409728000000e+12 3.005582409728000000e+12 3.005582409728000000e+12 3.005582409728000000e+12 3.005582409728000000e+12 3.005582409728000000e+12 3.005582409728000000e+12 3.005582409728000000e+12 3.005582409728000000e+12 3.005582409728000000e+12 3.005582409728000000e+12 3.005582409728000000e+12 3.005582409728000000e+12 3.005582409728000000e+12 3.005582409728000000e+12 3.005582409728000000e+12 3.005582409728000000e+12 3.005582409728000000e+12 3.005582409728000000e+12 3.005582409728000000e+12 3.005582409728000000e+12 3.005582409728000000e+12 3.005582409728000000e+12 3.005582409728000000e+12 3.005582409728000000e+12 3.005582409728000000e+12 3.005582409728000000e+12 3.005582409728000000e+12 3.005582409728000000e+12 3.005582409728000000e+12 3.005582409728000000e+12 3.005582409728000000e+12 3.005582409728000000e+12 3.005582409728000000e+12 3.005582409728000000e+12 3.005582409728000000e+12 3.005582409728000000e+12 3.005582409728000000e+12 3.005582409728000000e+12 3.005582409728000000e+12 3.005582409728000000e+12 3.005582409728000000e+12 3.005582409728000000e+12 3.005582409728000000e+12 3.005582409728000000e+12 3.005582409728000000e+12 3.005582409728000000e+12 3.005582409728000000e+12 3.005582409728000000e+12 3.005582409728000000e+12 3.005582409728000000e+12 3.005582409728000000e+12 3.005582409728000000e+12 3.005582409728000000e+12 3.005582409728000000e+12 3.005582409728000000e+12 3.005582409728000000e+12 3.005582409728000000e+12 3.005582409728000000e+12 3.005582409728000000e+12 3.005582409728000000e+12 3.005582409728000000e+12 3.005582409728000000e+12 3.005582409728000000e+12 3.005582409728000000e+12 3.005582409728000000e+12 3.005582409728000000e+12 3.005582409728000000e+12 3.005582409728000000e+12 3.005582409728000000e+12 3.005582409728000000e+12 3.005582409728000000e+12 3.005582409728000000e+12 3.005582409728000000e+12 3.005582409728000000e+12 3.005582409728000000e+12 3.005582409728000000e+12 3.005582409728000000e+12 3.005582409728000000e+12 3.005582409728000000e+12 3.005582409728000000e+12 3.005582409728000000e+12 3.005582409728000000e+12 3.005582409728000000e+12 3.005582409728000000e+12 3.005582409728000000e+12 3.005582409728000000e+12 3.005582409728000000e+12 3.005582409728000000e+12 3.005582409728000000e+12 3.005582409728000000e+12 3.005582409728000000e+12 3.005582409728000000e+12 3.005582409728000000e+12 3.005582409728000000e+12 3.005582409728000000e+12 3.005582409728000000e+12 3.005582409728000000e+12 3.005582409728000000e+12 3.005582409728000000e+12 3.005582409728000000e+12 3.005582409728000000e+12 3.005582409728000000e+12 3.005582409728000000e+12 3.005582409728000000e+12 3.005582409728000000e+12 3.005582409728000000e+12 3.005582409728000000e+12 3.005582409728000000e+12 3.005582409728000000e+12 3.005582409728000000e+12 3.005582409728000000e+12
3.043515170816000000e+12 3.043515170816000000e+12 3.043515170816000000e+12 3.043515170816000000e+12 3.043515170816000000e+12 3.043515170816000000e+12 3.043515170816000000e+12 3.043515170816000000e+12 3.043515170816000000e+12 3.043515170816000000e+12 3.043515170816000000e+12 3.043515170816000000e+12 3.043515170816000000e+12 3.043515170816000000e+12 3.043515170816000000e+12 3.043515170816000000e+12 3.043515170816000000e+12 3.043515170816000000e+12 3.043515170816000000e+12 3.043515170816000000e+12 3.043515170816000000e+12 3.043515170816000000e+12 3.043515170816000000e+12 3.043515170816000000e+12 3.043515170816000000e+12 3.043515170816000000e+12 3.043515170816000000e+12 3.043515170816000000e+12 3.043515170816000000e+12 3.043515170816000000e+12 3.043515170816000000e+12 3.043515170816000000e+12 3.043515170816000000e+12 3.043515170816000000e+12 3.043515170816000000e+12 3.043515170816000000e+12 3.043515170816000000e+12 3.043515170816000000e+12 3.043515170816000000e+12 3.043515170816000000e+12 3.043515170816000000e+12 3.043515170816000000e+12 3.043515170816000000e+12 3.043515170816000000e+12 3.043515170816000000e+12 3.043515170816000000e+12 3.043515170816000000e+12 3.043515170816000000e+12 3.043515170816000000e+12 3.043515170816000000e+12 3.043515170816000000e+12 3.043515170816000000e+12 3.043515170816000000e+12 3.043515170816000000e+12 3.043515170816000000e+12 3.043515170816000000e+12 3.043515170816000000e+12 3.043515170816000000e+12 3.043515170816000000e+12 3.043515170816000000e+12 3.043515170816000000e+12 3.043515170816000000e+12 3.043515170816000000e+12 3.043515170816000000e+12 3.043515170816000000e+12 3.043515170816000000e+12 3.043515170816000000e+12 3.043515170816000000e+12 3.043515170816000000e+12 3.043515170816000000e+12 3.043515170816000000e+12 3.043515170816000000e+12 3.043515170816000000e+12 3.043515170816000000e+12 3.043515170816000000e+12 3.043515170816000000e+12 3.043515170816000000e+12 3.043515170816000000e+12 3.043515170816000000e+12 3.043515170816000000e+12 3.043515170816000000e+12 3.043515170816000000e+12 3.043515170816000000e+12 3.043515170816000000e+12 3.043515170816000000e+12 3.043515170816000000e+12 3.043515170816000000e+12 3.043515170816000000e+12 3.043515170816000000e+12 3.043515170816000000e+12 3.043515170816000000e+12 3.043515170816000000e+12 3.043515170816000000e+12 3.043515170816000000e+12 3.043515170816000000e+12 3.043515170816000000e+12 3.043515170816000000e+12 3.043515170816000000e+12 3.043515170816000000e+12 3.043515170816000000e+12 3.043515170816000000e+12 3.043515170816000000e+12 3.043515170816000000e+12 3.043515170816000000e+12 3.043515170816000000e+12 3.043515170816000000e+12 3.043515170816000000e+12 3.043515170816000000e+12 3.043515170816000000e+12 3.043515170816000000e+12 3.043515170816000000e+12 3.043515170816000000e+12 3.043515170816000000e+12 3.043515170816000000e+12 3.043515170816000000e+12 3.043515170816000000e+12 3.043515170816000000e+12 3.043515170816000000e+12 3.043515170816000000e+12 3.043515170816000000e+12
3.041032667136000000e+12 3.041032667136000000e+12 3.041032667136000000e+12 3.041032667136000000e+12 3.041032667136000000e+12 3.041032667136000000e+12 3.041032667136000000e+12 3.041032667136000000e+12 3.041032667136000000e+12 3.041032667136000000e+12 3.041032667136000000e+12 3.041032667136000000e+12 3.041032667136000000e+12 3.041032667136000000e+12 3.041032667136000000e+12 3.041032667136000000e+12 3.041032667136000000e+12 3.041032667136000000e+12 3.041032667136000000e+12 3.041032667136000000e+12 3.041032667136000000e+12 3.041032667136000000e+12 3.041032667136000000e+12 3.041032667136000000e+12 3.041032667136000000e+12 3.041032667136000000e+12 3.041032667136000000e+12 3.041032667136000000e+12 3.041032667136000000e+12 3.041032667136000000e+12 3.041032667136000000e+12 3.041032667136000000e+12 3.041032667136000000e+12 3.041032667136000000e+12 3.041032667136000000e+12 3.041032667136000000e+12 3.041032667136000000e+12 3.041032667136000000e+12 3.041032667136000000e+12 3.041032667136000000e+12 3.041032667136000000e+12 3.041032667136000000e+12 3.041032667136000000e+12 3.041032667136000000e+12 3.041032667136000000e+12 3.041032667136000000e+12 3.041032667136000000e+12 3.041032667136000000e+12 3.041032667136000000e+12 3.041032667136000000e+12 3.041032667136000000e+12 3.041032667136000000e+12 3.041032667136000000e+12 3.041032667136000000e+12 3.041032667136000000e+12 3.041032667136000000e+12 3.041032667136000000e+12 3.041032667136000000e+12 3.041032667136000000e+12 3.041032667136000000e+12 3.041032667136000000e+12 3.041032667136000000e+12 3.041032667136000000e+12 3.041032667136000000e+12 3.041032667136000000e+12 3.041032667136000000e+12 3.041032667136000000e+12 3.041032667136000000e+12 3.041032667136000000e+12 3.041032667136000000e+12 3.041032667136000000e+12 3.041032667136000000e+12 3.041032667136000000e+12 3.041032667136000000e+12 3.041032667136000000e+12 3.041032667136000000e+12 3.041032667136000000e+12 3.041032667136000000e+12 3.041032667136000000e+12 3.041032667136000000e+12 3.041032667136000000e+12 3.041032667136000000e+12 3.041032667136000000e+12 3.041032667136000000e+12 3.041032667136000000e+12 3.041032667136000000e+12 3.041032667136000000e+12 3.041032667136000000e+12 3.041032667136000000e+12 3.041032667136000000e+12 3.041032667136000000e+12 3.041032667136000000e+12 3.041032667136000000e+12 3.041032667136000000e+12 3.041032667136000000e+12 3.041032667136000000e+12 3.041032667136000000e+12 3.041032667136000000e+12 3.041032667136000000e+12 3.041032667136000000e+12 3.041032667136000000e+12 3.041032667136000000e+12 3.041032667136000000e+12 3.041032667136000000e+12 3.041032667136000000e+12 3.041032667136000000e+12 3.041032667136000000e+12 3.041032667136000000e+12 3.041032667136000000e+12 3.041032667136000000e+12 3.041032667136000000e+12 3.041032667136000000e+12 3.041032667136000000e+12 3.041032667136000000e+12 3.041032667136000000e+12 3.041032667136000000e+12 3.041032667136000000e+12 3.041032667136000000e+12 3.041032667136000000e+12 3.041032667136000000e+12
3.022541029376000000e+12 3.022541029376000000e+12 3.022541029376000000e+12 3.022541029376000000e+12 3.022541029376000000e+12 3.022541029376000000e+12 3.022541029376000000e+12 3.022541029376000000e+12 3.022541029376000000e+12 3.022541029376000000e+12 3.022541029376000000e+12 3.022541029376000000e+12 3.022541029376000000e+12 3.022541029376000000e+12 3.022541029376000000e+12 3.022541029376000000e+12 3.022541029376000000e+12 3.022541029376000000e+12 3.022541029376000000e+12 3.022541029376000000e+12 3.022541029376000000e+12 3.022541029376000000e+12 3.022541029376000000e+12 3.022541029376000000e+12 3.022541029376000000e+12 3.022541029376000000e+12 3.022541029376000000e+12 3.022541029376000000e+12 3.022541029376000000e+12 3.022541029376000000e+12 3.022541029376000000e+12 3.022541029376000000e+12 3.022541029376000000e+12 3.022541029376000000e+12 3.022541029376000000e+12 3.022541029376000000e+12 3.022541029376000000e+12 3.022541029376000000e+12 3.022541029376000000e+12 3.022541029376000000e+12 3.022541029376000000e+12 3.022541029376000000e+12 3.022541029376000000e+12 3.022541029376000000e+12 3.022541029376000000e+12 3.022541029376000000e+12 3.022541029376000000e+12 3.022541029376000000e+12 3.022541029376000000e+12 3.022541029376000000e+12 3.022541029376000000e+12 3.022541029376000000e+12 3.022541029376000000e+12 3.022541029376000000e+12 3.022541029376000000e+12 3.022541029376000000e+12 3.022541029376000000e+12 3.022541029376000000e+12 3.022541029376000000e+12 3.022541029376000000e+12 3.022541029376000000e+12 3.022541029376000000e+12 3.022541029376000000e+12 3.022541029376000000e+12 3.022541029376000000e+12 3.022541029376000000e+12 3.022541029376000000e+12 3.022541029376000000e+12 3.022541029376000000e+12 3.022541029376000000e+12 3.022541029376000000e+12 3.022541029376000000e+12 3.022541029376000000e+12 3.022541029376000000e+12 3.022541029376000000e+12 3.022541029376000000e+12 3.022541029376000000e+12 3.022541029376000000e+12 3.022541029376000000e+12 3.022541029376000000e+12 3.022541029376000000e+12 3.022541029376000000e+12 3.022541029376000000e+12 3.022541029376000000e+12 3.022541029376000000e+12 3.022541029376000000e+12 3.022541029376000000e+12 3.022541029376000000e+12 3.022541029376000000e+12 3.022541029376000000e+12 3.022541029376000000e+12 3.022541029376000000e+12 3.022541029376000000e+12 3.022541029376000000e+12 3.022541029376000000e+12 3.022541029376000000e+12 3.022541029376000000e+12 3.022541029376000000e+12 3.022541029376000000e+12 3.022541029376000000e+12 3.022541029376000000e+12 3.022541029376000000e+12 3.022541029376000000e+12 3.022541029376000000e+12 3.022541029376000000e+12 3.022541029376000000e+12 3.022541029376000000e+12 3.022541029376000000e+12 3.022541029376000000e+12 3.022541029376000000e+12 3.022541029376000000e+12 3.022541029376000000e+12 3.022541029376000000e+12 3.022541029376000000e+12 3.022541029376000000e+12 3.022541029376000000e+12 3.022541029376000000e+12 3.022541029376000000e+12 3.022541029376000000e+12 3.022541029376000000e+12
3.012374560768000000e+12 3.012374560768000000e+12 3.012374560768000000e+12 3.012374560768000000e+12 3.012374560768000000e+12 3.012374560768000000e+12 3.012374560768000000e+12 3.012374560768000000e+12 3.012374560768000000e+12 3.012374560768000000e+12 3.012374560768000000e+12 3.012374560768000000e+12 3.012374560768000000e+12 3.012374560768000000e+12 3.012374560768000000e+12 3.012374560768000000e+12 3.012374560768000000e+12 3.012374560768000000e+12 3.012374560768000000e+12 3.012374560768000000e+12 3.012374560768000000e+12 3.012374560768000000e+12 3.012374560768000000e+12 3.012374560768000000e+12 3.012374560768000000e+12 3.012374560768000000e+12 3.012374560768000000e+12 3.012374560768000000e+12 3.012374560768000000e+12 3.012374560768000000e+12 3.012374560768000000e+12 3.012374560768000000e+12 3.012374560768000000e+12 3.012374560768000000e+12 3.012374560768000000e+12 3.012374560768000000e+12 3.012374560768000000e+12 3.012374560768000000e+12 3.012374560768000000e+12 3.012374560768000000e+12 3.012374560768000000e+12 3.012374560768000000e+12 3.012374560768000000e+12 3.012374560768000000e+12 3.012374560768000000e+12 3.012374560768000000e+12 3.012374560768000000e+12 3.012374560768000000e+12 3.012374560768000000e+12 3.012374560768000000e+12 3.012374560768000000e+12 3.012374560768000000e+12 3.012374560768000000e+12 3.012374560768000000e+12 3.012374560768000000e+12 3.012374560768000000e+12 3.012374560768000000e+12 3.012374560768000000e+12 3.012374560768000000e+12 3.012374560768000000e+12 3.012374560768000000e+12 3.012374560768000000e+12 3.012374560768000000e+12 3.012374560768000000e+12 3.012374560768000000e+12 3.012374560768000000e+12 3.012374560768000000e+12 3.012374560768000000e+12 3.012374560768000000e+12 3.012374560768000000e+12 3.012374560768000000e+12 3.012374560768000000e+12 3.012374560768000000e+12 3.012374560768000000e+12 3.012374560768000000e+12 3.012374560768000000e+12 3.012374560768000000e+12 3.012374560768000000e+12 3.012374560768000000e+12 3.012374560768000000e+12 3.012374560768000000e+12 3.012374560768000000e+12 3.012374560768000000e+12 3.012374560768000000e+12 3.012374560768000000e+12 3.012374560768000000e+12 3.012374560768000000e+12 3.012374560768000000e+12 3.012374560768000000e+12 3.012374560768000000e+12 3.012374560768000000e+12 3.012374560768000000e+12 3.012374560768000000e+12 3.012374560768000000e+12 3.012374560768000000e+12 3.012374560768000000e+12 3.012374560768000000e+12 3.012374560768000000e+12 3.012374560768000000e+12 3.012374560768000000e+12 3.012374560768000000e+12 3.012374560768000000e+12 3.012374560768000000e+12 3.012374560768000000e+12 3.012374560768000000e+12 3.012374560768000000e+12 3.012374560768000000e+12 3.012374560768000000e+12 3.012374560768000000e+12 3.012374560768000000e+12 3.012374560768000000e+12 3.012374560768000000e+12 3.012374560768000000e+12 3.012374560768000000e+12 3.012374560768000000e+12 3.012374560768000000e+12 3.012374560768000000e+12 3.012374560768000000e+12 3.012374560768000000e+12 3.012374560768000000e+12
3.025301929984000000e+12 3.025301929984000000e+12 3.025301929984000000e+12 3.025301929984000000e+12 3.025301929984000000e+12 3.025301929984000000e+12 3.025301929984000000e+12 3.025301929984000000e+12 3.025301929984000000e+12 3.025301929984000000e+12 3.025301929984000000e+12 3.025301929984000000e+12 3.025301929984000000e+12 3.025301929984000000e+12 3.025301929984000000e+12 3.025301929984000000e+12 3.025301929984000000e+12 3.025301929984000000e+12 3.025301929984000000e+12 3.025301929984000000e+12 3.025301929984000000e+12 3.025301929984000000e+12 3.025301929984000000e+12 3.025301929984000000e+12 3.025301929984000000e+12 3.025301929984000000e+12 3.025301929984000000e+12 3.025301929984000000e+12 3.025301929984000000e+12 3.025301929984000000e+12 3.025301929984000000e+12 3.025301929984000000e+12 3.025301929984000000e+12 3.025301929984000000e+12 3.025301929984000000e+12 3.025301929984000000e+12 3.025301929984000000e+12 3.025301929984000000e+12 3.025301929984000000e+12 3.025301929984000000e+12 3.025301929984000000e+12 3.025301929984000000e+12 3.025301929984000000e+12 3.025301929984000000e+12 3.025301929984000000e+12 3.025301929984000000e+12 3.025301929984000000e+12 3.025301929984000000e+12 3.025301929984000000e+12 3.025301929984000000e+12 3.025301929984000000e+12 3.025301929984000000e+12 3.025301929984000000e+12 3.025301929984000000e+12 3.025301929984000000e+12 3.025301929984000000e+12 3.025301929984000000e+12 3.025301929984000000e+12 3.025301929984000000e+12 3.025301929984000000e+12 3.025301929984000000e+12 3.025301929984000000e+12 3.025301929984000000e+12 3.025301929984000000e+12 3.025301929984000000e+12 3.025301929984000000e+12 3.025301929984000000e+12 3.025301929984000000e+12 3.025301929984000000e+12 3.025301929984000000e+12 3.025301929984000000e+12 3.025301929984000000e+12 3.025301929984000000e+12 3.025301929984000000e+12 3.025301929984000000e+12 3.025301929984000000e+12 3.025301929984000000e+12 3.025301929984000000e+12 3.025301929984000000e+12 3.025301929984000000e+12 3.025301929984000000e+12 3.025301929984000000e+12 3.025301929984000000e+12 3.025301929984000000e+12 3.025301929984000000e+12 3.025301929984000000e+12 3.025301929984000000e+12 3.025301929984000000e+12 3.025301929984000000e+12 3.025301929984000000e+12 3.025301929984000000e+12 3.025301929984000000e+12 3.025301929984000000e+12 3.025301929984000000e+12 3.025301929984000000e+12 3.025301929984000000e+12 3.025301929984000000e+12 3.025301929984000000e+12 3.025301929984000000e+12 3.025301929984000000e+12 3.025301929984000000e+12 3.025301929984000000e+12 3.025301929984000000e+12 3.025301929984000000e+12 3.025301929984000000e+12 3.025301929984000000e+12 3.025301929984000000e+12 3.025301929984000000e+12 3.025301929984000000e+12 3.025301929984000000e+12 3.025301929984000000e+12 3.025301929984000000e+12 3.025301929984000000e+12 3.025301929984000000e+12 3.025301929984000000e+12 3.025301929984000000e+12 3.025301929984000000e+12 3.025301929984000000e+12 3.025301929984000000e+12 3.025301929984000000e+12
3.038356701184000000e+12 3.038356701184000000e+12 3.038356701184000000e+12 3.038356701184000000e+12 3.038356701184000000e+12 3.038356701184000000e+12 3.038356701184000000e+12 3.038356701184000000e+12 3.038356701184000000e+12 3.038356701184000000e+12 3.038356701184000000e+12 3.038356701184000000e+12 3.038356701184000000e+12 3.038356701184000000e+12 3.038356701184000000e+12 3.038356701184000000e+12 3.038356701184000000e+12 3.038356701184000000e+12 3.038356701184000000e+12 3.038356701184000000e+12 3.038356701184000000e+12 3.038356701184000000e+12 3.038356701184000000e+12 3.038356701184000000e+12 3.038356701184000000e+12 3.038356701184000000e+12 3.038356701184000000e+12 3.038356701184000000e+12 3.038356701184000000e+12 3.038356701184000000e+12 3.038356701184000000e+12 3.038356701184000000e+12 3.038356701184000000e+12 3.038356701184000000e+12 3.038356701184000000e+12 3.038356701184000000e+12 3.038356701184000000e+12 3.038356701184000000e+12 3.038356701184000000e+12 3.038356701184000000e+12 3.038356701184000000e+12 3.038356701184000000e+12 3.038356701184000000e+12 3.038356701184000000e+12 3.038356701184000000e+12 3.038356701184000000e+12 3.038356701184000000e+12 3.038356701184000000e+12 3.038356701184000000e+12 3.038356701184000000e+12 3.038356701184000000e+12 3.038356701184000000e+12 3.038356701184000000e+12 3.038356701184000000e+12 3.038356701184000000e+12 3.038356701184000000e+12 3.038356701184000000e+12 3.038356701184000000e+12 3.038356701184000000e+12 3.038356701184000000e+12 3.038356701184000000e+12 3.038356701184000000e+12 3.038356701184000000e+12 3.038356701184000000e+12 3.038356701184000000e+12 3.038356701184000000e+12 3.038356701184000000e+12 3.038356701184000000e+12 3.038356701184000000e+12 3.038356701184000000e+12 3.038356701184000000e+12 3.038356701184000000e+12 3.038356701184000000e+12 3.038356701184000000e+12 3.038356701184000000e+12 3.038356701184000000e+12 3.038356701184000000e+12 3.038356701184000000e+12 3.038356701184000000e+12 3.038356701184000000e+12 3.038356701184000000e+12 3.038356701184000000e+12 3.038356701184000000e+12 3.038356701184000000e+12 3.038356701184000000e+12 3.038356701184000000e+12 3.038356701184000000e+12 3.038356701184000000e+12 3.038356701184000000e+12 3.038356701184000000e+12 3.038356701184000000e+12 3.038356701184000000e+12 3.038356701184000000e+12 3.038356701184000000e+12 3.038356701184000000e+12 3.038356701184000000e+12 3.038356701184000000e+12 3.038356701184000000e+12 3.038356701184000000e+12 3.038356701184000000e+12 3.038356701184000000e+12 3.038356701184000000e+12 3.038356701184000000e+12 3.038356701184000000e+12 3.038356701184000000e+12 3.038356701184000000e+12 3.038356701184000000e+12 3.038356701184000000e+12 3.038356701184000000e+12 3.038356701184000000e+12 3.038356701184000000e+12 3.038356701184000000e+12 3.038356701184000000e+12 3.038356701184000000e+12 3.038356701184000000e+12 3.038356701184000000e+12 3.038356701184000000e+12 3.038356701184000000e+12 3.038356701184000000e+12 3.038356701184000000e+12
3.005956227072000000e+12 3.005956227072000000e+12 3.005956227072000000e+12 3.005956227072000000e+12 3.005956227072000000e+12 3.005956227072000000e+12 3.005956227072000000e+12 3.005956227072000000e+12 3.005956227072000000e+12 3.005956227072000000e+12 3.005956227072000000e+12 3.005956227072000000e+12 3.005956227072000000e+12 3.005956227072000000e+12 3.005956227072000000e+12 3.005956227072000000e+12 3.005956227072000000e+12 3.005956227072000000e+12 3.005956227072000000e+12 3.005956227072000000e+12 3.005956227072000000e+12 3.005956227072000000e+12 3.005956227072000000e+12 3.005956227072000000e+12 3.005956227072000000e+12 3.005956227072000000e+12 3.005956227072000000e+12 3.005956227072000000e+12 3.005956227072000000e+12 3.005956227072000000e+12 3.005956227072000000e+12 3.005956227072000000e+12 3.005956227072000000e+12 3.005956227072000000e+12 3.005956227072000000e+12 3.005956227072000000e+12 3.005956227072000000e+12 3.005956227072000000e+12 3.005956227072000000e+12 3.005956227072000000e+12 3.005956227072000000e+12 3.005956227072000000e+12 3.005956227072000000e+12 3.005956227072000000e+12 3.005956227072000000e+12 3.005956227072000000e+12 3.005956227072000000e+12 3.005956227072000000e+12 3.005956227072000000e+12 3.005956227072000000e+12 3.005956227072000000e+12 3.005956227072000000e+12 3.005956227072000000e+12 3.005956227072000000e+12 3.005956227072000000e+12 3.005956227072000000e+12 3.005956227072000000e+12 3.005956227072000000e+12 3.005956227072000000e+12 3.005956227072000000e+12 3.005956227072000000e+12 3.005956227072000000e+12 3.005956227072000000e+12 3.005956227072000000e+12 3.005956227072000000e+12 3.005956227072000000e+12 3.005956227072000000e+12 3.005956227072000000e+12 3.005956227072000000e+12 3.005956227072000000e+12 3.005956227072000000e+12 3.005956227072000000e+12 3.005956227072000000e+12 3.005956227072000000e+12 3.005956227072000000e+12 3.005956227072000000e+12 3.005956227072000000e+12 3.005956227072000000e+12 3.005956227072000000e+12 3.005956227072000000e+12 3.005956227072000000e+12 3.005956227072000000e+12 3.005956227072000000e+12 3.005956227072000000e+12 3.005956227072000000e+12 3.005956227072000000e+12 3.005956227072000000e+12 3.005956227072000000e+12 3.005956227072000000e+12 3.005956227072000000e+12 3.005956227072000000e+12 3.005956227072000000e+12 3.005956227072000000e+12 3.005956227072000000e+12 3.005956227072000000e+12 3.005956227072000000e+12 3.005956227072000000e+12 3.005956227072000000e+12 3.005956227072000000e+12 3.005956227072000000e+12 3.005956227072000000e+12 3.005956227072000000e+12 3.005956227072000000e+12 3.005956227072000000e+12 3.005956227072000000e+12 3.005956227072000000e+12 3.005956227072000000e+12 3.005956227072000000e+12 3.005956227072000000e+12 3.005956227072000000e+12 3.005956227072000000e+12 3.005956227072000000e+12 3.005956227072000000e+12 3.005956227072000000e+12 3.005956227072000000e+12 3.005956227072000000e+12 3.005956227072000000e+12 3.005956227072000000e+12 3.005956227072000000e+12 3.005956227072000000e+12
3.023435988992000000e+12 3.023435988992000000e+12 3.023435988992000000e+12 3.023435988992000000e+12 3.023435988992000000e+12 3.023435988992000000e+12 3.023435988992000000e+12 3.023435988992000000e+12 3.023435988992000000e+12 3.023435988992000000e+12 3.023435988992000000e+12 3.023435988992000000e+12 3.023435988992000000e+12 3.023435988992000000e+12 3.023435988992000000e+12 3.023435988992000000e+12 3.023435988992000000e+12 3.023435988992000000e+12 3.023435988992000000e+12 3.023435988992000000e+12 3.023435988992000000e+12 3.023435988992000000e+12 3.023435988992000000e+12 3.023435988992000000e+12 3.023435988992000000e+12 3.023435988992000000e+12 3.023435988992000000e+12 3.023435988992000000e+12 3.023435988992000000e+12 3.023435988992000000e+12 3.023435988992000000e+12 3.023435988992000000e+12 3.023435988992000000e+12 3.023435988992000000e+12 3.023435988992000000e+12 3.023435988992000000e+12 3.023435988992000000e+12 3.023435988992000000e+12 3.023435988992000000e+12 3.023435988992000000e+12 3.023435988992000000e+12 3.023435988992000000e+12 3.023435988992000000e+12 3.023435988992000000e+12 3.023435988992000000e+12 3.023435988992000000e+12 3.023435988992000000e+12 3.023435988992000000e+12 3.023435988992000000e+12 3.023435988992000000e+12 3.023435988992000000e+12 3.023435988992000000e+12 3.023435988992000000e+12 3.023435988992000000e+12 3.023435988992000000e+12 3.023435988992000000e+12 3.023435988992000000e+12 3.023435988992000000e+12 3.023435988992000000e+12 3.023435988992000000e+12 3.023435988992000000e+12 3.023435988992000000e+12 3.023435988992000000e+12 3.023435988992000000e+12 3.023435988992000000e+12 3.023435988992000000e+12 3.023435988992000000e+12 3.023435988992000000e+12 3.023435988992000000e+12 3.023435988992000000e+12 3.023435988992000000e+12 3.023435988992000000e+12 3.023435988992000000e+12 3.023435988992000000e+12 3.023435988992000000e+12 3.023435988992000000e+12 3.023435988992000000e+12 3.023435988992000000e+12 3.023435988992000000e+12 3.023435988992000000e+12 3.023435988992000000e+12 3.023435988992000000e+12 3.023435988992000000e+12 3.023435988992000000e+12 3.023435988992000000e+12 3.023435988992000000e+12 3.023435988992000000e+12 3.023435988992000000e+12 3.023435988992000000e+12 3.023435988992000000e+12 3.023435988992000000e+12 3.023435988992000000e+12 3.023435988992000000e+12 3.023435988992000000e+12 3.023435988992000000e+12 3.023435988992000000e+12 3.023435988992000000e+12 3.023435988992000000e+12 3.023435988992000000e+12 3.023435988992000000e+12 3.023435988992000000e+12 3.023435988992000000e+12 3.023435988992000000e+12 3.023435988992000000e+12 3.023435988992000000e+12 3.023435988992000000e+12 3.023435988992000000e+12 3.023435988992000000e+12 3.023435988992000000e+12 3.023435988992000000e+12 3.023435988992000000e+12 3.023435988992000000e+12 3.023435988992000000e+12 3.023435988992000000e+12 3.023435988992000000e+12 3.023435988992000000e+12 3.023435988992000000e+12 3.023435988992000000e+12 3.023435988992000000e+12 3.023435988992000000e+12
3.020536414208000000e+12 3.020536414208000000e+12 3.020536414208000000e+12 3.020536414208000000e+12 3.020536414208000000e+12 3.020536414208000000e+12 3.020536414208000000e+12 3.020536414208000000e+12 3.020536414208000000e+12 3.020536414208000000e+12 3.020536414208000000e+12 3.020536414208000000e+12 3.020536414208000000e+12 3.020536414208000000e+12 3.020536414208000000e+12 3.020536414208000000e+12 3.020536414208000000e+12 3.020536414208000000e+12 3.020536414208000000e+12 3.020536414208000000e+12 3.020536414208000000e+12 3.020536414208000000e+12 3.020536414208000000e+12 3.020536414208000000e+12 3.020536414208000000e+12 3.020536414208000000e+12 3.020536414208000000e+12 3.020536414208000000e+12 3.020536414208000000e+12 3.020536414208000000e+12 3.020536414208000000e+12 3.020536414208000000e+12 3.020536414208000000e+12 3.020536414208000000e+12 3.020536414208000000e+12 3.020536414208000000e+12 3.020536414208000000e+12 3.020536414208000000e+12 3.020536414208000000e+12 3.020536414208000000e+12 3.020536414208000000e+12 3.020536414208000000e+12 3.020536414208000000e+12 3.020536414208000000e+12 3.020536414208000000e+12 3.020536414208000000e+12 3.020536414208000000e+12 3.020536414208000000e+12 3.020536414208000000e+12 3.020536414208000000e+12 3.020536414208000000e+12 3.020536414208000000e+12 3.020536414208000000e+12 3.020536414208000000e+12 3.020536414208000000e+12 3.020536414208000000e+12 3.020536414208000000e+12 3.020536414208000000e+12 3.020536414208000000e+12 3.020536414208000000e+12 3.020536414208000000e+12 3.020536414208000000e+12 3.020536414208000000e+12 3.020536414208000000e+12 3.020536414208000000e+12 3.020536414208000000e+12 3.020536414208000000e+12 3.020536414208000000e+12 3.020536414208000000e+12 3.020536414208000000e+12 3.020536414208000000e+12 3.020536414208000000e+12 3.020536414208000000e+12 3.020536414208000000e+12 3.020536414208000000e+12 3.020536414208000000e+12 3.020536414208000000e+12 3.020536414208000000e+12 3.020536414208000000e+12 3.020536414208000000e+12 3.020536414208000000e+12 3.020536414208000000e+12 3.020536414208000000e+12 3.020536414208000000e+12 3.020536414208000000e+12 3.020536414208000000e+12 3.020536414208000000e+12 3.020536414208000000e+12 3.020536414208000000e+12 3.020536414208000000e+12 3.020536414208000000e+12 3.020536414208000000e+12 3.020536414208000000e+12 3.020536414208000000e+12 3.020536414208000000e+12 3.020536414208000000e+12 3.020536414208000000e+12 3.020536414208000000e+12 3.020536414208000000e+12 3.020536414208000000e+12 3.020536414208000000e+12 3.020536414208000000e+12 3.020536414208000000e+12 3.020536414208000000e+12 3.020536414208000000e+12 3.020536414208000000e+12 3.020536414208000000e+12 3.020536414208000000e+12 3.020536414208000000e+12 3.020536414208000000e+12 3.020536414208000000e+12 3.020536414208000000e+12 3.020536414208000000e+12 3.020536414208000000e+12 3.020536414208000000e+12 3.020536414208000000e+12 3.020536414208000000e+12 3.020536414208000000e+12 3.020536414208000000e+12 3.020536414208000000e+12
3.009202880512000000e+12 3.009202880512000000e+12 3.009202880512000000e+12 3.009202880512000000e+12 3.009202880512000000e+12 3.009202880512000000e+12 3.009202880512000000e+12 3.009202880512000000e+12 3.009202880512000000e+12 3.009202880512000000e+12 3.009202880512000000e+12 3.009202880512000000e+12 3.009202880512000000e+12 3.009202880512000000e+12 3.009202880512000000e+12 3.009202880512000000e+12 3.009202880512000000e+12 3.009202880512000000e+12 3.009202880512000000e+12 3.009202880512000000e+12 3.009202880512000000e+12 3.009202880512000000e+12 3.009202880512000000e+12 3.009202880512000000e+12 3.009202880512000000e+12 3.009202880512000000e+12 3.009202880512000000e+12 3.009202880512000000e+12 3.009202880512000000e+12 3.009202880512000000e+12 3.009202880512000000e+12 3.009202880512000000e+12 3.009202880512000000e+12 3.009202880512000000e+12 3.009202880512000000e+12 3.009202880512000000e+12 3.009202880512000000e+12 3.009202880512000000e+12 3.009202880512000000e+12 3.009202880512000000e+12 3.009202880512000000e+12 3.009202880512000000e+12 3.009202880512000000e+12 3.009202880512000000e+12 3.009202880512000000e+12 3.009202880512000000e+12 3.009202880512000000e+12 3.009202880512000000e+12 3.009202880512000000e+12 3.009202880512000000e+12 3.009202880512000000e+12 3.009202880512000000e+12 3.009202880512000000e+12 3.009202880512000000e+12 3.009202880512000000e+12 3.009202880512000000e+12 3.009202880512000000e+12 3.009202880512000000e+12 3.009202880512000000e+12 3.009202880512000000e+12 3.009202880512000000e+12 3.009202880512000000e+12 3.009202880512000000e+12 3.009202880512000000e+12 3.009202880512000000e+12 3.009202880512000000e+12 3.009202880512000000e+12 3.009202880512000000e+12 3.009202880512000000e+12 3.009202880512000000e+12 3.009202880512000000e+12 3.009202880512000000e+12 3.009202880512000000e+12 3.009202880512000000e+12 3.009202880512000000e+12 3.009202880512000000e+12 3.009202880512000000e+12 3.009202880512000000e+12 3.009202880512000000e+12 3.009202880512000000e+12 3.009202880512000000e+12 3.009202880512000000e+12 3.009202880512000000e+12 3.009202880512000000e+12 3.009202880512000000e+12 3.009202880512000000e+12 3.009202880512000000e+12 3.009202880512000000e+12 3.009202880512000000e+12 3.009202880512000000e+12 3.009202880512000000e+12 3.009202880512000000e+12 3.009202880512000000e+12 3.009202880512000000e+12 3.009202880512000000e+12 3.009202880512000000e+12 3.009202880512000000e+12 3.009202880512000000e+12 3.009202880512000000e+12 3.009202880512000000e+12 3.009202880512000000e+12 3.009202880512000000e+12 3.009202880512000000e+12 3.009202880512000000e+12 3.009202880512000000e+12 3.009202880512000000e+12 3.009202880512000000e+12 3.009202880512000000e+12 3.009202880512000000e+12 3.009202880512000000e+12 3.009202880512000000e+12 3.009202880512000000e+12 3.009202880512000000e+12 3.009202880512000000e+12 3.009202880512000000e+12 3.009202880512000000e+12 3.009202880512000000e+12 3.009202880512000000e+12 3.009202880512000000e+12 3.009202880512000000e+12
3.015768801280000000e+12 3.015768801280000000e+12 3.015768801280000000e+12 3.015768801280000000e+12 3.015768801280000000e+12 3.015768801280000000e+12 3.015768801280000000e+12 3.015768801280000000e+12 3.015768801280000000e+12 3.015768801280000000e+12 3.015768801280000000e+12 3.015768801280000000e+12 3.015768801280000000e+12 3.015768801280000000e+12 3.015768801280000000e+12 3.015768801280000000e+12 3.015768801280000000e+12 3.015768801280000000e+12 3.015768801280000000e+12 3.015768801280000000e+12 3.015768801280000000e+12 3.015768801280000000e+12 3.015768801280000000e+12 3.015768801280000000e+12 3.015768801280000000e+12 3.015768801280000000e+12 3.015768801280000000e+12 3.015768801280000000e+12 3.015768801280000000e+12 3.015768801280000000e+12 3.015768801280000000e+12 3.015768801280000000e+12 3.015768801280000000e+12 3.015768801280000000e+12 3.015768801280000000e+12 3.015768801280000000e+12 3.015768801280000000e+12 3.015768801280000000e+12 3.015768801280000000e+12 3.015768801280000000e+12 3.015768801280000000e+12 3.015768801280000000e+12 3.015768801280000000e+12 3.015768801280000000e+12 3.015768801280000000e+12 3.015768801280000000e+12 3.015768801280000000e+12 3.015768801280000000e+12 3.015768801280000000e+12 3.015768801280000000e+12 3.015768801280000000e+12 3.015768801280000000e+12 3.015768801280000000e+12 3.015768801280000000e+12 3.015768801280000000e+12 3.015768801280000000e+12 3.015768801280000000e+12 3.015768801280000000e+12 3.015768801280000000e+12 3.015768801280000000e+12 3.015768801280000000e+12 3.015768801280000000e+12 3.015768801280000000e+12 3.015768801280000000e+12 3.015768801280000000e+12 3.015768801280000000e+12 3.015768801280000000e+12 3.015768801280000000e+12 3.015768801280000000e+12 3.015768801280000000e+12 3.015768801280000000e+12 3.015768801280000000e+12 3.015768801280000000e+12 3.015768801280000000e+12 3.015768801280000000e+12 3.015768801280000000e+12 3.015768801280000000e+12 3.015768801280000000e+12 3.015768801280000000e+12 3.015768801280000000e+12 3.015768801280000000e+12 3.015768801280000000e+12 3.015768801280000000e+12 3.015768801280000000e+12 3.015768801280000000e+12 3.015768801280000000e+12 3.015768801280000000e+12 3.015768801280000000e+12 3.015768801280000000e+12 3.015768801280000000e+12 3.015768801280000000e+12 3.015768801280000000e+12 3.015768801280000000e+12 3.015768801280000000e+12 3.015768801280000000e+12 3.015768801280000000e+12 3.015768801280000000e+12 3.015768801280000000e+12 3.015768801280000000e+12 3.015768801280000000e+12 3.015768801280000000e+12 3.015768801280000000e+12 3.015768801280000000e+12 3.015768801280000000e+12 3.015768801280000000e+12 3.015768801280000000e+12 3.015768801280000000e+12 3.015768801280000000e+12 3.015768801280000000e+12 3.015768801280000000e+12 3.015768801280000000e+12 3.015768801280000000e+12 3.015768801280000000e+12 3.015768801280000000e+12 3.015768801280000000e+12 3.015768801280000000e+12 3.015768801280000000e+12 3.015768801280000000e+12 3.015768801280000000e+12 3.015768801280000000e+12
3.044807016448000000e+12 3.044807016448000000e+12 3.044807016448000000e+12 3.044807016448000000e+12 3.044807016448000000e+12 3.044807016448000000e+12 3.044807016448000000e+12 3.044807016448000000e+12 3.044807016448000000e+12 3.044807016448000000e+12 3.044807016448000000e+12 3.044807016448000000e+12 3.044807016448000000e+12 3.044807016448000000e+12 3.044807016448000000e+12 3.044807016448000000e+12 3.044807016448000000e+12 3.044807016448000000e+12 3.044807016448000000e+12 3.044807016448000000e+12 3.044807016448000000e+12 3.044807016448000000e+12 3.044807016448000000e+12 3.044807016448000000e+12 3.044807016448000000e+12 3.044807016448000000e+12 3.044807016448000000e+12 3.044807016448000000e+12 3.044807016448000000e+12 3.044807016448000000e+12 3.044807016448000000e+12 3.044807016448000000e+12 3.044807016448000000e+12 3.044807016448000000e+12 3.044807016448000000e+12 3.044807016448000000e+12 3.044807016448000000e+12 3.044807016448000000e+12 3.044807016448000000e+12 3.044807016448000000e+12 3.044807016448000000e+12 3.044807016448000000e+12 3.044807016448000000e+12 3.044807016448000000e+12 3.044807016448000000e+12 3.044807016448000000e+12 3.044807016448000000e+12 3.044807016448000000e+12 3.044807016448000000e+12 3.044807016448000000e+12 3.044807016448000000e+12 3.044807016448000000e+12 3.044807016448000000e+12 3.044807016448000000e+12 3.044807016448000000e+12 3.044807016448000000e+12 3.044807016448000000e+12 3.044807016448000000e+12 3.044807016448000000e+12 3.044807016448000000e+12 3.044807016448000000e+12 3.044807016448000000e+12 3.044807016448000000e+12 3.044807016448000000e+12 3.044807016448000000e+12 3.044807016448000000e+12 3.044807016448000000e+12 3.044807016448000000e+12 3.044807016448000000e+12 3.044807016448000000e+12 3.044807016448000000e+12 3.044807016448000000e+12 3.044807016448000000e+12 3.044807016448000000e+12 3.044807016448000000e+12 3.044807016448000000e+12 3.044807016448000000e+12 3.044807016448000000e+12 3.044807016448000000e+12 3.044807016448000000e+12 3.044807016448000000e+12 3.044807016448000000e+12 3.044807016448000000e+12 3.044807016448000000e+12 3.044807016448000000e+12 3.044807016448000000e+12 3.044807016448000000e+12 3.044807016448000000e+12 3.044807016448000000e+12 3.044807016448000000e+12 3.044807016448000000e+12 3.044807016448000000e+12 3.044807016448000000e+12 3.044807016448000000e+12 3.044807016448000000e+12 3.044807016448000000e+12 3.044807016448000000e+12 3.044807016448000000e+12 3.044807016448000000e+12 3.044807016448000000e+12 3.044807016448000000e+12 3.044807016448000000e+12 3.044807016448000000e+12 3.044807016448000000e+12 3.044807016448000000e+12 3.044807016448000000e+12 3.044807016448000000e+12 3.044807016448000000e+12 3.044807016448000000e+12 3.044807016448000000e+12 3.044807016448000000e+12 3.044807016448000000e+12 3.044807016448000000e+12 3.044807016448000000e+12 3.044807016448000000e+12 3.044807016448000000e+12 3.044807016448000000e+12 3.044807016448000000e+12 3.044807016448000000e+12 3.044807016448000000e+12
3.009052672000000000e+12 3.009052672000000000e+12 3.009052672000000000e+12 3.009052672000000000e+12 3.009052672000000000e+12 3.009052672000000000e+12 3.009052672000000000e+12 3.009052672000000000e+12 3.009052672000000000e+12 3.009052672000000000e+12 3.009052672000000000e+12 3.009052672000000000e+12 3.009052672000000000e+12 3.009052672000000000e+12 3.009052672000000000e+12 3.009052672000000000e+12 3.009052672000000000e+12 3.009052672000000000e+12 3.009052672000000000e+12 3.009052672000000000e+12 3.009052672000000000e+12 3.009052672000000000e+12 3.009052672000000000e+12 3.009052672000000000e+12 3.009052672000000000e+12 3.009052672000000000e+12 3.009052672000000000e+12 3.009052672000000000e+12 3.009052672000000000e+12 3.009052672000000000e+12 3.009052672000000000e+12 3.009052672000000000e+12 3.009052672000000000e+12 3.009052672000000000e+12 3.009052672000000000e+12 3.009052672000000000e+12 3.009052672000000000e+12 3.009052672000000000e+12 3.009052672000000000e+12 3.009052672000000000e+12 3.009052672000000000e+12 3.009052672000000000e+12 3.009052672000000000e+12 3.009052672000000000e+12 3.009052672000000000e+12 3.009052672000000000e+12 3.009052672000000000e+12 3.009052672000000000e+12 3.009052672000000000e+12 3.009052672000000000e+12 3.009052672000000000e+12 3.009052672000000000e+12 3.009052672000000000e+12 3.009052672000000000e+12 3.009052672000000000e+12 3.009052672000000000e+12 3.009052672000000000e+12 3.009052672000000000e+12 3.009052672000000000e+12 3.009052672000000000e+12 3.009052672000000000e+12 3.009052672000000000e+12 3.009052672000000000e+12 3.009052672000000000e+12 3.009052672000000000e+12 3.009052672000000000e+12 3.009052672000000000e+12 3.009052672000000000e+12 3.009052672000000000e+12 3.009052672000000000e+12 3.009052672000000000e+12 3.009052672000000000e+12 3.009052672000000000e+12 3.009052672000000000e+12 3.009052672000000000e+12 3.009052672000000000e+12 3.009052672000000000e+12 3.009052672000000000e+12 3.009052672000000000e+12 3.009052672000000000e+12 3.009052672000000000e+12 3.009052672000000000e+12 3.009052672000000000e+12 3.009052672000000000e+12 3.009052672000000000e+12 3.009052672000000000e+12 3.009052672000000000e+12 3.009052672000000000e+12 3.009052672000000000e+12 3.009052672000000000e+12 3.009052672000000000e+12 3.009052672000000000e+12 3.009052672000000000e+12 3.009052672000000000e+12 3.009052672000000000e+12 3.009052672000000000e+12 3.009052672000000000e+12 3.009052672000000000e+12 3.009052672000000000e+12 3.009052672000000000e+12 3.009052672000000000e+12 3.009052672000000000e+12 3.009052672000000000e+12 3.009052672000000000e+12 3.009052672000000000e+12 3.009052672000000000e+12 3.009052672000000000e+12 3.009052672000000000e+12 3.009052672000000000e+12 3.009052672000000000e+12 3.009052672000000000e+12 3.009052672000000000e+12 3.009052672000000000e+12 3.009052672000000000e+12 3.009052672000000000e+12 3.009052672000000000e+12 3.009052672000000000e+12 3.009052672000000000e+12 3.009052672000000000e+12 3.009052672000000000e+12
3.005478600704000000e+12 3.005478600704000000e+12 3.005478600704000000e+12 3.005478600704000000e+12 3.005478600704000000e+12 3.005478600704000000e+12 3.005478600704000000e+12 3.005478600704000000e+12 3.005478600704000000e+12 3.005478600704000000e+12 3.005478600704000000e+12 3.005478600704000000e+12 3.005478600704000000e+12 3.005478600704000000e+12 3.005478600704000000e+12 3.005478600704000000e+12 3.005478600704000000e+12 3.005478600704000000e+12 3.005478600704000000e+12 3.005478600704000000e+12 3.005478600704000000e+12 3.005478600704000000e+12 3.005478600704000000e+12 3.005478600704000000e+12 3.005478600704000000e+12 3.005478600704000000e+12 3.005478600704000000e+12 3.005478600704000000e+12 3.005478600704000000e+12 3.005478600704000000e+12 3.005478600704000000e+12 3.005478600704000000e+12 3.005478600704000000e+12 3.005478600704000000e+12 3.005478600704000000e+12 3.005478600704000000e+12 3.005478600704000000e+12 3.005478600704000000e+12 3.005478600704000000e+12 3.005478600704000000e+12 3.005478600704000000e+12 3.005478600704000000e+12 3.005478600704000000e+12 3.005478600704000000e+12 3.005478600704000000e+12 3.005478600704000000e+12 3.005478600704000000e+12 3.005478600704000000e+12 3.005478600704000000e+12 3.005478600704000000e+12 3.005478600704000000e+12 3.005478600704000000e+12 3.005478600704000000e+12 3.005478600704000000e+12 3.005478600704000000e+12 3.005478600704000000e+12 3.005478600704000000e+12 3.005478600704000000e+12 3.005478600704000000e+12 3.005478600704000000e+12 3.005478600704000000e+12 3.005478600704000000e+12 3.005478600704000000e+12 3.005478600704000000e+12 3.005478600704000000e+12 3.005478600704000000e+12 3.005478600704000000e+12 3.005478600704000000e+12 3.005478600704000000e+12 3.005478600704000000e+12 3.005478600704000000e+12 3.005478600704000000e+12 3.005478600704000000e+12 3.005478600704000000e+12 3.005478600704000000e+12 3.005478600704000000e+12 3.005478600704000000e+12 3.005478600704000000e+12 3.005478600704000000e+12 3.005478600704000000e+12 3.005478600704000000e+12 3.005478600704000000e+12 3.005478600704000000e+12 3.005478600704000000e+12 3.005478600704000000e+12 3.005478600704000000e+12 3.005478600704000000e+12 3.005478600704000000e+12 3.005478600704000000e+12 3.005478600704000000e+12 3.005478600704000000e+12 3.005478600704000000e+12 3.005478600704000000e+12 3.005478600704000000e+12 3.005478600704000000e+12 3.005478600704000000e+12 3.005478600704000000e+12 3.005478600704000000e+12 3.005478600704000000e+12 3.005478600704000000e+12 3.005478600704000000e+12 3.005478600704000000e+12 3.005478600704000000e+12 3.005478600704000000e+12 3.005478600704000000e+12 3.005478600704000000e+12 3.005478600704000000e+12 3.005478600704000000e+12 3.005478600704000000e+12 3.005478600704000000e+12 3.005478600704000000e+12 3.005478600704000000e+12 3.005478600704000000e+12 3.005478600704000000e+12 3.005478600704000000e+12 3.005478600704000000e+12 3.005478600704000000e+12 3.005478600704000000e+12 3.005478600704000000e+12 3.005478600704000000e+12
3.045491736576000000e+12 3.045491736576000000e+12 3.045491736576000000e+12 3.045491736576000000e+12 3.045491736576000000e+12 3.045491736576000000e+12 3.045491736576000000e+12 3.045491736576000000e+12 3.045491736576000000e+12 3.045491736576000000e+12 3.045491736576000000e+12 3.045491736576000000e+12 3.045491736576000000e+12 3.045491736576000000e+12 3.045491736576000000e+12 3.045491736576000000e+12 3.045491736576000000e+12 3.045491736576000000e+12 3.045491736576000000e+12 3.045491736576000000e+12 3.045491736576000000e+12 3.045491736576000000e+12 3.045491736576000000e+12 3.045491736576000000e+12 3.045491736576000000e+12 3.045491736576000000e+12 3.045491736576000000e+12 3.045491736576000000e+12 3.045491736576000000e+12 3.045491736576000000e+12 3.045491736576000000e+12 3.045491736576000000e+12 3.045491736576000000e+12 3.045491736576000000e+12 3.045491736576000000e+12 3.045491736576000000e+12 3.045491736576000000e+12 3.045491736576000000e+12 3.045491736576000000e+12 3.045491736576000000e+12 3.045491736576000000e+12 3.045491736576000000e+12 3.045491736576000000e+12 3.045491736576000000e+12 3.045491736576000000e+12 3.045491736576000000e+12 3.045491736576000000e+12 3.045491736576000000e+12 3.045491736576000000e+12 3.045491736576000000e+12 3.045491736576000000e+12 3.045491736576000000e+12 3.045491736576000000e+12 3.045491736576000000e+12 3.045491736576000000e+12 3.045491736576000000e+12 3.045491736576000000e+12 3.045491736576000000e+12 3.045491736576000000e+12 3.045491736576000000e+12 3.045491736576000000e+12 3.045491736576000000e+12 3.045491736576000000e+12 3.045491736576000000e+12 3.045491736576000000e+12 3.045491736576000000e+12 3.045491736576000000e+12 3.045491736576000000e+12 3.045491736576000000e+12 3.045491736576000000e+12 3.045491736576000000e+12 3.045491736576000000e+12 3.045491736576000000e+12 3.045491736576000000e+12 3.045491736576000000e+12 3.045491736576000000e+12 3.045491736576000000e+12 3.045491736576000000e+12 3.045491736576000000e+12 3.045491736576000000e+12 3.045491736576000000e+12 3.045491736576000000e+12 3.045491736576000000e+12 3.045491736576000000e+12 3.045491736576000000e+12 3.045491736576000000e+12 3.045491736576000000e+12 3.045491736576000000e+12 3.045491736576000000e+12 3.045491736576000000e+12 3.045491736576000000e+12 3.045491736576000000e+12 3.045491736576000000e+12 3.045491736576000000e+12 3.045491736576000000e+12 3.045491736576000000e+12 3.045491736576000000e+12 3.045491736576000000e+12 3.045491736576000000e+12 3.045491736576000000e+12 3.045491736576000000e+12 3.045491736576000000e+12 3.045491736576000000e+12 3.045491736576000000e+12 3.045491736576000000e+12 3.045491736576000000e+12 3.045491736576000000e+12 3.045491736576000000e+12 3.045491736576000000e+12 3.045491736576000000e+12 3.045491736576000000e+12 3.045491736576000000e+12 3.045491736576000000e+12 3.045491736576000000e+12 3.045491736576000000e+12 3.045491736576000000e+12 3.045491736576000000e+12 3.045491736576000000e+12 3.045491736576000000e+12 3.045491736576000000e+12
3.022418345984000000e+12 3.022418345984000000e+12 3.022418345984000000e+12 3.022418345984000000e+12 3.022418345984000000e+12 3.022418345984000000e+12 3.022418345984000000e+12 3.022418345984000000e+12 3.022418345984000000e+12 3.022418345984000000e+12 3.022418345984000000e+12 3.022418345984000000e+12 3.022418345984000000e+12 3.022418345984000000e+12 3.022418345984000000e+12 3.022418345984000000e+12 3.022418345984000000e+12 3.022418345984000000e+12 3.022418345984000000e+12 3.022418345984000000e+12 3.022418345984000000e+12 3.022418345984000000e+12 3.022418345984000000e+12 3.022418345984000000e+12 3.022418345984000000e+12 3.022418345984000000e+12 3.022418345984000000e+12 3.022418345984000000e+12 3.022418345984000000e+12 3.022418345984000000e+12 3.022418345984000000e+12 3.022418345984000000e+12 3.022418345984000000e+12 3.022418345984000000e+12 3.022418345984000000e+12 3.022418345984000000e+12 3.022418345984000000e+12 3.022418345984000000e+12 3.022418345984000000e+12 3.022418345984000000e+12 3.022418345984000000e+12 3.022418345984000000e+12 3.022418345984000000e+12 3.022418345984000000e+12 3.022418345984000000e+12 3.022418345984000000e+12 3.022418345984000000e+12 3.022418345984000000e+12 3.022418345984000000e+12 3.022418345984000000e+12 3.022418345984000000e+12 3.022418345984000000e+12 3.022418345984000000e+12 3.022418345984000000e+12 3.022418345984000000e+12 3.022418345984000000e+12 3.022418345984000000e+12 3.022418345984000000e+12 3.022418345984000000e+12 3.022418345984000000e+12 3.022418345984000000e+12 3.022418345984000000e+12 3.022418345984000000e+12 3.022418345984000000e+12 3.022418345984000000e+12 3.022418345984000000e+12 3.022418345984000000e+12 3.022418345984000000e+12 3.022418345984000000e+12 3.022418345984000000e+12 3.022418345984000000e+12 3.022418345984000000e+12 3.022418345984000000e+12 3.022418345984000000e+12 3.022418345984000000e+12 3.022418345984000000e+12 3.022418345984000000e+12 3.022418345984000000e+12 3.022418345984000000e+12 3.022418345984000000e+12 3.022418345984000000e+12 3.022418345984000000e+12 3.022418345984000000e+12 3.022418345984000000e+12 3.022418345984000000e+12 3.022418345984000000e+12 3.022418345984000000e+12 3.022418345984000000e+12 3.022418345984000000e+12 3.022418345984000000e+12 3.022418345984000000e+12 3.022418345984000000e+12 3.022418345984000000e+12 3.022418345984000000e+12 3.022418345984000000e+12 3.022418345984000000e+12 3.022418345984000000e+12 3.022418345984000000e+12 3.022418345984000000e+12 3.022418345984000000e+12 3.022418345984000000e+12 3.022418345984000000e+12 3.022418345984000000e+12 3.022418345984000000e+12 3.022418345984000000e+12 3.022418345984000000e+12 3.022418345984000000e+12 3.022418345984000000e+12 3.022418345984000000e+12 3.022418345984000000e+12 3.022418345984000000e+12 3.022418345984000000e+12 3.022418345984000000e+12 3.022418345984000000e+12 3.022418345984000000e+12 3.022418345984000000e+12 3.022418345984000000e+12 3.022418345984000000e+12 3.022418345984000000e+12 3.022418345984000000e+12
3.020105449472000000e+12 3.020105449472000000e+12 3.020105449472000000e+12 3.020105449472000000e+12 3.020105449472000000e+12 3.020105449472000000e+12 3.020105449472000000e+12 3.020105449472000000e+12 3.020105449472000000e+12 3.020105449472000000e+12 3.020105449472000000e+12 3.020105449472000000e+12 3.020105449472000000e+12 3.020105449472000000e+12 3.020105449472000000e+12 3.020105449472000000e+12 3.020105449472000000e+12 3.020105449472000000e+12 3.020105449472000000e+12 3.020105449472000000e+12 3.020105449472000000e+12 3.020105449472000000e+12 3.020105449472000000e+12 3.020105449472000000e+12 3.020105449472000000e+12 3.020105449472000000e+12 3.020105449472000000e+12 3.020105449472000000e+12 3.020105449472000000e+12 3.020105449472000000e+12 3.020105449472000000e+12 3.020105449472000000e+12 3.020105449472000000e+12 3.020105449472000000e+12 3.020105449472000000e+12 3.020105449472000000e+12 3.020105449472000000e+12 3.020105449472000000e+12 3.020105449472000000e+12 3.020105449472000000e+12 3.020105449472000000e+12 3.020105449472000000e+12 3.020105449472000000e+12 3.020105449472000000e+12 3.020105449472000000e+12 3.020105449472000000e+12 3.020105449472000000e+12 3.020105449472000000e+12 3.020105449472000000e+12 3.020105449472000000e+12 3.020105449472000000e+12 3.020105449472000000e+12 3.020105449472000000e+12 3.020105449472000000e+12 3.020105449472000000e+12 3.020105449472000000e+12 3.020105449472000000e+12 3.020105449472000000e+12 3.020105449472000000e+12 3.020105449472000000e+12 3.020105449472000000e+12 3.020105449472000000e+12 3.020105449472000000e+12 3.020105449472000000e+12 3.020105449472000000e+12 3.020105449472000000e+12 3.020105449472000000e+12 3.020105449472000000e+12 3.020105449472000000e+12 3.020105449472000000e+12 3.020105449472000000e+12 3.020105449472000000e+12 3.020105449472000000e+12 3.020105449472000000e+12 3.020105449472000000e+12 3.020105449472000000e+12 3.020105449472000000e+12 3.020105449472000000e+12 3.020105449472000000e+12 3.020105449472000000e+12 3.020105449472000000e+12 3.020105449472000000e+12 3.020105449472000000e+12 3.020105449472000000e+12 3.020105449472000000e+12 3.020105449472000000e+12 3.020105449472000000e+12 3.020105449472000000e+12 3.020105449472000000e+12 3.020105449472000000e+12 3.020105449472000000e+12 3.020105449472000000e+12 3.020105449472000000e+12 3.020105449472000000e+12 3.020105449472000000e+12 3.020105449472000000e+12 3.020105449472000000e+12 3.020105449472000000e+12 3.020105449472000000e+12 3.020105449472000000e+12 3.020105449472000000e+12 3.020105449472000000e+12 3.020105449472000000e+12 3.020105449472000000e+12 3.020105449472000000e+12 3.020105449472000000e+12 3.020105449472000000e+12 3.020105449472000000e+12 3.020105449472000000e+12 3.020105449472000000e+12 3.020105449472000000e+12 3.020105449472000000e+12 3.020105449472000000e+12 3.020105449472000000e+12 3.020105449472000000e+12 3.020105449472000000e+12 3.020105449472000000e+12 3.020105449472000000e+12 3.020105449472000000e+12 3.020105449472000000e+12
3.025588715520000000e+12 3.025588715520000000e+12 3.025588715520000000e+12 3.025588715520000000e+12 3.025588715520000000e+12 3.025588715520000000e+12 3.025588715520000000e+12 3.025588715520000000e+12 3.025588715520000000e+12 3.025588715520000000e+12 3.025588715520000000e+12 3.025588715520000000e+12 3.025588715520000000e+12 3.025588715520000000e+12 3.025588715520000000e+12 3.025588715520000000e+12 3.025588715520000000e+12 3.025588715520000000e+12 3.025588715520000000e+12 3.025588715520000000e+12 3.025588715520000000e+12 3.025588715520000000e+12 3.025588715520000000e+12 3.025588715520000000e+12 3.025588715520000000e+12 3.025588715520000000e+12 3.025588715520000000e+12 3.025588715520000000e+12 3.025588715520000000e+12 3.025588715520000000e+12 3.025588715520000000e+12 3.025588715520000000e+12 3.025588715520000000e+12 3.025588715520000000e+12 3.025588715520000000e+12 3.025588715520000000e+12 3.025588715520000000e+12 3.025588715520000000e+12 3.025588715520000000e+12 3.025588715520000000e+12 3.025588715520000000e+12 3.025588715520000000e+12 3.025588715520000000e+12 3.025588715520000000e+12 3.025588715520000000e+12 3.025588715520000000e+12 3.025588715520000000e+12 3.025588715520000000e+12 3.025588715520000000e+12 3.025588715520000000e+12 3.025588715520000000e+12 3.025588715520000000e+12 3.025588715520000000e+12 3.025588715520000000e+12 3.025588715520000000e+12 3.025588715520000000e+12 3.025588715520000000e+12 3.025588715520000000e+12 3.025588715520000000e+12 3.025588715520000000e+12 3.025588715520000000e+12 3.025588715520000000e+12 3.025588715520000000e+12 3.025588715520000000e+12 3.025588715520000000e+12 3.025588715520000000e+12 3.025588715520000000e+12 3.025588715520000000e+12 3.025588715520000000e+12 3.025588715520000000e+12 3.025588715520000000e+12 3.025588715520000000e+12 3.025588715520000000e+12 3.025588715520000000e+12 3.025588715520000000e+12 3.025588715520000000e+12 3.025588715520000000e+12 3.025588715520000000e+12 3.025588715520000000e+12 3.025588715520000000e+12 3.025588715520000000e+12 3.025588715520000000e+12 3.025588715520000000e+12 3.025588715520000000e+12 3.025588715520000000e+12 3.025588715520000000e+12 3.025588715520000000e+12 3.025588715520000000e+12 3.025588715520000000e+12 3.025588715520000000e+12 3.025588715520000000e+12 3.025588715520000000e+12 3.025588715520000000e+12 3.025588715520000000e+12 3.025588715520000000e+12 3.025588715520000000e+12 3.025588715520000000e+12 3.025588715520000000e+12 3.025588715520000000e+12 3.025588715520000000e+12 3.025588715520000000e+12 3.025588715520000000e+12 3.025588715520000000e+12 3.025588715520000000e+12 3.025588715520000000e+12 3.025588715520000000e+12 3.025588715520000000e+12 3.025588715520000000e+12 3.025588715520000000e+12 3.025588715520000000e+12 3.025588715520000000e+12 3.025588715520000000e+12 3.025588715520000000e+12 3.025588715520000000e+12 3.025588715520000000e+12 3.025588715520000000e+12 3.025588715520000000e+12 3.025588715520000000e+12 3.025588715520000000e+12 3.025588715520000000e+12
3.018810720256000000e+12 3.018810720256000000e+12 3.018810720256000000e+12 3.018810720256000000e+12 3.018810720256000000e+12 3.018810720256000000e+12 3.018810720256000000e+12 3.018810720256000000e+12 3.018810720256000000e+12 3.018810720256000000e+12 3.018810720256000000e+12 3.018810720256000000e+12 3.018810720256000000e+12 3.018810720256000000e+12 3.018810720256000000e+12 3.018810720256000000e+12 3.018810720256000000e+12 3.018810720256000000e+12 3.018810720256000000e+12 3.018810720256000000e+12 3.018810720256000000e+12 3.018810720256000000e+12 3.018810720256000000e+12 3.018810720256000000e+12 3.018810720256000000e+12 3.018810720256000000e+12 3.018810720256000000e+12 3.018810720256000000e+12 3.018810720256000000e+12 3.018810720256000000e+12 3.018810720256000000e+12 3.018810720256000000e+12 3.018810720256000000e+12 3.018810720256000000e+12 3.018810720256000000e+12 3.018810720256000000e+12 3.018810720256000000e+12 3.018810720256000000e+12 3.018810720256000000e+12 3.018810720256000000e+12 3.018810720256000000e+12 3.018810720256000000e+12 3.018810720256000000e+12 3.018810720256000000e+12 3.018810720256000000e+12 3.018810720256000000e+12 3.018810720256000000e+12 3.018810720256000000e+12 3.018810720256000000e+12 3.018810720256000000e+12 3.018810720256000000e+12 3.018810720256000000e+12 3.018810720256000000e+12 3.018810720256000000e+12 3.018810720256000000e+12 3.018810720256000000e+12 3.018810720256000000e+12 3.018810720256000000e+12 3.018810720256000000e+12 3.018810720256000000e+12 3.018810720256000000e+12 3.018810720256000000e+12 3.018810720256000000e+12 3.018810720256000000e+12 3.018810720256000000e+12 3.018810720256000000e+12 3.018810720256000000e+12 3.018810720256000000e+12 3.018810720256000000e+12 3.018810720256000000e+12 3.018810720256000000e+12 3.018810720256000000e+12 3.018810720256000000e+12 3.018810720256000000e+12 3.018810720256000000e+12 3.018810720256000000e+12 3.018810720256000000e+12 3.018810720256000000e+12 3.018810720256000000e+12 3.018810720256000000e+12 3.018810720256000000e+12 3.018810720256000000e+12 3.018810720256000000e+12 3.018810720256000000e+12 3.018810720256000000e+12 3.018810720256000000e+12 3.018810720256000000e+12 3.018810720256000000e+12 3.018810720256000000e+12 3.018810720256000000e+12 3.018810720256000000e+12 3.018810720256000000e+12 3.018810720256000000e+12 3.018810720256000000e+12 3.018810720256000000e+12 3.018810720256000000e+12 3.018810720256000000e+12 3.018810720256000000e+12 3.018810720256000000e+12 3.018810720256000000e+12 3.018810720256000000e+12 3.018810720256000000e+12 3.018810720256000000e+12 3.018810720256000000e+12 3.018810720256000000e+12 3.018810720256000000e+12 3.018810720256000000e+12 3.018810720256000000e+12 3.018810720256000000e+12 3.018810720256000000e+12 3.018810720256000000e+12 3.018810720256000000e+12 3.018810720256000000e+12 3.018810720256000000e+12 3.018810720256000000e+12 3.018810720256000000e+12 3.018810720256000000e+12 3.018810720256000000e+12 3.018810720256000000e+12 3.018810720256000000e+12
3.036237004800000000e+12 3.036237004800000000e+12 3.036237004800000000e+12 3.036237004800000000e+12 3.036237004800000000e+12 3.036237004800000000e+12 3.036237004800000000e+12 3.036237004800000000e+12 3.036237004800000000e+12 3.036237004800000000e+12 3.036237004800000000e+12 3.036237004800000000e+12 3.036237004800000000e+12 3.036237004800000000e+12 3.036237004800000000e+12 3.036237004800000000e+12 3.036237004800000000e+12 3.036237004800000000e+12 3.036237004800000000e+12 3.036237004800000000e+12 3.036237004800000000e+12 3.036237004800000000e+12 3.036237004800000000e+12 3.036237004800000000e+12 3.036237004800000000e+12 3.036237004800000000e+12 3.036237004800000000e+12 3.036237004800000000e+12 3.036237004800000000e+12 3.036237004800000000e+12 3.036237004800000000e+12 3.036237004800000000e+12 3.036237004800000000e+12 3.036237004800000000e+12 3.036237004800000000e+12 3.036237004800000000e+12 3.036237004800000000e+12 3.036237004800000000e+12 3.036237004800000000e+12 3.036237004800000000e+12 3.036237004800000000e+12 3.036237004800000000e+12 3.036237004800000000e+12 3.036237004800000000e+12 3.036237004800000000e+12 3.036237004800000000e+12 3.036237004800000000e+12 3.036237004800000000e+12 3.036237004800000000e+12 3.036237004800000000e+12 3.036237004800000000e+12 3.036237004800000000e+12 3.036237004800000000e+12 3.036237004800000000e+12 3.036237004800000000e+12 3.036237004800000000e+12 3.036237004800000000e+12 3.036237004800000000e+12 3.036237004800000000e+12 3.036237004800000000e+12 3.036237004800000000e+12 3.036237004800000000e+12 3.036237004800000000e+12 3.036237004800000000e+12 3.036237004800000000e+12 3.036237004800000000e+12 3.036237004800000000e+12 3.036237004800000000e+12 3.036237004800000000e+12 3.036237004800000000e+12 3.036237004800000000e+12 3.036237004800000000e+12 3.036237004800000000e+12 3.036237004800000000e+12 3.036237004800000000e+12 3.036237004800000000e+12 3.036237004800000000e+12 3.036237004800000000e+12 3.036237004800000000e+12 3.036237004800000000e+12 3.036237004800000000e+12 3.036237004800000000e+12 3.036237004800000000e+12 3.036237004800000000e+12 3.036237004800000000e+12 3.036237004800000000e+12 3.036237004800000000e+12 3.036237004800000000e+12 3.036237004800000000e+12 3.036237004800000000e+12 3.036237004800000000e+12 3.036237004800000000e+12 3.036237004800000000e+12 3.036237004800000000e+12 3.036237004800000000e+12 3.036237004800000000e+12 3.036237004800000000e+12 3.036237004800000000e+12 3.036237004800000000e+12 3.036237004800000000e+12 3.036237004800000000e+12 3.036237004800000000e+12 3.036237004800000000e+12 3.036237004800000000e+12 3.036237004800000000e+12 3.036237004800000000e+12 3.036237004800000000e+12 3.036237004800000000e+12 3.036237004800000000e+12 3.036237004800000000e+12 3.036237004800000000e+12 3.036237004800000000e+12 3.036237004800000000e+12 3.036237004800000000e+12 3.036237004800000000e+12 3.036237004800000000e+12 3.036237004800000000e+12 3.036237004800000000e+12 3.036237004800000000e+12 3.036237004800000000e+12
3.025150148608000000e+12 3.025150148608000000e+12 3.025150148608000000e+12 3.025150148608000000e+12 3.025150148608000000e+12 3.025150148608000000e+12 3.025150148608000000e+12 3.025150148608000000e+12 3.025150148608000000e+12 3.025150148608000000e+12 3.025150148608000000e+12 3.025150148608000000e+12 3.025150148608000000e+12 3.025150148608000000e+12 3.025150148608000000e+12 3.025150148608000000e+12 3.025150148608000000e+12 3.025150148608000000e+12 3.025150148608000000e+12 3.025150148608000000e+12 3.025150148608000000e+12 3.025150148608000000e+12 3.025150148608000000e+12 3.025150148608000000e+12 3.025150148608000000e+12 3.025150148608000000e+12 3.025150148608000000e+12 3.025150148608000000e+12 3.025150148608000000e+12 3.025150148608000000e+12 3.025150148608000000e+12 3.025150148608000000e+12 3.025150148608000000e+12 3.025150148608000000e+12 3.025150148608000000e+12 3.025150148608000000e+12 3.025150148608000000e+12 3.025150148608000000e+12 3.025150148608000000e+12 3.025150148608000000e+12 3.025150148608000000e+12 3.025150148608000000e+12 3.025150148608000000e+12 3.025150148608000000e+12 3.025150148608000000e+12 3.025150148608000000e+12 3.025150148608000000e+12 3.025150148608000000e+12 3.025150148608000000e+12 3.025150148608000000e+12 3.025150148608000000e+12 3.025150148608000000e+12 3.025150148608000000e+12 3.025150148608000000e+12 3.025150148608000000e+12 3.025150148608000000e+12 3.025150148608000000e+12 3.025150148608000000e+12 3.025150148608000000e+12 3.025150148608000000e+12 3.025150148608000000e+12 3.025150148608000000e+12 3.025150148608000000e+12 3.025150148608000000e+12 3.025150148608000000e+12 3.025150148608000000e+12 3.025150148608000000e+12 3.025150148608000000e+12 3.025150148608000000e+12 3.025150148608000000e+12 3.025150148608000000e+12 3.025150148608000000e+12 3.025150148608000000e+12 3.025150148608000000e+12 3.025150148608000000e+12 3.025150148608000000e+12 3.025150148608000000e+12 3.025150148608000000e+12 3.025150148608000000e+12 3.025150148608000000e+12 3.025150148608000000e+12 3.025150148608000000e+12 3.025150148608000000e+12 3.025150148608000000e+12 3.025150148608000000e+12 3.025150148608000000e+12 3.025150148608000000e+12 3.025150148608000000e+12 3.025150148608000000e+12 3.025150148608000000e+12 3.025150148608000000e+12 3.025150148608000000e+12 3.025150148608000000e+12 3.025150148608000000e+12 3.025150148608000000e+12 3.025150148608000000e+12 3.025150148608000000e+12 3.025150148608000000e+12 3.025150148608000000e+12 3.025150148608000000e+12 3.025150148608000000e+12 3.025150148608000000e+12 3.025150148608000000e+12 3.025150148608000000e+12 3.025150148608000000e+12 3.025150148608000000e+12 3.025150148608000000e+12 3.025150148608000000e+12 3.025150148608000000e+12 3.025150148608000000e+12 3.025150148608000000e+12 3.025150148608000000e+12 3.025150148608000000e+12 3.025150148608000000e+12 3.025150148608000000e+12 3.025150148608000000e+12 3.025150148608000000e+12 3.025150148608000000e+12 3.025150148608000000e+12 3.025150148608000000e+12
3.007869878272000000e+12 3.007869878272000000e+12 3.007869878272000000e+12 3.007869878272000000e+12 3.007869878272000000e+12 3.007869878272000000e+12 3.007869878272000000e+12 3.007869878272000000e+12 3.007869878272000000e+12 3.007869878272000000e+12 3.007869878272000000e+12 3.007869878272000000e+12 3.007869878272000000e+12 3.007869878272000000e+12 3.007869878272000000e+12 3.007869878272000000e+12 3.007869878272000000e+12 3.007869878272000000e+12 3.007869878272000000e+12 3.007869878272000000e+12 3.007869878272000000e+12 3.007869878272000000e+12 3.007869878272000000e+12 3.007869878272000000e+12 3.007869878272000000e+12 3.007869878272000000e+12 3.007869878272000000e+12 3.007869878272000000e+12 3.007869878272000000e+12 3.007869878272000000e+12 3.007869878272000000e+12 3.007869878272000000e+12 3.007869878272000000e+12 3.007869878272000000e+12 3.007869878272000000e+12 3.007869878272000000e+12 3.007869878272000000e+12 3.007869878272000000e+12 3.007869878272000000e+12 3.007869878272000000e+12 3.007869878272000000e+12 3.007869878272000000e+12 3.007869878272000000e+12 3.007869878272000000e+12 3.007869878272000000e+12 3.007869878272000000e+12 3.007869878272000000e+12 3.007869878272000000e+12 3.007869878272000000e+12 3.007869878272000000e+12 3.007869878272000000e+12 3.007869878272000000e+12 3.007869878272000000e+12 3.007869878272000000e+12 3.007869878272000000e+12 3.007869878272000000e+12 3.007869878272000000e+12 3.007869878272000000e+12 3.007869878272000000e+12 3.007869878272000000e+12 3.007869878272000000e+12 3.007869878272000000e+12 3.007869878272000000e+12 3.007869878272000000e+12 3.007869878272000000e+12 3.007869878272000000e+12 3.007869878272000000e+12 3.007869878272000000e+12 3.007869878272000000e+12 3.007869878272000000e+12 3.007869878272000000e+12 3.007869878272000000e+12 3.007869878272000000e+12 3.007869878272000000e+12 3.007869878272000000e+12 3.007869878272000000e+12 3.007869878272000000e+12 3.007869878272000000e+12 3.007869878272000000e+12 3.007869878272000000e+12 3.007869878272000000e+12 3.007869878272000000e+12 3.007869878272000000e+12 3.007869878272000000e+12 3.007869878272000000e+12 3.007869878272000000e+12 3.007869878272000000e+12 3.007869878272000000e+12 3.007869878272000000e+12 3.007869878272000000e+12 3.007869878272000000e+12 3.007869878272000000e+12 3.007869878272000000e+12 3.007869878272000000e+12 3.007869878272000000e+12 3.007869878272000000e+12 3.007869878272000000e+12 3.007869878272000000e+12 3.007869878272000000e+12 3.007869878272000000e+12 3.007869878272000000e+12 3.007869878272000000e+12 3.007869878272000000e+12 3.007869878272000000e+12 3.007869878272000000e+12 3.007869878272000000e+12 3.007869878272000000e+12 3.007869878272000000e+12 3.007869878272000000e+12 3.007869878272000000e+12 3.007869878272000000e+12 3.007869878272000000e+12 3.007869878272000000e+12 3.007869878272000000e+12 3.007869878272000000e+12 3.007869878272000000e+12 3.007869878272000000e+12 3.007869878272000000e+12 3.007869878272000000e+12 3.007869878272000000e+12
3.023422881792000000e+12 3.023422881792000000e+12 3.023422881792000000e+12 3.023422881792000000e+12 3.023422881792000000e+12 3.023422881792000000e+12 3.023422881792000000e+12 3.023422881792000000e+12 3.023422881792000000e+12 3.023422881792000000e+12 3.023422881792000000e+12 3.023422881792000000e+12 3.023422881792000000e+12 3.023422881792000000e+12 3.023422881792000000e+12 3.023422881792000000e+12 3.023422881792000000e+12 3.023422881792000000e+12 3.023422881792000000e+12 3.023422881792000000e+12 3.023422881792000000e+12 3.023422881792000000e+12 3.023422881792000000e+12 3.023422881792000000e+12 3.023422881792000000e+12 3.023422881792000000e+12 3.023422881792000000e+12 3.023422881792000000e+12 3.023422881792000000e+12 3.023422881792000000e+12 3.023422881792000000e+12 3.023422881792000000e+12 3.023422881792000000e+12 3.023422881792000000e+12 3.023422881792000000e+12 3.023422881792000000e+12 3.023422881792000000e+12 3.023422881792000000e+12 3.023422881792000000e+12 3.023422881792000000e+12 3.023422881792000000e+12 3.023422881792000000e+12 3.023422881792000000e+12 3.023422881792000000e+12 3.023422881792000000e+12 3.023422881792000000e+12 3.023422881792000000e+12 3.023422881792000000e+12 3.023422881792000000e+12 3.023422881792000000e+12 3.023422881792000000e+12 3.023422881792000000e+12 3.023422881792000000e+12 3.023422881792000000e+12 3.023422881792000000e+12 3.023422881792000000e+12 3.023422881792000000e+12 3.023422881792000000e+12 3.023422881792000000e+12 3.023422881792000000e+12 3.023422881792000000e+12 3.023422881792000000e+12 3.023422881792000000e+12 3.023422881792000000e+12 3.023422881792000000e+12 3.023422881792000000e+12 3.023422881792000000e+12 3.023422881792000000e+12 3.023422881792000000e+12 3.023422881792000000e+12 3.023422881792000000e+12 3.023422881792000000e+12 3.023422881792000000e+12 3.023422881792000000e+12 3.023422881792000000e+12 3.023422881792000000e+12 3.023422881792000000e+12 3.023422881792000000e+12 3.023422881792000000e+12 3.023422881792000000e+12 3.023422881792000000e+12 3.023422881792000000e+12 3.023422881792000000e+12 3.023422881792000000e+12 3.023422881792000000e+12 3.023422881792000000e+12 3.023422881792000000e+12 3.023422881792000000e+12 3.023422881792000000e+12 3.023422881792000000e+12 3.023422881792000000e+12 3.023422881792000000e+12 3.023422881792000000e+12 3.023422881792000000e+12 3.023422881792000000e+12 3.023422881792000000e+12 3.023422881792000000e+12 3.023422881792000000e+12 3.023422881792000000e+12 3.023422881792000000e+12 3.023422881792000000e+12 3.023422881792000000e+12 3.023422881792000000e+12 3.023422881792000000e+12 3.023422881792000000e+12 3.023422881792000000e+12 3.023422881792000000e+12 3.023422881792000000e+12 3.023422881792000000e+12 3.023422881792000000e+12 3.023422881792000000e+12 3.023422881792000000e+12 3.023422881792000000e+12 3.023422881792000000e+12 3.023422881792000000e+12 3.023422881792000000e+12 3.023422881792000000e+12 3.023422881792000000e+12 3.023422881792000000e+12 3.023422881792000000e+12
3.035566440448000000e+12 3.035566440448000000e+12 3.035566440448000000e+12 3.035566440448000000e+12 3.035566440448000000e+12 3.035566440448000000e+12 3.035566440448000000e+12 3.035566440448000000e+12 3.035566440448000000e+12 3.035566440448000000e+12 3.035566440448000000e+12 3.035566440448000000e+12 3.035566440448000000e+12 3.035566440448000000e+12 3.035566440448000000e+12 3.035566440448000000e+12 3.035566440448000000e+12 3.035566440448000000e+12 3.035566440448000000e+12 3.035566440448000000e+12 3.035566440448000000e+12 3.035566440448000000e+12 3.035566440448000000e+12 3.035566440448000000e+12 3.035566440448000000e+12 3.035566440448000000e+12 3.035566440448000000e+12 3.035566440448000000e+12 3.035566440448000000e+12 3.035566440448000000e+12 3.035566440448000000e+12 3.035566440448000000e+12 3.035566440448000000e+12 3.035566440448000000e+12 3.035566440448000000e+12 3.035566440448000000e+12 3.035566440448000000e+12 3.035566440448000000e+12 3.035566440448000000e+12 3.035566440448000000e+12 3.035566440448000000e+12 3.035566440448000000e+12 3.035566440448000000e+12 3.035566440448000000e+12 3.035566440448000000e+12 3.035566440448000000e+12 3.035566440448000000e+12 3.035566440448000000e+12 3.035566440448000000e+12 3.035566440448000000e+12 3.035566440448000000e+12 3.035566440448000000e+12 3.035566440448000000e+12 3.035566440448000000e+12 3.035566440448000000e+12 3.035566440448000000e+12 3.035566440448000000e+12 3.035566440448000000e+12 3.035566440448000000e+12 3.035566440448000000e+12 3.035566440448000000e+12 3.035566440448000000e+12 3.035566440448000000e+12 3.035566440448000000e+12 3.035566440448000000e+12 3.035566440448000000e+12 3.035566440448000000e+12 3.035566440448000000e+12 3.035566440448000000e+12 3.035566440448000000e+12 3.035566440448000000e+12 3.035566440448000000e+12 3.035566440448000000e+12 3.035566440448000000e+12 3.035566440448000000e+12 3.035566440448000000e+12 3.035566440448000000e+12 3.035566440448000000e+12 3.035566440448000000e+12 3.035566440448000000e+12 3.035566440448000000e+12 3.035566440448000000e+12 3.035566440448000000e+12 3.035566440448000000e+12 3.035566440448000000e+12 3.035566440448000000e+12 3.035566440448000000e+12 3.035566440448000000e+12 3.035566440448000000e+12 3.035566440448000000e+12 3.035566440448000000e+12 3.035566440448000000e+12 3.035566440448000000e+12 3.035566440448000000e+12 3.035566440448000000e+12 3.035566440448000000e+12 3.035566440448000000e+12 3.035566440448000000e+12 3.035566440448000000e+12 3.035566440448000000e+12 3.035566440448000000e+12 3.035566440448000000e+12 3.035566440448000000e+12 3.035566440448000000e+12 3.035566440448000000e+12 3.035566440448000000e+12 3.035566440448000000e+12 3.035566440448000000e+12 3.035566440448000000e+12 3.035566440448000000e+12 3.035566440448000000e+12 3.035566440448000000e+12 3.035566440448000000e+12 3.035566440448000000e+12 3.035566440448000000e+12 3.035566440448000000e+12 3.035566440448000000e+12 3.035566440448000000e+12 3.035566440448000000e+12 3.035566440448000000e+12
3.053883490304000000e+12 3.053883490304000000e+12 3.053883490304000000e+12 3.053883490304000000e+12 3.053883490304000000e+12 3.053883490304000000e+12 3.053883490304000000e+12 3.053883490304000000e+12 3.053883490304000000e+12 3.053883490304000000e+12 3.053883490304000000e+12 3.053883490304000000e+12 3.053883490304000000e+12 3.053883490304000000e+12 3.053883490304000000e+12 3.053883490304000000e+12 3.053883490304000000e+12 3.053883490304000000e+12 3.053883490304000000e+12 3.053883490304000000e+12 3.053883490304000000e+12 3.053883490304000000e+12 3.053883490304000000e+12 3.053883490304000000e+12 3.053883490304000000e+12 3.053883490304000000e+12 3.053883490304000000e+12 3.053883490304000000e+12 3.053883490304000000e+12 3.053883490304000000e+12 3.053883490304000000e+12 3.053883490304000000e+12 3.053883490304000000e+12 3.053883490304000000e+12 3.053883490304000000e+12 3.053883490304000000e+12 3.053883490304000000e+12 3.053883490304000000e+12 3.053883490304000000e+12 3.053883490304000000e+12 3.053883490304000000e+12 3.053883490304000000e+12 3.053883490304000000e+12 3.053883490304000000e+12 3.053883490304000000e+12 3.053883490304000000e+12 3.053883490304000000e+12 3.053883490304000000e+12 3.053883490304000000e+12 3.053883490304000000e+12 3.053883490304000000e+12 3.053883490304000000e+12 3.053883490304000000e+12 3.053883490304000000e+12 3.053883490304000000e+12 3.053883490304000000e+12 3.053883490304000000e+12 3.053883490304000000e+12 3.053883490304000000e+12 3.053883490304000000e+12 3.053883490304000000e+12 3.053883490304000000e+12 3.053883490304000000e+12 3.053883490304000000e+12 3.053883490304000000e+12 3.053883490304000000e+12 3.053883490304000000e+12 3.053883490304000000e+12 3.053883490304000000e+12 3.053883490304000000e+12 3.053883490304000000e+12 3.053883490304000000e+12 3.053883490304000000e+12 3.053883490304000000e+12 3.053883490304000000e+12 3.053883490304000000e+12 3.053883490304000000e+12 3.053883490304000000e+12 3.053883490304000000e+12 3.053883490304000000e+12 3.053883490304000000e+12 3.053883490304000000e+12 3.053883490304000000e+12 3.053883490304000000e+12 3.053883490304000000e+12 3.053883490304000000e+12 3.053883490304000000e+12 3.053883490304000000e+12 3.053883490304000000e+12 3.053883490304000000e+12 3.053883490304000000e+12 3.053883490304000000e+12 3.053883490304000000e+12 3.053883490304000000e+12 3.053883490304000000e+12 3.053883490304000000e+12 3.053883490304000000e+12 3.053883490304000000e+12 3.053883490304000000e+12 3.053883490304000000e+12 3.053883490304000000e+12 3.053883490304000000e+12 3.053883490304000000e+12 3.053883490304000000e+12 3.053883490304000000e+12 3.053883490304000000e+12 3.053883490304000000e+12 3.053883490304000000e+12 3.053883490304000000e+12 3.053883490304000000e+12 3.053883490304000000e+12 3.053883490304000000e+12 3.053883490304000000e+12 3.053883490304000000e+12 3.053883490304000000e+12 3.053883490304000000e+12 3.053883490304000000e+12 3.053883490304000000e+12 3.053883490304000000e+12 3.053883490304000000e+12
3.023041986560000000e+12 3.023041986560000000e+12 3.023041986560000000e+12 3.023041986560000000e+12 3.023041986560000000e+12 3.023041986560000000e+12 3.023041986560000000e+12 3.023041986560000000e+12 3.023041986560000000e+12 3.023041986560000000e+12 3.023041986560000000e+12 3.023041986560000000e+12 3.023041986560000000e+12 3.023041986560000000e+12 3.023041986560000000e+12 3.023041986560000000e+12 3.023041986560000000e+12 3.023041986560000000e+12 3.023041986560000000e+12 3.023041986560000000e+12 3.023041986560000000e+12 3.023041986560000000e+12 3.023041986560000000e+12 3.023041986560000000e+12 3.023041986560000000e+12 3.023041986560000000e+12 3.023041986560000000e+12 3.023041986560000000e+12 3.023041986560000000e+12 3.023041986560000000e+12 3.023041986560000000e+12 3.023041986560000000e+12 3.023041986560000000e+12 3.023041986560000000e+12 3.023041986560000000e+12 3.023041986560000000e+12 3.023041986560000000e+12 3.023041986560000000e+12 3.023041986560000000e+12 3.023041986560000000e+12 3.023041986560000000e+12 3.023041986560000000e+12 3.023041986560000000e+12 3.023041986560000000e+12 3.023041986560000000e+12 3.023041986560000000e+12 3.023041986560000000e+12 3.023041986560000000e+12 3.023041986560000000e+12 3.023041986560000000e+12 3.023041986560000000e+12 3.023041986560000000e+12 3.023041986560000000e+12 3.023041986560000000e+12 3.023041986560000000e+12 3.023041986560000000e+12 3.023041986560000000e+12 3.023041986560000000e+12 3.023041986560000000e+12 3.023041986560000000e+12 3.023041986560000000e+12 3.023041986560000000e+12 3.023041986560000000e+12 3.023041986560000000e+12 3.023041986560000000e+12 3.023041986560000000e+12 3.023041986560000000e+12 3.023041986560000000e+12 3.023041986560000000e+12 3.023041986560000000e+12 3.023041986560000000e+12 3.023041986560000000e+12 3.023041986560000000e+12 3.023041986560000000e+12 3.023041986560000000e+12 3.023041986560000000e+12 3.023041986560000000e+12 3.023041986560000000e+12 3.023041986560000000e+12 3.023041986560000000e+12 3.023041986560000000e+12 3.023041986560000000e+12 3.023041986560000000e+12 3.023041986560000000e+12 3.023041986560000000e+12 3.023041986560000000e+12 3.023041986560000000e+12 3.023041986560000000e+12 3.023041986560000000e+12 3.023041986560000000e+12 3.023041986560000000e+12 3.023041986560000000e+12 3.023041986560000000e+12 3.023041986560000000e+12 3.023041986560000000e+12 3.023041986560000000e+12 3.023041986560000000e+12 3.023041986560000000e+12 3.023041986560000000e+12 3.023041986560000000e+12 3.023041986560000000e+12 3.023041986560000000e+12 3.023041986560000000e+12 3.023041986560000000e+12 3.023041986560000000e+12 3.023041986560000000e+12 3.023041986560000000e+12 3.023041986560000000e+12 3.023041986560000000e+12 3.023041986560000000e+12 3.023041986560000000e+12 3.023041986560000000e+12 3.023041986560000000e+12 3.023041986560000000e+12 3.023041986560000000e+12 3.023041986560000000e+12 3.023041986560000000e+12 3.023041986560000000e+12 3.023041986560000000e+12 3.023041986560000000e+12
3.019414700032000000e+12 3.019414700032000000e+12 3.019414700032000000e+12 3.019414700032000000e+12 3.019414700032000000e+12 3.019414700032000000e+12 3.019414700032000000e+12 3.019414700032000000e+12 3.019414700032000000e+12 3.019414700032000000e+12 3.019414700032000000e+12 3.019414700032000000e+12 3.019414700032000000e+12 3.019414700032000000e+12 3.019414700032000000e+12 3.019414700032000000e+12 3.019414700032000000e+12 3.019414700032000000e+12 3.019414700032000000e+12 3.019414700032000000e+12 3.019414700032000000e+12 3.019414700032000000e+12 3.019414700032000000e+12 3.019414700032000000e+12 3.019414700032000000e+12 3.019414700032000000e+12 3.019414700032000000e+12 3.019414700032000000e+12 3.019414700032000000e+12 3.019414700032000000e+12 3.019414700032000000e+12 3.019414700032000000e+12 3.019414700032000000e+12 3.019414700032000000e+12 3.019414700032000000e+12 3.019414700032000000e+12 3.019414700032000000e+12 3.019414700032000000e+12 3.019414700032000000e+12 3.019414700032000000e+12 3.019414700032000000e+12 3.019414700032000000e+12 3.019414700032000000e+12 3.019414700032000000e+12 3.019414700032000000e+12 3.019414700032000000e+12 3.019414700032000000e+12 3.019414700032000000e+12 3.019414700032000000e+12 3.019414700032000000e+12 3.019414700032000000e+12 3.019414700032000000e+12 3.019414700032000000e+12 3.019414700032000000e+12 3.019414700032000000e+12 3.019414700032000000e+12 3.019414700032000000e+12 3.019414700032000000e+12 3.019414700032000000e+12 3.019414700032000000e+12 3.019414700032000000e+12 3.019414700032000000e+12 3.019414700032000000e+12 3.019414700032000000e+12 3.019414700032000000e+12 3.019414700032000000e+12 3.019414700032000000e+12 3.019414700032000000e+12 3.019414700032000000e+12 3.019414700032000000e+12 3.019414700032000000e+12 3.019414700032000000e+12 3.019414700032000000e+12 3.019414700032000000e+12 3.019414700032000000e+12 3.019414700032000000e+12 3.019414700032000000e+12 3.019414700032000000e+12 3.019414700032000000e+12 3.019414700032000000e+12 3.019414700032000000e+12 3.019414700032000000e+12 3.019414700032000000e+12 3.019414700032000000e+12 3.019414700032000000e+12 3.019414700032000000e+12 3.019414700032000000e+12 3.019414700032000000e+12 3.019414700032000000e+12 3.019414700032000000e+12 3.019414700032000000e+12 3.019414700032000000e+12 3.019414700032000000e+12 3.019414700032000000e+12 3.019414700032000000e+12 3.019414700032000000e+12 3.019414700032000000e+12 3.019414700032000000e+12 3.019414700032000000e+12 3.019414700032000000e+12 3.019414700032000000e+12 3.019414700032000000e+12 3.019414700032000000e+12 3.019414700032000000e+12 3.019414700032000000e+12 3.019414700032000000e+12 3.019414700032000000e+12 3.019414700032000000e+12 3.019414700032000000e+12 3.019414700032000000e+12 3.019414700032000000e+12 3.019414700032000000e+12 3.019414700032000000e+12 3.019414700032000000e+12 3.019414700032000000e+12 3.019414700032000000e+12 3.019414700032000000e+12 3.019414700032000000e+12 3.019414700032000000e+12 3.019414700032000000e+12
3.020024446976000000e+12 3.020024446976000000e+12 3.020024446976000000e+12 3.020024446976000000e+12 3.020024446976000000e+12 3.020024446976000000e+12 3.020024446976000000e+12 3.020024446976000000e+12 3.020024446976000000e+12 3.020024446976000000e+12 3.020024446976000000e+12 3.020024446976000000e+12 3.020024446976000000e+12 3.020024446976000000e+12 3.020024446976000000e+12 3.020024446976000000e+12 3.020024446976000000e+12 3.020024446976000000e+12 3.020024446976000000e+12 3.020024446976000000e+12 3.020024446976000000e+12 3.020024446976000000e+12 3.020024446976000000e+12 3.020024446976000000e+12 3.020024446976000000e+12 3.020024446976000000e+12 3.020024446976000000e+12 3.020024446976000000e+12 3.020024446976000000e+12 3.020024446976000000e+12 3.020024446976000000e+12 3.020024446976000000e+12 3.020024446976000000e+12 3.020024446976000000e+12 3.020024446976000000e+12 3.020024446976000000e+12 3.020024446976000000e+12 3.020024446976000000e+12 3.020024446976000000e+12 3.020024446976000000e+12 3.020024446976000000e+12 3.020024446976000000e+12 3.020024446976000000e+12 3.020024446976000000e+12 3.020024446976000000e+12 3.020024446976000000e+12 3.020024446976000000e+12 3.020024446976000000e+12 3.020024446976000000e+12 3.020024446976000000e+12 3.020024446976000000e+12 3.020024446976000000e+12 3.020024446976000000e+12 3.020024446976000000e+12 3.020024446976000000e+12 3.020024446976000000e+12 3.020024446976000000e+12 3.020024446976000000e+12 3.020024446976000000e+12 3.020024446976000000e+12 3.020024446976000000e+12 3.020024446976000000e+12 3.020024446976000000e+12 3.020024446976000000e+12 3.020024446976000000e+12 3.020024446976000000e+12 3.020024446976000000e+12 3.020024446976000000e+12 3.020024446976000000e+12 3.020024446976000000e+12 3.020024446976000000e+12 3.020024446976000000e+12 3.020024446976000000e+12 3.020024446976000000e+12 3.020024446976000000e+12 3.020024446976000000e+12 3.020024446976000000e+12 3.020024446976000000e+12 3.020024446976000000e+12 3.020024446976000000e+12 3.020024446976000000e+12 3.020024446976000000e+12 3.020024446976000000e+12 3.020024446976000000e+12 3.020024446976000000e+12 3.020024446976000000e+12 3.020024446976000000e+12 3.020024446976000000e+12 3.020024446976000000e+12 3.020024446976000000e+12 3.020024446976000000e+12 3.020024446976000000e+12 3.020024446976000000e+12 3.020024446976000000e+12 3.020024446976000000e+12 3.020024446976000000e+12 3.020024446976000000e+12 3.020024446976000000e+12 3.020024446976000000e+12 3.020024446976000000e+12 3.020024446976000000e+12 3.020024446976000000e+12 3.020024446976000000e+12 3.020024446976000000e+12 3.020024446976000000e+12 3.020024446976000000e+12 3.020024446976000000e+12 3.020024446976000000e+12 3.020024446976000000e+12 3.020024446976000000e+12 3.020024446976000000e+12 3.020024446976000000e+12 3.020024446976000000e+12 3.020024446976000000e+12 3.020024446976000000e+12 3.020024446976000000e+12 3.020024446976000000e+12 3.020024446976000000e+12 3.020024446976000000e+12 3.020024446976000000e+12
3.032344952832000000e+12 3.032344952832000000e+12 3.032344952832000000e+12 3.032344952832000000e+12 3.032344952832000000e+12 3.032344952832000000e+12 3.032344952832000000e+12 3.032344952832000000e+12 3.032344952832000000e+12 3.032344952832000000e+12 3.032344952832000000e+12 3.032344952832000000e+12 3.032344952832000000e+12 3.032344952832000000e+12 3.032344952832000000e+12 3.032344952832000000e+12 3.032344952832000000e+12 3.032344952832000000e+12 3.032344952832000000e+12 3.032344952832000000e+12 3.032344952832000000e+12 3.032344952832000000e+12 3.032344952832000000e+12 3.032344952832000000e+12 3.032344952832000000e+12 3.032344952832000000e+12 3.032344952832000000e+12 3.032344952832000000e+12 3.032344952832000000e+12 3.032344952832000000e+12 3.032344952832000000e+12 3.032344952832000000e+12 3.032344952832000000e+12 3.032344952832000000e+12 3.032344952832000000e+12 3.032344952832000000e+12 3.032344952832000000e+12 3.032344952832000000e+12 3.032344952832000000e+12 3.032344952832000000e+12 3.032344952832000000e+12 3.032344952832000000e+12 3.032344952832000000e+12 3.032344952832000000e+12 3.032344952832000000e+12 3.032344952832000000e+12 3.032344952832000000e+12 3.032344952832000000e+12 3.032344952832000000e+12 3.032344952832000000e+12 3.032344952832000000e+12 3.032344952832000000e+12 3.032344952832000000e+12 3.032344952832000000e+12 3.032344952832000000e+12 3.032344952832000000e+12 3.032344952832000000e+12 3.032344952832000000e+12 3.032344952832000000e+12 3.032344952832000000e+12 3.032344952832000000e+12 3.032344952832000000e+12 3.032344952832000000e+12 3.032344952832000000e+12 3.032344952832000000e+12 3.032344952832000000e+12 3.032344952832000000e+12 3.032344952832000000e+12 3.032344952832000000e+12 3.032344952832000000e+12 3.032344952832000000e+12 3.032344952832000000e+12 3.032344952832000000e+12 3.032344952832000000e+12 3.032344952832000000e+12 3.032344952832000000e+12 3.032344952832000000e+12 3.032344952832000000e+12 3.032344952832000000e+12 3.032344952832000000e+12 3.032344952832000000e+12 3.032344952832000000e+12 3.032344952832000000e+12 3.032344952832000000e+12 3.032344952832000000e+12 3.032344952832000000e+12 3.032344952832000000e+12 3.032344952832000000e+12 3.032344952832000000e+12 3.032344952832000000e+12 3.032344952832000000e+12 3.032344952832000000e+12 3.032344952832000000e+12 3.032344952832000000e+12 3.032344952832000000e+12 3.032344952832000000e+12 3.032344952832000000e+12 3.032344952832000000e+12 3.032344952832000000e+12 3.032344952832000000e+12 3.032344952832000000e+12 3.032344952832000000e+12 3.032344952832000000e+12 3.032344952832000000e+12 3.032344952832000000e+12 3.032344952832000000e+12 3.032344952832000000e+12 3.032344952832000000e+12 3.032344952832000000e+12 3.032344952832000000e+12 3.032344952832000000e+12 3.032344952832000000e+12 3.032344952832000000e+12 3.032344952832000000e+12 3.032344952832000000e+12 3.032344952832000000e+12 3.032344952832000000e+12 3.032344952832000000e+12 3.032344952832000000e+12 3.032344952832000000e+12
3.024389144576000000e+12 3.024389144576000000e+12 3.024389144576000000e+12 3.024389144576000000e+12 3.024389144576000000e+12 3.024389144576000000e+12 3.024389144576000000e+12 3.024389144576000000e+12 3.024389144576000000e+12 3.024389144576000000e+12 3.024389144576000000e+12 3.024389144576000000e+12 3.024389144576000000e+12 3.024389144576000000e+12 3.024389144576000000e+12 3.024389144576000000e+12 3.024389144576000000e+12 3.024389144576000000e+12 3.024389144576000000e+12 3.024389144576000000e+12 3.024389144576000000e+12 3.024389144576000000e+12 3.024389144576000000e+12 3.024389144576000000e+12 3.024389144576000000e+12 3.024389144576000000e+12 3.024389144576000000e+12 3.024389144576000000e+12 3.024389144576000000e+12 3.024389144576000000e+12 3.024389144576000000e+12 3.024389144576000000e+12 3.024389144576000000e+12 3.024389144576000000e+12 3.024389144576000000e+12 3.024389144576000000e+12 3.024389144576000000e+12 3.024389144576000000e+12 3.024389144576000000e+12 3.024389144576000000e+12 3.024389144576000000e+12 3.024389144576000000e+12 3.024389144576000000e+12 3.024389144576000000e+12 3.024389144576000000e+12 3.024389144576000000e+12 3.024389144576000000e+12 3.024389144576000000e+12 3.024389144576000000e+12 3.024389144576000000e+12 3.024389144576000000e+12 3.024389144576000000e+12 3.024389144576000000e+12 3.024389144576000000e+12 3.024389144576000000e+12 3.024389144576000000e+12 3.024389144576000000e+12 3.024389144576000000e+12 3.024389144576000000e+12 3.024389144576000000e+12 3.024389144576000000e+12 3.024389144576000000e+12 3.024389144576000000e+12 3.024389144576000000e+12 3.024389144576000000e+12 3.024389144576000000e+12 3.024389144576000000e+12 3.024389144576000000e+12 3.024389144576000000e+12 3.024389144576000000e+12 3.024389144576000000e+12 3.024389144576000000e+12 3.024389144576000000e+12 3.024389144576000000e+12 3.024389144576000000e+12 3.024389144576000000e+12 3.024389144576000000e+12 3.024389144576000000e+12 3.024389144576000000e+12 3.024389144576000000e+12 3.024389144576000000e+12 3.024389144576000000e+12 3.024389144576000000e+12 3.024389144576000000e+12 3.024389144576000000e+12 3.024389144576000000e+12 3.024389144576000000e+12 3.024389144576000000e+12 3.024389144576000000e+12 3.024389144576000000e+12 3.024389144576000000e+12 3.024389144576000000e+12 3.024389144576000000e+12 3.024389144576000000e+12 3.024389144576000000e+12 3.024389144576000000e+12 3.024389144576000000e+12 3.024389144576000000e+12 3.024389144576000000e+12 3.024389144576000000e+12 3.024389144576000000e+12 3.024389144576000000e+12 3.024389144576000000e+12 3.024389144576000000e+12 3.024389144576000000e+12 3.024389144576000000e+12 3.024389144576000000e+12 3.024389144576000000e+12 3.024389144576000000e+12 3.024389144576000000e+12 3.024389144576000000e+12 3.024389144576000000e+12 3.024389144576000000e+12 3.024389144576000000e+12 3.024389144576000000e+12 3.024389144576000000e+12 3.024389144576000000e+12 3.024389144576000000e+12 3.024389144576000000e+12 3.024389144576000000e+12
3.034990772224000000e+12 3.034990772224000000e+12 3.034990772224000000e+12 3.034990772224000000e+12 3.034990772224000000e+12 3.034990772224000000e+12 3.034990772224000000e+12 3.034990772224000000e+12 3.034990772224000000e+12 3.034990772224000000e+12 3.034990772224000000e+12 3.034990772224000000e+12 3.034990772224000000e+12 3.034990772224000000e+12 3.034990772224000000e+12 3.034990772224000000e+12 3.034990772224000000e+12 3.034990772224000000e+12 3.034990772224000000e+12 3.034990772224000000e+12 3.034990772224000000e+12 3.034990772224000000e+12 3.034990772224000000e+12 3.034990772224000000e+12 3.034990772224000000e+12 3.034990772224000000e+12 3.034990772224000000e+12 3.034990772224000000e+12 3.034990772224000000e+12 3.034990772224000000e+12 3.034990772224000000e+12 3.034990772224000000e+12 3.034990772224000000e+12 3.034990772224000000e+12 3.034990772224000000e+12 3.034990772224000000e+12 3.034990772224000000e+12 3.034990772224000000e+12 3.034990772224000000e+12 3.034990772224000000e+12 3.034990772224000000e+12 3.034990772224000000e+12 3.034990772224000000e+12 3.034990772224000000e+12 3.034990772224000000e+12 3.034990772224000000e+12 3.034990772224000000e+12 3.034990772224000000e+12 3.034990772224000000e+12 3.034990772224000000e+12 3.034990772224000000e+12 3.034990772224000000e+12 3.034990772224000000e+12 3.034990772224000000e+12 3.034990772224000000e+12 3.034990772224000000e+12 3.034990772224000000e+12 3.034990772224000000e+12 3.034990772224000000e+12 3.034990772224000000e+12 3.034990772224000000e+12 3.034990772224000000e+12 3.034990772224000000e+12 3.034990772224000000e+12 3.034990772224000000e+12 3.034990772224000000e+12 3.034990772224000000e+12 3.034990772224000000e+12 3.034990772224000000e+12 3.034990772224000000e+12 3.034990772224000000e+12 3.034990772224000000e+12 3.034990772224000000e+12 3.034990772224000000e+12 3.034990772224000000e+12 3.034990772224000000e+12 3.034990772224000000e+12 3.034990772224000000e+12 3.034990772224000000e+12 3.034990772224000000e+12 3.034990772224000000e+12 3.034990772224000000e+12 3.034990772224000000e+12 3.034990772224000000e+12 3.034990772224000000e+12 3.034990772224000000e+12 3.034990772224000000e+12 3.034990772224000000e+12 3.034990772224000000e+12 3.034990772224000000e+12 3.034990772224000000e+12 3.034990772224000000e+12 3.034990772224000000e+12 3.034990772224000000e+12 3.034990772224000000e+12 3.034990772224000000e+12 3.034990772224000000e+12 3.034990772224000000e+12 3.034990772224000000e+12 3.034990772224000000e+12 3.034990772224000000e+12 3.034990772224000000e+12 3.034990772224000000e+12 3.034990772224000000e+12 3.034990772224000000e+12 3.034990772224000000e+12 3.034990772224000000e+12 3.034990772224000000e+12 3.034990772224000000e+12 3.034990772224000000e+12 3.034990772224000000e+12 3.034990772224000000e+12 3.034990772224000000e+12 3.034990772224000000e+12 3.034990772224000000e+12 3.034990772224000000e+12 3.034990772224000000e+12 3.034990772224000000e+12 3.034990772224000000e+12 3.034990772224000000e+12
3.021238173696000000e+12 3.021238173696000000e+12 3.021238173696000000e+12 3.021238173696000000e+12 3.021238173696000000e+12 3.021238173696000000e+12 3.021238173696000000e+12 3.021238173696000000e+12 3.021238173696000000e+12 3.021238173696000000e+12 3.021238173696000000e+12 3.021238173696000000e+12 3.021238173696000000e+12 3.021238173696000000e+12 3.021238173696000000e+12 3.021238173696000000e+12 3.021238173696000000e+12 3.021238173696000000e+12 3.021238173696000000e+12 3.021238173696000000e+12 3.021238173696000000e+12 3.021238173696000000e+12 3.021238173696000000e+12 3.021238173696000000e+12 3.021238173696000000e+12 3.021238173696000000e+12 3.021238173696000000e+12 3.021238173696000000e+12 3.021238173696000000e+12 3.021238173696000000e+12 3.021238173696000000e+12 3.021238173696000000e+12 3.021238173696000000e+12 3.021238173696000000e+12 3.021238173696000000e+12 3.021238173696000000e+12 3.021238173696000000e+12 3.021238173696000000e+12 3.021238173696000000e+12 3.021238173696000000e+12 3.021238173696000000e+12 3.021238173696000000e+12 3.021238173696000000e+12 3.021238173696000000e+12 3.021238173696000000e+12 3.021238173696000000e+12 3.021238173696000000e+12 3.021238173696000000e+12 3.021238173696000000e+12 3.021238173696000000e+12 3.021238173696000000e+12 3.021238173696000000e+12 3.021238173696000000e+12 3.021238173696000000e+12 3.021238173696000000e+12 3.021238173696000000e+12 3.021238173696000000e+12 3.021238173696000000e+12 3.021238173696000000e+12 3.021238173696000000e+12 3.021238173696000000e+12 3.021238173696000000e+12 3.021238173696000000e+12 3.021238173696000000e+12 3.021238173696000000e+12 3.021238173696000000e+12 3.021238173696000000e+12 3.021238173696000000e+12 3.021238173696000000e+12 3.021238173696000000e+12 3.021238173696000000e+12 3.021238173696000000e+12 3.021238173696000000e+12 3.021238173696000000e+12 3.021238173696000000e+12 3.021238173696000000e+12 3.021238173696000000e+12 3.021238173696000000e+12 3.021238173696000000e+12 3.021238173696000000e+12 3.021238173696000000e+12 3.021238173696000000e+12 3.021238173696000000e+12 3.021238173696000000e+12 3.021238173696000000e+12 3.021238173696000000e+12 3.021238173696000000e+12 3.021238173696000000e+12 3.021238173696000000e+12 3.021238173696000000e+12 3.021238173696000000e+12 3.021238173696000000e+12 3.021238173696000000e+12 3.021238173696000000e+12 3.021238173696000000e+12 3.021238173696000000e+12 3.021238173696000000e+12 3.021238173696000000e+12 3.021238173696000000e+12 3.021238173696000000e+12 3.021238173696000000e+12 3.021238173696000000e+12 3.021238173696000000e+12 3.021238173696000000e+12 3.021238173696000000e+12 3.021238173696000000e+12 3.021238173696000000e+12 3.021238173696000000e+12 3.021238173696000000e+12 3.021238173696000000e+12 3.021238173696000000e+12 3.021238173696000000e+12 3.021238173696000000e+12 3.021238173696000000e+12 3.021238173696000000e+12 3.021238173696000000e+12 3.021238173696000000e+12 3.021238173696000000e+12 3.021238173696000000e+12 3.021238173696000000e+12
3.034050723840000000e+12 3.034050723840000000e+12 3.034050723840000000e+12 3.034050723840000000e+12 3.034050723840000000e+12 3.034050723840000000e+12 3.034050723840000000e+12 3.034050723840000000e+12 3.034050723840000000e+12 3.034050723840000000e+12 3.034050723840000000e+12 3.034050723840000000e+12 3.034050723840000000e+12 3.034050723840000000e+12 3.034050723840000000e+12 3.034050723840000000e+12 3.034050723840000000e+12 3.034050723840000000e+12 3.034050723840000000e+12 3.034050723840000000e+12 3.034050723840000000e+12 3.034050723840000000e+12 3.034050723840000000e+12 3.034050723840000000e+12 3.034050723840000000e+12 3.034050723840000000e+12 3.034050723840000000e+12 3.034050723840000000e+12 3.034050723840000000e+12 3.034050723840000000e+12 3.034050723840000000e+12 3.034050723840000000e+12 3.034050723840000000e+12 3.034050723840000000e+12 3.034050723840000000e+12 3.034050723840000000e+12 3.034050723840000000e+12 3.034050723840000000e+12 3.034050723840000000e+12 3.034050723840000000e+12 3.034050723840000000e+12 3.034050723840000000e+12 3.034050723840000000e+12 3.034050723840000000e+12 3.034050723840000000e+12 3.034050723840000000e+12 3.034050723840000000e+12 3.034050723840000000e+12 3.034050723840000000e+12 3.034050723840000000e+12 3.034050723840000000e+12 3.034050723840000000e+12 3.034050723840000000e+12 3.034050723840000000e+12 3.034050723840000000e+12 3.034050723840000000e+12 3.034050723840000000e+12 3.034050723840000000e+12 3.034050723840000000e+12 3.034050723840000000e+12 3.034050723840000000e+12 3.034050723840000000e+12 3.034050723840000000e+12 3.034050723840000000e+12 3.034050723840000000e+12 3.034050723840000000e+12 3.034050723840000000e+12 3.034050723840000000e+12 3.034050723840000000e+12 3.034050723840000000e+12 3.034050723840000000e+12 3.034050723840000000e+12 3.034050723840000000e+12 3.034050723840000000e+12 3.034050723840000000e+12 3.034050723840000000e+12 3.034050723840000000e+12 3.034050723840000000e+12 3.034050723840000000e+12 3.034050723840000000e+12 3.034050723840000000e+12 3.034050723840000000e+12 3.034050723840000000e+12 3.034050723840000000e+12 3.034050723840000000e+12 3.034050723840000000e+12 3.034050723840000000e+12 3.034050723840000000e+12 3.034050723840000000e+12 3.034050723840000000e+12 3.034050723840000000e+12 3.034050723840000000e+12 3.034050723840000000e+12 3.034050723840000000e+12 3.034050723840000000e+12 3.034050723840000000e+12 3.034050723840000000e+12 3.034050723840000000e+12 3.034050723840000000e+12 3.034050723840000000e+12 3.034050723840000000e+12 3.034050723840000000e+12 3.034050723840000000e+12 3.034050723840000000e+12 3.034050723840000000e+12 3.034050723840000000e+12 3.034050723840000000e+12 3.034050723840000000e+12 3.034050723840000000e+12 3.034050723840000000e+12 3.034050723840000000e+12 3.034050723840000000e+12 3.034050723840000000e+12 3.034050723840000000e+12 3.034050723840000000e+12 3.034050723840000000e+12 3.034050723840000000e+12 3.034050723840000000e+12 3.034050723840000000e+12 3.034050723840000000e+12
3.029922480128000000e+12 3.029922480128000000e+12 3.029922480128000000e+12 3.029922480128000000e+12 3.029922480128000000e+12 3.029922480128000000e+12 3.029922480128000000e+12 3.029922480128000000e+12 3.029922480128000000e+12 3.029922480128000000e+12 3.029922480128000000e+12 3.029922480128000000e+12 3.029922480128000000e+12 3.029922480128000000e+12 3.029922480128000000e+12 3.029922480128000000e+12 3.029922480128000000e+12 3.029922480128000000e+12 3.029922480128000000e+12 3.029922480128000000e+12 3.029922480128000000e+12 3.029922480128000000e+12 3.029922480128000000e+12 3.029922480128000000e+12 3.029922480128000000e+12 3.029922480128000000e+12 3.029922480128000000e+12 3.029922480128000000e+12 3.029922480128000000e+12 3.029922480128000000e+12 3.029922480128000000e+12 3.029922480128000000e+12 3.029922480128000000e+12 3.029922480128000000e+12 3.029922480128000000e+12 3.029922480128000000e+12 3.029922480128000000e+12 3.029922480128000000e+12 3.029922480128000000e+12 3.029922480128000000e+12 3.029922480128000000e+12 3.029922480128000000e+12 3.029922480128000000e+12 3.029922480128000000e+12 3.029922480128000000e+12 3.029922480128000000e+12 3.029922480128000000e+12 3.029922480128000000e+12 3.029922480128000000e+12 3.029922480128000000e+12 3.029922480128000000e+12 3.029922480128000000e+12 3.029922480128000000e+12 3.029922480128000000e+12 3.029922480128000000e+12 3.029922480128000000e+12 3.029922480128000000e+12 3.029922480128000000e+12 3.029922480128000000e+12 3.029922480128000000e+12 3.029922480128000000e+12 3.029922480128000000e+12 3.029922480128000000e+12 3.029922480128000000e+12 3.029922480128000000e+12 3.029922480128000000e+12 3.029922480128000000e+12 3.029922480128000000e+12 3.029922480128000000e+12 3.029922480128000000e+12 3.029922480128000000e+12 3.029922480128000000e+12 3.029922480128000000e+12 3.029922480128000000e+12 3.029922480128000000e+12 3.029922480128000000e+12 3.029922480128000000e+12 3.029922480128000000e+12 3.029922480128000000e+12 3.029922480128000000e+12 3.029922480128000000e+12 3.029922480128000000e+12 3.029922480128000000e+12 3.029922480128000000e+12 3.029922480128000000e+12 3.029922480128000000e+12 3.029922480128000000e+12 3.029922480128000000e+12 3.029922480128000000e+12 3.029922480128000000e+12 3.029922480128000000e+12 3.029922480128000000e+12 3.029922480128000000e+12 3.029922480128000000e+12 3.029922480128000000e+12 3.029922480128000000e+12 3.029922480128000000e+12 3.029922480128000000e+12 3.029922480128000000e+12 3.029922480128000000e+12 3.029922480128000000e+12 3.029922480128000000e+12 3.029922480128000000e+12 3.029922480128000000e+12 3.029922480128000000e+12 3.029922480128000000e+12 3.029922480128000000e+12 3.029922480128000000e+12 3.029922480128000000e+12 3.029922480128000000e+12 3.029922480128000000e+12 3.029922480128000000e+12 3.029922480128000000e+12 3.029922480128000000e+12 3.029922480128000000e+12 3.029922480128000000e+12 3.029922480128000000e+12 3.029922480128000000e+12 3.029922480128000000e+12 3.029922480128000000e+12
3.028787920896000000e+12 3.028787920896000000e+12 3.028787920896000000e+12 3.028787920896000000e+12 3.028787920896000000e+12 3.028787920896000000e+12 3.028787920896000000e+12 3.028787920896000000e+12 3.028787920896000000e+12 3.028787920896000000e+12 3.028787920896000000e+12 3.028787920896000000e+12 3.028787920896000000e+12 3.028787920896000000e+12 3.028787920896000000e+12 3.028787920896000000e+12 3.028787920896000000e+12 3.028787920896000000e+12 3.028787920896000000e+12 3.028787920896000000e+12 3.028787920896000000e+12 3.028787920896000000e+12 3.028787920896000000e+12 3.028787920896000000e+12 3.028787920896000000e+12 3.028787920896000000e+12 3.028787920896000000e+12 3.028787920896000000e+12 3.028787920896000000e+12 3.028787920896000000e+12 3.028787920896000000e+12 3.028787920896000000e+12 3.028787920896000000e+12 3.028787920896000000e+12 3.028787920896000000e+12 3.028787920896000000e+12 3.028787920896000000e+12 3.028787920896000000e+12 3.028787920896000000e+12 3.028787920896000000e+12 3.028787920896000000e+12 3.028787920896000000e+12 3.028787920896000000e+12 3.028787920896000000e+12 3.028787920896000000e+12 3.028787920896000000e+12 3.028787920896000000e+12 3.028787920896000000e+12 3.028787920896000000e+12 3.028787920896000000e+12 3.028787920896000000e+12 3.028787920896000000e+12 3.028787920896000000e+12 3.028787920896000000e+12 3.028787920896000000e+12 3.028787920896000000e+12 3.028787920896000000e+12 3.028787920896000000e+12 3.028787920896000000e+12 3.028787920896000000e+12 3.028787920896000000e+12 3.028787920896000000e+12 3.028787920896000000e+12 3.028787920896000000e+12 3.028787920896000000e+12 3.028787920896000000e+12 3.028787920896000000e+12 3.028787920896000000e+12 3.028787920896000000e+12 3.028787920896000000e+12 3.028787920896000000e+12 3.028787920896000000e+12 3.028787920896000000e+12 3.028787920896000000e+12 3.028787920896000000e+12 3.028787920896000000e+12 3.028787920896000000e+12 3.028787920896000000e+12 3.028787920896000000e+12 3.028787920896000000e+12 3.028787920896000000e+12 3.028787920896000000e+12 3.028787920896000000e+12 3.028787920896000000e+12 3.028787920896000000e+12 3.028787920896000000e+12 3.028787920896000000e+12 3.028787920896000000e+12 3.028787920896000000e+12 3.028787920896000000e+12 3.028787920896000000e+12 3.028787920896000000e+12 3.028787920896000000e+12 3.028787920896000000e+12 3.028787920896000000e+12 3.028787920896000000e+12 3.028787920896000000e+12 3.028787920896000000e+12 3.028787920896000000e+12 3.028787920896000000e+12 3.028787920896000000e+12 3.028787920896000000e+12 3.028787920896000000e+12 3.028787920896000000e+12 3.028787920896000000e+12 3.028787920896000000e+12 3.028787920896000000e+12 3.028787920896000000e+12 3.028787920896000000e+12 3.028787920896000000e+12 3.028787920896000000e+12 3.028787920896000000e+12 3.028787920896000000e+12 3.028787920896000000e+12 3.028787920896000000e+12 3.028787920896000000e+12 3.028787920896000000e+12 3.028787920896000000e+12 3.028787920896000000e+12 3.028787920896000000e+12
3.020203229184000000e+12 3.020203229184000000e+12 3.020203229184000000e+12 3.020203229184000000e+12 3.020203229184000000e+12 3.020203229184000000e+12 3.020203229184000000e+12 3.020203229184000000e+12 3.020203229184000000e+12 3.020203229184000000e+12 3.020203229184000000e+12 3.020203229184000000e+12 3.020203229184000000e+12 3.020203229184000000e+12 3.020203229184000000e+12 3.020203229184000000e+12 3.020203229184000000e+12 3.020203229184000000e+12 3.020203229184000000e+12 3.020203229184000000e+12 3.020203229184000000e+12 3.020203229184000000e+12 3.020203229184000000e+12 3.020203229184000000e+12 3.020203229184000000e+12 3.020203229184000000e+12 3.020203229184000000e+12 3.020203229184000000e+12 3.020203229184000000e+12 3.020203229184000000e+12 3.020203229184000000e+12 3.020203229184000000e+12 3.020203229184000000e+12 3.020203229184000000e+12 3.020203229184000000e+12 3.020203229184000000e+12 3.020203229184000000e+12 3.020203229184000000e+12 3.020203229184000000e+12 3.020203229184000000e+12 3.020203229184000000e+12 3.020203229184000000e+12 3.020203229184000000e+12 3.020203229184000000e+12 3.020203229184000000e+12 3.020203229184000000e+12 3.020203229184000000e+12 3.020203229184000000e+12 3.020203229184000000e+12 3.020203229184000000e+12 3.020203229184000000e+12 3.020203229184000000e+12 3.020203229184000000e+12 3.020203229184000000e+12 3.020203229184000000e+12 3.020203229184000000e+12 3.020203229184000000e+12 3.020203229184000000e+12 3.020203229184000000e+12 3.020203229184000000e+12 3.020203229184000000e+12 3.020203229184000000e+12 3.020203229184000000e+12 3.020203229184000000e+12 3.020203229184000000e+12 3.020203229184000000e+12 3.020203229184000000e+12 3.020203229184000000e+12 3.020203229184000000e+12 3.020203229184000000e+12 3.020203229184000000e+12 3.020203229184000000e+12 3.020203229184000000e+12 3.020203229184000000e+12 3.020203229184000000e+12 3.020203229184000000e+12 3.020203229184000000e+12 3.020203229184000000e+12 3.020203229184000000e+12 3.020203229184000000e+12 3.020203229184000000e+12 3.020203229184000000e+12 3.020203229184000000e+12 3.020203229184000000e+12 3.020203229184000000e+12 3.020203229184000000e+12 3.020203229184000000e+12 3.020203229184000000e+12 3.020203229184000000e+12 3.020203229184000000e+12 3.020203229184000000e+12 3.020203229184000000e+12 3.020203229184000000e+12 3.020203229184000000e+12 3.020203229184000000e+12 3.020203229184000000e+12 3.020203229184000000e+12 3.020203229184000000e+12 3.020203229184000000e+12 3.020203229184000000e+12 3.020203229184000000e+12 3.020203229184000000e+12 3.020203229184000000e+12 3.020203229184000000e+12 3.020203229184000000e+12 3.020203229184000000e+12 3.020203229184000000e+12 3.020203229184000000e+12 3.020203229184000000e+12 3.020203229184000000e+12 3.020203229184000000e+12 3.020203229184000000e+12 3.020203229184000000e+12 3.020203229184000000e+12 3.020203229184000000e+12 3.020203229184000000e+12 3.020203229184000000e+12 3.020203229184000000e+12 3.020203229184000000e+12 3.020203229184000000e+12
3.051036606464000000e+12 3.051036606464000000e+12 3.051036606464000000e+12 3.051036606464000000e+12 3.051036606464000000e+12 3.051036606464000000e+12 3.051036606464000000e+12 3.051036606464000000e+12 3.051036606464000000e+12 3.051036606464000000e+12 3.051036606464000000e+12 3.051036606464000000e+12 3.051036606464000000e+12 3.051036606464000000e+12 3.051036606464000000e+12 3.051036606464000000e+12 3.051036606464000000e+12 3.051036606464000000e+12 3.051036606464000000e+12 3.051036606464000000e+12 3.051036606464000000e+12 3.051036606464000000e+12 3.051036606464000000e+12 3.051036606464000000e+12 3.051036606464000000e+12 3.051036606464000000e+12 3.051036606464000000e+12 3.051036606464000000e+12 3.051036606464000000e+12 3.051036606464000000e+12 3.051036606464000000e+12 3.051036606464000000e+12 3.051036606464000000e+12 3.051036606464000000e+12 3.051036606464000000e+12 3.051036606464000000e+12 3.051036606464000000e+12 3.051036606464000000e+12 3.051036606464000000e+12 3.051036606464000000e+12 3.051036606464000000e+12 3.051036606464000000e+12 3.051036606464000000e+12 3.051036606464000000e+12 3.051036606464000000e+12 3.051036606464000000e+12 3.051036606464000000e+12 3.051036606464000000e+12 3.051036606464000000e+12 3.051036606464000000e+12 3.051036606464000000e+12 3.051036606464000000e+12 3.051036606464000000e+12 3.051036606464000000e+12 3.051036606464000000e+12 3.051036606464000000e+12 3.051036606464000000e+12 3.051036606464000000e+12 3.051036606464000000e+12 3.051036606464000000e+12 3.051036606464000000e+12 3.051036606464000000e+12 3.051036606464000000e+12 3.051036606464000000e+12 3.051036606464000000e+12 3.051036606464000000e+12 3.051036606464000000e+12 3.051036606464000000e+12 3.051036606464000000e+12 3.051036606464000000e+12 3.051036606464000000e+12 3.051036606464000000e+12 3.051036606464000000e+12 3.051036606464000000e+12 3.051036606464000000e+12 3.051036606464000000e+12 3.051036606464000000e+12 3.051036606464000000e+12 3.051036606464000000e+12 3.051036606464000000e+12 3.051036606464000000e+12 3.051036606464000000e+12 3.051036606464000000e+12 3.051036606464000000e+12 3.051036606464000000e+12 3.051036606464000000e+12 3.051036606464000000e+12 3.051036606464000000e+12 3.051036606464000000e+12 3.051036606464000000e+12 3.051036606464000000e+12 3.051036606464000000e+12 3.051036606464000000e+12 3.051036606464000000e+12 3.051036606464000000e+12 3.051036606464000000e+12 3.051036606464000000e+12 3.051036606464000000e+12 3.051036606464000000e+12 3.051036606464000000e+12 3.051036606464000000e+12 3.051036606464000000e+12 3.051036606464000000e+12 3.051036606464000000e+12 3.051036606464000000e+12 3.051036606464000000e+12 3.051036606464000000e+12 3.051036606464000000e+12 3.051036606464000000e+12 3.051036606464000000e+12 3.051036606464000000e+12 3.051036606464000000e+12 3.051036606464000000e+12 3.051036606464000000e+12 3.051036606464000000e+12 3.051036606464000000e+12 3.051036606464000000e+12 3.051036606464000000e+12 3.051036606464000000e+12 3.051036606464000000e+12
3.044998381568000000e+12 3.044998381568000000e+12 3.044998381568000000e+12 3.044998381568000000e+12 3.044998381568000000e+12 3.044998381568000000e+12 3.044998381568000000e+12 3.044998381568000000e+12 3.044998381568000000e+12 3.044998381568000000e+12 3.044998381568000000e+12 3.044998381568000000e+12 3.044998381568000000e+12 3.044998381568000000e+12 3.044998381568000000e+12 3.044998381568000000e+12 3.044998381568000000e+12 3.044998381568000000e+12 3.044998381568000000e+12 3.044998381568000000e+12 3.044998381568000000e+12 3.044998381568000000e+12 3.044998381568000000e+12 3.044998381568000000e+12 3.044998381568000000e+12 3.044998381568000000e+12 3.044998381568000000e+12 3.044998381568000000e+12 3.044998381568000000e+12 3.044998381568000000e+12 3.044998381568000000e+12 3.044998381568000000e+12 3.044998381568000000e+12 3.044998381568000000e+12 3.044998381568000000e+12 3.044998381568000000e+12 3.044998381568000000e+12 3.044998381568000000e+12 3.044998381568000000e+12 3.044998381568000000e+12 3.044998381568000000e+12 3.044998381568000000e+12 3.044998381568000000e+12 3.044998381568000000e+12 3.044998381568000000e+12 3.044998381568000000e+12 3.044998381568000000e+12 3.044998381568000000e+12 3.044998381568000000e+12 3.044998381568000000e+12 3.044998381568000000e+12 3.044998381568000000e+12 3.044998381568000000e+12 3.044998381568000000e+12 3.044998381568000000e+12 3.044998381568000000e+12 3.044998381568000000e+12 3.044998381568000000e+12 3.044998381568000000e+12 3.044998381568000000e+12 3.044998381568000000e+12 3.044998381568000000e+12 3.044998381568000000e+12 3.044998381568000000e+12 3.044998381568000000e+12 3.044998381568000000e+12 3.044998381568000000e+12 3.044998381568000000e+12 3.044998381568000000e+12 3.044998381568000000e+12 3.044998381568000000e+12 3.044998381568000000e+12 3.044998381568000000e+12 3.044998381568000000e+12 3.044998381568000000e+12 3.044998381568000000e+12 3.044998381568000000e+12 3.044998381568000000e+12 3.044998381568000000e+12 3.044998381568000000e+12 3.044998381568000000e+12 3.044998381568000000e+12 3.044998381568000000e+12 3.044998381568000000e+12 3.044998381568000000e+12 3.044998381568000000e+12 3.044998381568000000e+12 3.044998381568000000e+12 3.044998381568000000e+12 3.044998381568000000e+12 3.044998381568000000e+12 3.044998381568000000e+12 3.044998381568000000e+12 3.044998381568000000e+12 3.044998381568000000e+12 3.044998381568000000e+12 3.044998381568000000e+12 3.044998381568000000e+12 3.044998381568000000e+12 3.044998381568000000e+12 3.044998381568000000e+12 3.044998381568000000e+12 3.044998381568000000e+12 3.044998381568000000e+12 3.044998381568000000e+12 3.044998381568000000e+12 3.044998381568000000e+12 3.044998381568000000e+12 3.044998381568000000e+12 3.044998381568000000e+12 3.044998381568000000e+12 3.044998381568000000e+12 3.044998381568000000e+12 3.044998381568000000e+12 3.044998381568000000e+12 3.044998381568000000e+12 3.044998381568000000e+12 3.044998381568000000e+12 3.044998381568000000e+12 3.044998381568000000e+12
3.032204705792000000e+12 3.032204705792000000e+12 3.032204705792000000e+12 3.032204705792000000e+12 3.032204705792000000e+12 3.032204705792000000e+12 3.032204705792000000e+12 3.032204705792000000e+12 3.032204705792000000e+12 3.032204705792000000e+12 3.032204705792000000e+12 3.032204705792000000e+12 3.032204705792000000e+12 3.032204705792000000e+12 3.032204705792000000e+12 3.032204705792000000e+12 3.032204705792000000e+12 3.032204705792000000e+12 3.032204705792000000e+12 3.032204705792000000e+12 3.032204705792000000e+12 3.032204705792000000e+12 3.032204705792000000e+12 3.032204705792000000e+12 3.032204705792000000e+12 3.032204705792000000e+12 3.032204705792000000e+12 3.032204705792000000e+12 3.032204705792000000e+12 3.032204705792000000e+12 3.032204705792000000e+12 3.032204705792000000e+12 3.032204705792000000e+12 3.032204705792000000e+12 3.032204705792000000e+12 3.032204705792000000e+12 3.032204705792000000e+12 3.032204705792000000e+12 3.032204705792000000e+12 3.032204705792000000e+12 3.032204705792000000e+12 3.032204705792000000e+12 3.032204705792000000e+12 3.032204705792000000e+12 3.032204705792000000e+12 3.032204705792000000e+12 3.032204705792000000e+12 3.032204705792000000e+12 3.032204705792000000e+12 3.032204705792000000e+12 3.032204705792000000e+12 3.032204705792000000e+12 3.032204705792000000e+12 3.032204705792000000e+12 3.032204705792000000e+12 3.032204705792000000e+12 3.032204705792000000e+12 3.032204705792000000e+12 3.032204705792000000e+12 3.032204705792000000e+12 3.032204705792000000e+12 3.032204705792000000e+12 3.032204705792000000e+12 3.032204705792000000e+12 3.032204705792000000e+12 3.032204705792000000e+12 3.032204705792000000e+12 3.032204705792000000e+12 3.032204705792000000e+12 3.032204705792000000e+12 3.032204705792000000e+12 3.032204705792000000e+12 3.032204705792000000e+12 3.032204705792000000e+12 3.032204705792000000e+12 3.032204705792000000e+12 3.032204705792000000e+12 3.032204705792000000e+12 3.032204705792000000e+12 3.032204705792000000e+12 3.032204705792000000e+12 3.032204705792000000e+12 3.032204705792000000e+12 3.032204705792000000e+12 3.032204705792000000e+12 3.032204705792000000e+12 3.032204705792000000e+12 3.032204705792000000e+12 3.032204705792000000e+12 3.032204705792000000e+12 3.032204705792000000e+12 3.032204705792000000e+12 3.032204705792000000e+12 3.032204705792000000e+12 3.032204705792000000e+12 3.032204705792000000e+12 3.032204705792000000e+12 3.032204705792000000e+12 3.032204705792000000e+12 3.032204705792000000e+12 3.032204705792000000e+12 3.032204705792000000e+12 3.032204705792000000e+12 3.032204705792000000e+12 3.032204705792000000e+12 3.032204705792000000e+12 3.032204705792000000e+12 3.032204705792000000e+12 3.032204705792000000e+12 3.032204705792000000e+12 3.032204705792000000e+12 3.032204705792000000e+12 3.032204705792000000e+12 3.032204705792000000e+12 3.032204705792000000e+12 3.032204705792000000e+12 3.032204705792000000e+12 3.032204705792000000e+12 3.032204705792000000e+12 3.032204705792000000e+12
3.015074643968000000e+12 3.015074643968000000e+12 3.015074643968000000e+12 3.015074643968000000e+12 3.015074643968000000e+12 3.015074643968000000e+12 3.015074643968000000e+12 3.015074643968000000e+12 3.015074643968000000e+12 3.015074643968000000e+12 3.015074643968000000e+12 3.015074643968000000e+12 3.015074643968000000e+12 3.015074643968000000e+12 3.015074643968000000e+12 3.015074643968000000e+12 3.015074643968000000e+12 3.015074643968000000e+12 3.015074643968000000e+12 3.015074643968000000e+12 3.015074643968000000e+12 3.015074643968000000e+12 3.015074643968000000e+12 3.015074643968000000e+12 3.015074643968000000e+12 3.015074643968000000e+12 3.015074643968000000e+12 3.015074643968000000e+12 3.015074643968000000e+12 3.015074643968000000e+12 3.015074643968000000e+12 3.015074643968000000e+12 3.015074643968000000e+12 3.015074643968000000e+12 3.015074643968000000e+12 3.015074643968000000e+12 3.015074643968000000e+12 3.015074643968000000e+12 3.015074643968000000e+12 3.015074643968000000e+12 3.015074643968000000e+12 3.015074643968000000e+12 3.015074643968000000e+12 3.015074643968000000e+12 3.015074643968000000e+12 3.015074643968000000e+12 3.015074643968000000e+12 3.015074643968000000e+12 3.015074643968000000e+12 3.015074643968000000e+12 3.015074643968000000e+12 3.015074643968000000e+12 3.015074643968000000e+12 3.015074643968000000e+12 3.015074643968000000e+12 3.015074643968000000e+12 3.015074643968000000e+12 3.015074643968000000e+12 3.015074643968000000e+12 3.015074643968000000e+12 3.015074643968000000e+12 3.015074643968000000e+12 3.015074643968000000e+12 3.015074643968000000e+12 3.015074643968000000e+12 3.015074643968000000e+12 3.015074643968000000e+12 3.015074643968000000e+12 3.015074643968000000e+12 3.015074643968000000e+12 3.015074643968000000e+12 3.015074643968000000e+12 3.015074643968000000e+12 3.015074643968000000e+12 3.015074643968000000e+12 3.015074643968000000e+12 3.015074643968000000e+12 3.015074643968000000e+12 3.015074643968000000e+12 3.015074643968000000e+12 3.015074643968000000e+12 3.015074643968000000e+12 3.015074643968000000e+12 3.015074643968000000e+12 3.015074643968000000e+12 3.015074643968000000e+12 3.015074643968000000e+12 3.015074643968000000e+12 3.015074643968000000e+12 3.015074643968000000e+12 3.015074643968000000e+12 3.015074643968000000e+12 3.015074643968000000e+12 3.015074643968000000e+12 3.015074643968000000e+12 3.015074643968000000e+12 3.015074643968000000e+12 3.015074643968000000e+12 3.015074643968000000e+12 3.015074643968000000e+12 3.015074643968000000e+12 3.015074643968000000e+12 3.015074643968000000e+12 3.015074643968000000e+12 3.015074643968000000e+12 3.015074643968000000e+12 3.015074643968000000e+12 3.015074643968000000e+12 3.015074643968000000e+12 3.015074643968000000e+12 3.015074643968000000e+12 3.015074643968000000e+12 3.015074643968000000e+12 3.015074643968000000e+12 3.015074643968000000e+12 3.015074643968000000e+12 3.015074643968000000e+12 3.015074643968000000e+12 3.015074643968000000e+12 3.015074643968000000e+12
3.026411323392000000e+12 3.026411323392000000e+12 3.026411323392000000e+12 3.026411323392000000e+12 3.026411323392000000e+12 3.026411323392000000e+12 3.026411323392000000e+12 3.026411323392000000e+12 3.026411323392000000e+12 3.026411323392000000e+12 3.026411323392000000e+12 3.026411323392000000e+12 3.026411323392000000e+12 3.026411323392000000e+12 3.026411323392000000e+12 3.026411323392000000e+12 3.026411323392000000e+12 3.026411323392000000e+12 3.026411323392000000e+12 3.026411323392000000e+12 3.026411323392000000e+12 3.026411323392000000e+12 3.026411323392000000e+12 3.026411323392000000e+12 3.026411323392000000e+12 3.026411323392000000e+12 3.026411323392000000e+12 3.026411323392000000e+12 3.026411323392000000e+12 3.026411323392000000e+12 3.026411323392000000e+12 3.026411323392000000e+12 3.026411323392000000e+12 3.026411323392000000e+12 3.026411323392000000e+12 3.026411323392000000e+12 3.026411323392000000e+12 3.026411323392000000e+12 3.026411323392000000e+12 3.026411323392000000e+12 3.026411323392000000e+12 3.026411323392000000e+12 3.026411323392000000e+12 3.026411323392000000e+12 3.026411323392000000e+12 3.026411323392000000e+12 3.026411323392000000e+12 3.026411323392000000e+12 3.026411323392000000e+12 3.026411323392000000e+12 3.026411323392000000e+12 3.026411323392000000e+12 3.026411323392000000e+12 3.026411323392000000e+12 3.026411323392000000e+12 3.026411323392000000e+12 3.026411323392000000e+12 3.026411323392000000e+12 3.026411323392000000e+12 3.026411323392000000e+12 3.026411323392000000e+12 3.026411323392000000e+12 3.026411323392000000e+12 3.026411323392000000e+12 3.026411323392000000e+12 3.026411323392000000e+12 3.026411323392000000e+12 3.026411323392000000e+12 3.026411323392000000e+12 3.026411323392000000e+12 3.026411323392000000e+12 3.026411323392000000e+12 3.026411323392000000e+12 3.026411323392000000e+12 3.026411323392000000e+12 3.026411323392000000e+12 3.026411323392000000e+12 3.026411323392000000e+12 3.026411323392000000e+12 3.026411323392000000e+12 3.026411323392000000e+12 3.026411323392000000e+12 3.026411323392000000e+12 3.026411323392000000e+12 3.026411323392000000e+12 3.026411323392000000e+12 3.026411323392000000e+12 3.026411323392000000e+12 3.026411323392000000e+12 3.026411323392000000e+12 3.026411323392000000e+12 3.026411323392000000e+12 3.026411323392000000e+12 3.026411323392000000e+12 3.026411323392000000e+12 3.026411323392000000e+12 3.026411323392000000e+12 3.026411323392000000e+12 3.026411323392000000e+12 3.026411323392000000e+12 3.026411323392000000e+12 3.026411323392000000e+12 3.026411323392000000e+12 3.026411323392000000e+12 3.026411323392000000e+12 3.026411323392000000e+12 3.026411323392000000e+12 3.026411323392000000e+12 3.026411323392000000e+12 3.026411323392000000e+12 3.026411323392000000e+12 3.026411323392000000e+12 3.026411323392000000e+12 3.026411323392000000e+12 3.026411323392000000e+12 3.026411323392000000e+12 3.026411323392000000e+12 3.026411323392000000e+12 3.026411323392000000e+12 3.026411323392000000e+12
3.023723560960000000e+12 3.023723560960000000e+12 3.023723560960000000e+12 3.023723560960000000e+12 3.023723560960000000e+12 3.023723560960000000e+12 3.023723560960000000e+12 3.023723560960000000e+12 3.023723560960000000e+12 3.023723560960000000e+12 3.023723560960000000e+12 3.023723560960000000e+12 3.023723560960000000e+12 3.023723560960000000e+12 3.023723560960000000e+12 3.023723560960000000e+12 3.023723560960000000e+12 3.023723560960000000e+12 3.023723560960000000e+12 3.023723560960000000e+12 3.023723560960000000e+12 3.023723560960000000e+12 3.023723560960000000e+12 3.023723560960000000e+12 3.023723560960000000e+12 3.023723560960000000e+12 3.023723560960000000e+12 3.023723560960000000e+12 3.023723560960000000e+12 3.023723560960000000e+12 3.023723560960000000e+12 3.023723560960000000e+12 3.023723560960000000e+12 3.023723560960000000e+12 3.023723560960000000e+12 3.023723560960000000e+12 3.023723560960000000e+12 3.023723560960000000e+12 3.023723560960000000e+12 3.023723560960000000e+12 3.023723560960000000e+12 3.023723560960000000e+12 3.023723560960000000e+12 3.023723560960000000e+12 3.023723560960000000e+12 3.023723560960000000e+12 3.023723560960000000e+12 3.023723560960000000e+12 3.023723560960000000e+12 3.023723560960000000e+12 3.023723560960000000e+12 3.023723560960000000e+12 3.023723560960000000e+12 3.023723560960000000e+12 3.023723560960000000e+12 3.023723560960000000e+12 3.023723560960000000e+12 3.023723560960000000e+12 3.023723560960000000e+12 3.023723560960000000e+12 3.023723560960000000e+12 3.023723560960000000e+12 3.023723560960000000e+12 3.023723560960000000e+12 3.023723560960000000e+12 3.023723560960000000e+12 3.023723560960000000e+12 3.023723560960000000e+12 3.023723560960000000e+12 3.023723560960000000e+12 3.023723560960000000e+12 3.023723560960000000e+12 3.023723560960000000e+12 3.023723560960000000e+12 3.023723560960000000e+12 3.023723560960000000e+12 3.023723560960000000e+12 3.023723560960000000e+12 3.023723560960000000e+12 3.023723560960000000e+12 3.023723560960000000e+12 3.023723560960000000e+12 3.023723560960000000e+12 3.023723560960000000e+12 3.023723560960000000e+12 3.023723560960000000e+12 3.023723560960000000e+12 3.023723560960000000e+12 3.023723560960000000e+12 3.023723560960000000e+12 3.023723560960000000e+12 3.023723560960000000e+12 3.023723560960000000e+12 3.023723560960000000e+12 3.023723560960000000e+12 3.023723560960000000e+12 3.023723560960000000e+12 3.023723560960000000e+12 3.023723560960000000e+12 3.023723560960000000e+12 3.023723560960000000e+12 3.023723560960000000e+12 3.023723560960000000e+12 3.023723560960000000e+12 3.023723560960000000e+12 3.023723560960000000e+12 3.023723560960000000e+12 3.023723560960000000e+12 3.023723560960000000e+12 3.023723560960000000e+12 3.023723560960000000e+12 3.023723560960000000e+12 3.023723560960000000e+12 3.023723560960000000e+12 3.023723560960000000e+12 3.023723560960000000e+12 3.023723560960000000e+12 3.023723560960000000e+12 3.023723560960000000e+12 3.023723560960000000e+12
3.007779700736000000e+12 3.007779700736000000e+12 3.007779700736000000e+12 3.007779700736000000e+12 3.007779700736000000e+12 3.007779700736000000e+12 3.007779700736000000e+12 3.007779700736000000e+12 3.007779700736000000e+12 3.007779700736000000e+12 3.007779700736000000e+12 3.007779700736000000e+12 3.007779700736000000e+12 3.007779700736000000e+12 3.007779700736000000e+12 3.007779700736000000e+12 3.007779700736000000e+12 3.007779700736000000e+12 3.007779700736000000e+12 3.007779700736000000e+12 3.007779700736000000e+12 3.007779700736000000e+12 3.007779700736000000e+12 3.007779700736000000e+12 3.007779700736000000e+12 3.007779700736000000e+12 3.007779700736000000e+12 3.007779700736000000e+12 3.007779700736000000e+12 3.007779700736000000e+12 3.007779700736000000e+12 3.007779700736000000e+12 3.007779700736000000e+12 3.007779700736000000e+12 3.007779700736000000e+12 3.007779700736000000e+12 3.007779700736000000e+12 3.007779700736000000e+12 3.007779700736000000e+12 3.007779700736000000e+12 3.007779700736000000e+12 3.007779700736000000e+12 3.007779700736000000e+12 3.007779700736000000e+12 3.007779700736000000e+12 3.007779700736000000e+12 3.007779700736000000e+12 3.007779700736000000e+12 3.007779700736000000e+12 3.007779700736000000e+12 3.007779700736000000e+12 3.007779700736000000e+12 3.007779700736000000e+12 3.007779700736000000e+12 3.007779700736000000e+12 3.007779700736000000e+12 3.007779700736000000e+12 3.007779700736000000e+12 3.007779700736000000e+12 3.007779700736000000e+12 3.007779700736000000e+12 3.007779700736000000e+12 3.007779700736000000e+12 3.007779700736000000e+12 3.007779700736000000e+12 3.007779700736000000e+12 3.007779700736000000e+12 3.007779700736000000e+12 3.007779700736000000e+12 3.007779700736000000e+12 3.007779700736000000e+12 3.007779700736000000e+12 3.007779700736000000e+12 3.007779700736000000e+12 3.007779700736000000e+12 3.007779700736000000e+12 3.007779700736000000e+12 3.007779700736000000e+12 3.007779700736000000e+12 3.007779700736000000e+12 3.007779700736000000e+12 3.007779700736000000e+12 3.007779700736000000e+12 3.007779700736000000e+12 3.007779700736000000e+12 3.007779700736000000e+12 3.007779700736000000e+12 3.007779700736000000e+12 3.007779700736000000e+12 3.007779700736000000e+12 3.007779700736000000e+12 3.007779700736000000e+12 3.007779700736000000e+12 3.007779700736000000e+12 3.007779700736000000e+12 3.007779700736000000e+12 3.007779700736000000e+12 3.007779700736000000e+12 3.007779700736000000e+12 3.007779700736000000e+12 3.007779700736000000e+12 3.007779700736000000e+12 3.007779700736000000e+12 3.007779700736000000e+12 3.007779700736000000e+12 3.007779700736000000e+12 3.007779700736000000e+12 3.007779700736000000e+12 3.007779700736000000e+12 3.007779700736000000e+12 3.007779700736000000e+12 3.007779700736000000e+12 3.007779700736000000e+12 3.007779700736000000e+12 3.007779700736000000e+12 3.007779700736000000e+12 3.007779700736000000e+12 3.007779700736000000e+12 3.007779700736000000e+12 3.007779700736000000e+12
3.016702558208000000e+12 3.016702558208000000e+12 3.016702558208000000e+12 3.016702558208000000e+12 3.016702558208000000e+12 3.016702558208000000e+12 3.016702558208000000e+12 3.016702558208000000e+12 3.016702558208000000e+12 3.016702558208000000e+12 3.016702558208000000e+12 3.016702558208000000e+12 3.016702558208000000e+12 3.016702558208000000e+12 3.016702558208000000e+12 3.016702558208000000e+12 3.016702558208000000e+12 3.016702558208000000e+12 3.016702558208000000e+12 3.016702558208000000e+12 3.016702558208000000e+12 3.016702558208000000e+12 3.016702558208000000e+12 3.016702558208000000e+12 3.016702558208000000e+12 3.016702558208000000e+12 3.016702558208000000e+12 3.016702558208000000e+12 3.016702558208000000e+12 3.016702558208000000e+12 3.016702558208000000e+12 3.016702558208000000e+12 3.016702558208000000e+12 3.016702558208000000e+12 3.016702558208000000e+12 3.016702558208000000e+12 3.016702558208000000e+12 3.016702558208000000e+12 3.016702558208000000e+12 3.016702558208000000e+12 3.016702558208000000e+12 3.016702558208000000e+12 3.016702558208000000e+12 3.016702558208000000e+12 3.016702558208000000e+12 3.016702558208000000e+12 3.016702558208000000e+12 3.016702558208000000e+12 3.016702558208000000e+12 3.016702558208000000e+12 3.016702558208000000e+12 3.016702558208000000e+12 3.016702558208000000e+12 3.016702558208000000e+12 3.016702558208000000e+12 3.016702558208000000e+12 3.016702558208000000e+12 3.016702558208000000e+12 3.016702558208000000e+12 3.016702558208000000e+12 3.016702558208000000e+12 3.016702558208000000e+12 3.016702558208000000e+12 3.016702558208000000e+12 3.016702558208000000e+12 3.016702558208000000e+12 3.016702558208000000e+12 3.016702558208000000e+12 3.016702558208000000e+12 3.016702558208000000e+12 3.016702558208000000e+12 3.016702558208000000e+12 3.016702558208000000e+12 3.016702558208000000e+12 3.016702558208000000e+12 3.016702558208000000e+12 3.016702558208000000e+12 3.016702558208000000e+12 3.016702558208000000e+12 3.016702558208000000e+12 3.016702558208000000e+12 3.016702558208000000e+12 3.016702558208000000e+12 3.016702558208000000e+12 3.016702558208000000e+12 3.016702558208000000e+12 3.016702558208000000e+12 3.016702558208000000e+12 3.016702558208000000e+12 3.016702558208000000e+12 3.016702558208000000e+12 3.016702558208000000e+12 3.016702558208000000e+12 3.016702558208000000e+12 3.016702558208000000e+12 3.016702558208000000e+12 3.016702558208000000e+12 3.016702558208000000e+12 3.016702558208000000e+12 3.016702558208000000e+12 3.016702558208000000e+12 3.016702558208000000e+12 3.016702558208000000e+12 3.016702558208000000e+12 3.016702558208000000e+12 3.016702558208000000e+12 3.016702558208000000e+12 3.016702558208000000e+12 3.016702558208000000e+12 3.016702558208000000e+12 3.016702558208000000e+12 3.016702558208000000e+12 3.016702558208000000e+12 3.016702558208000000e+12 3.016702558208000000e+12 3.016702558208000000e+12 3.016702558208000000e+12 3.016702558208000000e+12 3.016702558208000000e+12 3.016702558208000000e+12
3.019295162368000000e+12 3.019295162368000000e+12 3.019295162368000000e+12 3.019295162368000000e+12 3.019295162368000000e+12 3.019295162368000000e+12 3.019295162368000000e+12 3.019295162368000000e+12 3.019295162368000000e+12 3.019295162368000000e+12 3.019295162368000000e+12 3.019295162368000000e+12 3.019295162368000000e+12 3.019295162368000000e+12 3.019295162368000000e+12 3.019295162368000000e+12 3.019295162368000000e+12 3.019295162368000000e+12 3.019295162368000000e+12 3.019295162368000000e+12 3.019295162368000000e+12 3.019295162368000000e+12 3.019295162368000000e+12 3.019295162368000000e+12 3.019295162368000000e+12 3.019295162368000000e+12 3.019295162368000000e+12 3.019295162368000000e+12 3.019295162368000000e+12 3.019295162368000000e+12 3.019295162368000000e+12 3.019295162368000000e+12 3.019295162368000000e+12 3.019295162368000000e+12 3.019295162368000000e+12 3.019295162368000000e+12 3.019295162368000000e+12 3.019295162368000000e+12 3.019295162368000000e+12 3.019295162368000000e+12 3.019295162368000000e+12 3.019295162368000000e+12 3.019295162368000000e+12 3.019295162368000000e+12 3.019295162368000000e+12 3.019295162368000000e+12 3.019295162368000000e+12 3.019295162368000000e+12 3.019295162368000000e+12 3.019295162368000000e+12 3.019295162368000000e+12 3.019295162368000000e+12 3.019295162368000000e+12 3.019295162368000000e+12 3.019295162368000000e+12 3.019295162368000000e+12 3.019295162368000000e+12 3.019295162368000000e+12 3.019295162368000000e+12 3.019295162368000000e+12 3.019295162368000000e+12 3.019295162368000000e+12 3.019295162368000000e+12 3.019295162368000000e+12 3.019295162368000000e+12 3.019295162368000000e+12 3.019295162368000000e+12 3.019295162368000000e+12 3.019295162368000000e+12 3.019295162368000000e+12 3.019295162368000000e+12 3.019295162368000000e+12 3.019295162368000000e+12 3.019295162368000000e+12 3.019295162368000000e+12 3.019295162368000000e+12 3.019295162368000000e+12 3.019295162368000000e+12 3.019295162368000000e+12 3.019295162368000000e+12 3.019295162368000000e+12 3.019295162368000000e+12 3.019295162368000000e+12 3.019295162368000000e+12 3.019295162368000000e+12 3.019295162368000000e+12 3.019295162368000000e+12 3.019295162368000000e+12 3.019295162368000000e+12 3.019295162368000000e+12 3.019295162368000000e+12 3.019295162368000000e+12 3.019295162368000000e+12 3.019295162368000000e+12 3.019295162368000000e+12 3.019295162368000000e+12 3.019295162368000000e+12 3.019295162368000000e+12 3.019295162368000000e+12 3.019295162368000000e+12 3.019295162368000000e+12 3.019295162368000000e+12 3.019295162368000000e+12 3.019295162368000000e+12 3.019295162368000000e+12 3.019295162368000000e+12 3.019295162368000000e+12 3.019295162368000000e+12 3.019295162368000000e+12 3.019295162368000000e+12 3.019295162368000000e+12 3.019295162368000000e+12 3.019295162368000000e+12 3.019295162368000000e+12 3.019295162368000000e+12 3.019295162368000000e+12 3.019295162368000000e+12 3.019295162368000000e+12 3.019295162368000000e+12 3.019295162368000000e+12
3.033281593344000000e+12 3.033281593344000000e+12 3.033281593344000000e+12 3.033281593344000000e+12 3.033281593344000000e+12 3.033281593344000000e+12 3.033281593344000000e+12 3.033281593344000000e+12 3.033281593344000000e+12 3.033281593344000000e+12 3.033281593344000000e+12 3.033281593344000000e+12 3.033281593344000000e+12 3.033281593344000000e+12 3.033281593344000000e+12 3.033281593344000000e+12 3.033281593344000000e+12 3.033281593344000000e+12 3.033281593344000000e+12 3.033281593344000000e+12 3.033281593344000000e+12 3.033281593344000000e+12 3.033281593344000000e+12 3.033281593344000000e+12 3.033281593344000000e+12 3.033281593344000000e+12 3.033281593344000000e+12 3.033281593344000000e+12 3.033281593344000000e+12 3.033281593344000000e+12 3.033281593344000000e+12 3.033281593344000000e+12 3.033281593344000000e+12 3.033281593344000000e+12 3.033281593344000000e+12 3.033281593344000000e+12 3.033281593344000000e+12 3.033281593344000000e+12 3.033281593344000000e+12 3.033281593344000000e+12 3.033281593344000000e+12 3.033281593344000000e+12 3.033281593344000000e+12 3.033281593344000000e+12 3.033281593344000000e+12 3.033281593344000000e+12 3.033281593344000000e+12 3.033281593344000000e+12 3.033281593344000000e+12 3.033281593344000000e+12 3.033281593344000000e+12 3.033281593344000000e+12 3.033281593344000000e+12 3.033281593344000000e+12 3.033281593344000000e+12 3.033281593344000000e+12 3.033281593344000000e+12 3.033281593344000000e+12 3.033281593344000000e+12 3.033281593344000000e+12 3.033281593344000000e+12 3.033281593344000000e+12 3.033281593344000000e+12 3.033281593344000000e+12 3.033281593344000000e+12 3.033281593344000000e+12 3.033281593344000000e+12 3.033281593344000000e+12 3.033281593344000000e+12 3.033281593344000000e+12 3.033281593344000000e+12 3.033281593344000000e+12 3.033281593344000000e+12 3.033281593344000000e+12 3.033281593344000000e+12 3.033281593344000000e+12 3.033281593344000000e+12 3.033281593344000000e+12 3.033281593344000000e+12 3.033281593344000000e+12 3.033281593344000000e+12 3.033281593344000000e+12 3.033281593344000000e+12 3.033281593344000000e+12 3.033281593344000000e+12 3.033281593344000000e+12 3.033281593344000000e+12 3.033281593344000000e+12 3.033281593344000000e+12 3.033281593344000000e+12 3.033281593344000000e+12 3.033281593344000000e+12 3.033281593344000000e+12 3.033281593344000000e+12 3.033281593344000000e+12 3.033281593344000000e+12 3.033281593344000000e+12 3.033281593344000000e+12 3.033281593344000000e+12 3.033281593344000000e+12 3.033281593344000000e+12 3.033281593344000000e+12 3.033281593344000000e+12 3.033281593344000000e+12 3.033281593344000000e+12 3.033281593344000000e+12 3.033281593344000000e+12 3.033281593344000000e+12 3.033281593344000000e+12 3.033281593344000000e+12 3.033281593344000000e+12 3.033281593344000000e+12 3.033281593344000000e+12 3.033281593344000000e+12 3.033281593344000000e+12 3.033281593344000000e+12 3.033281593344000000e+12 3.033281593344000000e+12 3.033281593344000000e+12 3.033281593344000000e+12
3.009189511168000000e+12 3.009189511168000000e+12 3.009189511168000000e+12 3.009189511168000000e+12 3.009189511168000000e+12 3.009189511168000000e+12 3.009189511168000000e+12 3.009189511168000000e+12 3.009189511168000000e+12 3.009189511168000000e+12 3.009189511168000000e+12 3.009189511168000000e+12 3.009189511168000000e+12 3.009189511168000000e+12 3.009189511168000000e+12 3.009189511168000000e+12 3.009189511168000000e+12 3.009189511168000000e+12 3.009189511168000000e+12 3.009189511168000000e+12 3.009189511168000000e+12 3.009189511168000000e+12 3.009189511168000000e+12 3.009189511168000000e+12 3.009189511168000000e+12 3.009189511168000000e+12 3.009189511168000000e+12 3.009189511168000000e+12 3.009189511168000000e+12 3.009189511168000000e+12 3.009189511168000000e+12 3.009189511168000000e+12 3.009189511168000000e+12 3.009189511168000000e+12 3.009189511168000000e+12 3.009189511168000000e+12 3.009189511168000000e+12 3.009189511168000000e+12 3.009189511168000000e+12 3.009189511168000000e+12 3.009189511168000000e+12 3.009189511168000000e+12 3.009189511168000000e+12 3.009189511168000000e+12 3.009189511168000000e+12 3.009189511168000000e+12 3.009189511168000000e+12 3.009189511168000000e+12 3.009189511168000000e+12 3.009189511168000000e+12 3.009189511168000000e+12 3.009189511168000000e+12 3.009189511168000000e+12 3.009189511168000000e+12 3.009189511168000000e+12 3.009189511168000000e+12 3.009189511168000000e+12 3.009189511168000000e+12 3.009189511168000000e+12 3.009189511168000000e+12 3.009189511168000000e+12 3.009189511168000000e+12 3.009189511168000000e+12 3.009189511168000000e+12 3.009189511168000000e+12 3.009189511168000000e+12 3.009189511168000000e+12 3.009189511168000000e+12 3.009189511168000000e+12 3.009189511168000000e+12 3.009189511168000000e+12 3.009189511168000000e+12 3.009189511168000000e+12 3.009189511168000000e+12 3.009189511168000000e+12 3.009189511168000000e+12 3.009189511168000000e+12 3.009189511168000000e+12 3.009189511168000000e+12 3.009189511168000000e+12 3.009189511168000000e+12 3.009189511168000000e+12 3.009189511168000000e+12 3.009189511168000000e+12 3.009189511168000000e+12 3.009189511168000000e+12 3.009189511168000000e+12 3.009189511168000000e+12 3.009189511168000000e+12 3.009189511168000000e+12 3.009189511168000000e+12 3.009189511168000000e+12 3.009189511168000000e+12 3.009189511168000000e+12 3.009189511168000000e+12 3.009189511168000000e+12 3.009189511168000000e+12 3.009189511168000000e+12 3.009189511168000000e+12 3.009189511168000000e+12 3.009189511168000000e+12 3.009189511168000000e+12 3.009189511168000000e+12 3.009189511168000000e+12 3.009189511168000000e+12 3.009189511168000000e+12 3.009189511168000000e+12 3.009189511168000000e+12 3.009189511168000000e+12 3.009189511168000000e+12 3.009189511168000000e+12 3.009189511168000000e+12 3.009189511168000000e+12 3.009189511168000000e+12 3.009189511168000000e+12 3.009189511168000000e+12 3.009189511168000000e+12 3.009189511168000000e+12 3.009189511168000000e+12 3.009189511168000000e+12
3.038113431552000000e+12 3.038113431552000000e+12 3.038113431552000000e+12 3.038113431552000000e+12 3.038113431552000000e+12 3.038113431552000000e+12 3.038113431552000000e+12 3.038113431552000000e+12 3.038113431552000000e+12 3.038113431552000000e+12 3.038113431552000000e+12 3.038113431552000000e+12 3.038113431552000000e+12 3.038113431552000000e+12 3.038113431552000000e+12 3.038113431552000000e+12 3.038113431552000000e+12 3.038113431552000000e+12 3.038113431552000000e+12 3.038113431552000000e+12 3.038113431552000000e+12 3.038113431552000000e+12 3.038113431552000000e+12 3.038113431552000000e+12 3.038113431552000000e+12 3.038113431552000000e+12 3.038113431552000000e+12 3.038113431552000000e+12 3.038113431552000000e+12 3.038113431552000000e+12 3.038113431552000000e+12 3.038113431552000000e+12 3.038113431552000000e+12 3.038113431552000000e+12 3.038113431552000000e+12 3.038113431552000000e+12 3.038113431552000000e+12 3.038113431552000000e+12 3.038113431552000000e+12 3.038113431552000000e+12 3.038113431552000000e+12 3.038113431552000000e+12 3.038113431552000000e+12 3.038113431552000000e+12 3.038113431552000000e+12 3.038113431552000000e+12 3.038113431552000000e+12 3.038113431552000000e+12 3.038113431552000000e+12 3.038113431552000000e+12 3.038113431552000000e+12 3.038113431552000000e+12 3.038113431552000000e+12 3.038113431552000000e+12 3.038113431552000000e+12 3.038113431552000000e+12 3.038113431552000000e+12 3.038113431552000000e+12 3.038113431552000000e+12 3.038113431552000000e+12 3.038113431552000000e+12 3.038113431552000000e+12 3.038113431552000000e+12 3.038113431552000000e+12 3.038113431552000000e+12 3.038113431552000000e+12 3.038113431552000000e+12 3.038113431552000000e+12 3.038113431552000000e+12 3.038113431552000000e+12 3.038113431552000000e+12 3.038113431552000000e+12 3.038113431552000000e+12 3.038113431552000000e+12 3.038113431552000000e+12 3.038113431552000000e+12 3.038113431552000000e+12 3.038113431552000000e+12 3.038113431552000000e+12 3.038113431552000000e+12 3.038113431552000000e+12 3.038113431552000000e+12 3.038113431552000000e+12 3.038113431552000000e+12 3.038113431552000000e+12 3.038113431552000000e+12 3.038113431552000000e+12 3.038113431552000000e+12 3.038113431552000000e+12 3.038113431552000000e+12 3.038113431552000000e+12 3.038113431552000000e+12 3.038113431552000000e+12 3.038113431552000000e+12 3.038113431552000000e+12 3.038113431552000000e+12 3.038113431552000000e+12 3.038113431552000000e+12 3.038113431552000000e+12 3.038113431552000000e+12 3.038113431552000000e+12 3.038113431552000000e+12 3.038113431552000000e+12 3.038113431552000000e+12 3.038113431552000000e+12 3.038113431552000000e+12 3.038113431552000000e+12 3.038113431552000000e+12 3.038113431552000000e+12 3.038113431552000000e+12 3.038113431552000000e+12 3.038113431552000000e+12 3.038113431552000000e+12 3.038113431552000000e+12 3.038113431552000000e+12 3.038113431552000000e+12 3.038113431552000000e+12 3.038113431552000000e+12 3.038113431552000000e+12 3.038113431552000000e+12
3.042131050496000000e+12 3.042131050496000000e+12 3.042131050496000000e+12 3.042131050496000000e+12 3.042131050496000000e+12 3.042131050496000000e+12 3.042131050496000000e+12 3.042131050496000000e+12 3.042131050496000000e+12 3.042131050496000000e+12 3.042131050496000000e+12 3.042131050496000000e+12 3.042131050496000000e+12 3.042131050496000000e+12 3.042131050496000000e+12 3.042131050496000000e+12 3.042131050496000000e+12 3.042131050496000000e+12 3.042131050496000000e+12 3.042131050496000000e+12 3.042131050496000000e+12 3.042131050496000000e+12 3.042131050496000000e+12 3.042131050496000000e+12 3.042131050496000000e+12 3.042131050496000000e+12 3.042131050496000000e+12 3.042131050496000000e+12 3.042131050496000000e+12 3.042131050496000000e+12 3.042131050496000000e+12 3.042131050496000000e+12 3.042131050496000000e+12 3.042131050496000000e+12 3.042131050496000000e+12 3.042131050496000000e+12 3.042131050496000000e+12 3.042131050496000000e+12 3.042131050496000000e+12 3.042131050496000000e+12 3.042131050496000000e+12 3.042131050496000000e+12 3.042131050496000000e+12 3.042131050496000000e+12 3.042131050496000000e+12 3.042131050496000000e+12 3.042131050496000000e+12 3.042131050496000000e+12 3.042131050496000000e+12 3.042131050496000000e+12 3.042131050496000000e+12 3.042131050496000000e+12 3.042131050496000000e+12 3.042131050496000000e+12 3.042131050496000000e+12 3.042131050496000000e+12 3.042131050496000000e+12 3.042131050496000000e+12 3.042131050496000000e+12 3.042131050496000000e+12 3.042131050496000000e+12 3.042131050496000000e+12 3.042131050496000000e+12 3.042131050496000000e+12 3.042131050496000000e+12 3.042131050496000000e+12 3.042131050496000000e+12 3.042131050496000000e+12 3.042131050496000000e+12 3.042131050496000000e+12 3.042131050496000000e+12 3.042131050496000000e+12 3.042131050496000000e+12 3.042131050496000000e+12 3.042131050496000000e+12 3.042131050496000000e+12 3.042131050496000000e+12 3.042131050496000000e+12 3.042131050496000000e+12 3.042131050496000000e+12 3.042131050496000000e+12 3.042131050496000000e+12 3.042131050496000000e+12 3.042131050496000000e+12 3.042131050496000000e+12 3.042131050496000000e+12 3.042131050496000000e+12 3.042131050496000000e+12 3.042131050496000000e+12 3.042131050496000000e+12 3.042131050496000000e+12 3.042131050496000000e+12 3.042131050496000000e+12 3.042131050496000000e+12 3.042131050496000000e+12 3.042131050496000000e+12 3.042131050496000000e+12 3.042131050496000000e+12 3.042131050496000000e+12 3.042131050496000000e+12 3.042131050496000000e+12 3.042131050496000000e+12 3.042131050496000000e+12 3.042131050496000000e+12 3.042131050496000000e+12 3.042131050496000000e+12 3.042131050496000000e+12 3.042131050496000000e+12 3.042131050496000000e+12 3.042131050496000000e+12 3.042131050496000000e+12 3.042131050496000000e+12 3.042131050496000000e+12 3.042131050496000000e+12 3.042131050496000000e+12 3.042131050496000000e+12 3.042131050496000000e+12 3.042131050496000000e+12 3.042131050496000000e+12 3.042131050496000000e+12
3.033055100928000000e+12 3.033055100928000000e+12 3.033055100928000000e+12 3.033055100928000000e+12 3.033055100928000000e+12 3.033055100928000000e+12 3.033055100928000000e+12 3.033055100928000000e+12 3.033055100928000000e+12 3.033055100928000000e+12 3.033055100928000000e+12 3.033055100928000000e+12 3.033055100928000000e+12 3.033055100928000000e+12 3.033055100928000000e+12 3.033055100928000000e+12 3.033055100928000000e+12 3.033055100928000000e+12 3.033055100928000000e+12 3.033055100928000000e+12 3.033055100928000000e+12 3.033055100928000000e+12 3.033055100928000000e+12 3.033055100928000000e+12 3.033055100928000000e+12 3.033055100928000000e+12 3.033055100928000000e+12 3.033055100928000000e+12 3.033055100928000000e+12 3.033055100928000000e+12 3.033055100928000000e+12 3.033055100928000000e+12 3.033055100928000000e+12 3.033055100928000000e+12 3.033055100928000000e+12 3.033055100928000000e+12 3.033055100928000000e+12 3.033055100928000000e+12 3.033055100928000000e+12 3.033055100928000000e+12 3.033055100928000000e+12 3.033055100928000000e+12 3.033055100928000000e+12 3.033055100928000000e+12 3.033055100928000000e+12 3.033055100928000000e+12 3.033055100928000000e+12 3.033055100928000000e+12 3.033055100928000000e+12 3.033055100928000000e+12 3.033055100928000000e+12 3.033055100928000000e+12 3.033055100928000000e+12 3.033055100928000000e+12 3.033055100928000000e+12 3.033055100928000000e+12 3.033055100928000000e+12 3.033055100928000000e+12 3.033055100928000000e+12 3.033055100928000000e+12 3.033055100928000000e+12 3.033055100928000000e+12 3.033055100928000000e+12 3.033055100928000000e+12 3.033055100928000000e+12 3.033055100928000000e+12 3.033055100928000000e+12 3.033055100928000000e+12 3.033055100928000000e+12 3.033055100928000000e+12 3.033055100928000000e+12 3.033055100928000000e+12 3.033055100928000000e+12 3.033055100928000000e+12 3.033055100928000000e+12 3.033055100928000000e+12 3.033055100928000000e+12 3.033055100928000000e+12 3.033055100928000000e+12 3.033055100928000000e+12 3.033055100928000000e+12 3.033055100928000000e+12 3.033055100928000000e+12 3.033055100928000000e+12 3.033055100928000000e+12 3.033055100928000000e+12 3.033055100928000000e+12 3.033055100928000000e+12 3.033055100928000000e+12 3.033055100928000000e+12 3.033055100928000000e+12 3.033055100928000000e+12 3.033055100928000000e+12 3.033055100928000000e+12 3.033055100928000000e+12 3.033055100928000000e+12 3.033055100928000000e+12 3.033055100928000000e+12 3.033055100928000000e+12 3.033055100928000000e+12 3.033055100928000000e+12 3.033055100928000000e+12 3.033055100928000000e+12 3.033055100928000000e+12 3.033055100928000000e+12 3.033055100928000000e+12 3.033055100928000000e+12 3.033055100928000000e+12 3.033055100928000000e+12 3.033055100928000000e+12 3.033055100928000000e+12 3.033055100928000000e+12 3.033055100928000000e+12 3.033055100928000000e+12 3.033055100928000000e+12 3.033055100928000000e+12 3.033055100928000000e+12 3.033055100928000000e+12 3.033055100928000000e+12 3.033055100928000000e+12
3.007679037440000000e+12 3.007679037440000000e+12 3.007679037440000000e+12 3.007679037440000000e+12 3.007679037440000000e+12 3.007679037440000000e+12 3.007679037440000000e+12 3.007679037440000000e+12 3.007679037440000000e+12 3.007679037440000000e+12 3.007679037440000000e+12 3.007679037440000000e+12 3.007679037440000000e+12 3.007679037440000000e+12 3.007679037440000000e+12 3.007679037440000000e+12 3.007679037440000000e+12 3.007679037440000000e+12 3.007679037440000000e+12 3.007679037440000000e+12 3.007679037440000000e+12 3.007679037440000000e+12 3.007679037440000000e+12 3.007679037440000000e+12 3.007679037440000000e+12 3.007679037440000000e+12 3.007679037440000000e+12 3.007679037440000000e+12 3.007679037440000000e+12 3.007679037440000000e+12 3.007679037440000000e+12 3.007679037440000000e+12 3.007679037440000000e+12 3.007679037440000000e+12 3.007679037440000000e+12 3.007679037440000000e+12 3.007679037440000000e+12 3.007679037440000000e+12 3.007679037440000000e+12 3.007679037440000000e+12 3.007679037440000000e+12 3.007679037440000000e+12 3.007679037440000000e+12 3.007679037440000000e+12 3.007679037440000000e+12 3.007679037440000000e+12 3.007679037440000000e+12 3.007679037440000000e+12 3.007679037440000000e+12 3.007679037440000000e+12 3.007679037440000000e+12 3.007679037440000000e+12 3.007679037440000000e+12 3.007679037440000000e+12 3.007679037440000000e+12 3.007679037440000000e+12 3.007679037440000000e+12 3.007679037440000000e+12 3.007679037440000000e+12 3.007679037440000000e+12 3.007679037440000000e+12 3.007679037440000000e+12 3.007679037440000000e+12 3.007679037440000000e+12 3.007679037440000000e+12 3.007679037440000000e+12 3.007679037440000000e+12 3.007679037440000000e+12 3.007679037440000000e+12 3.007679037440000000e+12 3.007679037440000000e+12 3.007679037440000000e+12 3.007679037440000000e+12 3.007679037440000000e+12 3.007679037440000000e+12 3.007679037440000000e+12 3.007679037440000000e+12 3.007679037440000000e+12 3.007679037440000000e+12 3.007679037440000000e+12 3.007679037440000000e+12 3.007679037440000000e+12 3.007679037440000000e+12 3.007679037440000000e+12 3.007679037440000000e+12 3.007679037440000000e+12 3.007679037440000000e+12 3.007679037440000000e+12 3.007679037440000000e+12 3.007679037440000000e+12 3.007679037440000000e+12 3.007679037440000000e+12 3.007679037440000000e+12 3.007679037440000000e+12 3.007679037440000000e+12 3.007679037440000000e+12 3.007679037440000000e+12 3.007679037440000000e+12 3.007679037440000000e+12 3.007679037440000000e+12 3.007679037440000000e+12 3.007679037440000000e+12 3.007679037440000000e+12 3.007679037440000000e+12 3.007679037440000000e+12 3.007679037440000000e+12 3.007679037440000000e+12 3.007679037440000000e+12 3.007679037440000000e+12 3.007679037440000000e+12 3.007679037440000000e+12 3.007679037440000000e+12 3.007679037440000000e+12 3.007679037440000000e+12 3.007679037440000000e+12 3.007679037440000000e+12 3.007679037440000000e+12 3.007679037440000000e+12 3.007679037440000000e+12 3.007679037440000000e+12
3.017214263296000000e+12 3.017214263296000000e+12 3.017214263296000000e+12 3.017214263296000000e+12 3.017214263296000000e+12 3.017214263296000000e+12 3.017214263296000000e+12 3.017214263296000000e+12 3.017214263296000000e+12 3.017214263296000000e+12 3.017214263296000000e+12 3.017214263296000000e+12 3.017214263296000000e+12 3.017214263296000000e+12 3.017214263296000000e+12 3.017214263296000000e+12 3.017214263296000000e+12 3.017214263296000000e+12 3.017214263296000000e+12 3.017214263296000000e+12 3.017214263296000000e+12 3.017214263296000000e+12 3.017214263296000000e+12 3.017214263296000000e+12 3.017214263296000000e+12 3.017214263296000000e+12 3.017214263296000000e+12 3.017214263296000000e+12 3.017214263296000000e+12 3.017214263296000000e+12 3.017214263296000000e+12 3.017214263296000000e+12 3.017214263296000000e+12 3.017214263296000000e+12 3.017214263296000000e+12 3.017214263296000000e+12 3.017214263296000000e+12 3.017214263296000000e+12 3.017214263296000000e+12 3.017214263296000000e+12 3.017214263296000000e+12 3.017214263296000000e+12 3.017214263296000000e+12 3.017214263296000000e+12 3.017214263296000000e+12 3.017214263296000000e+12 3.017214263296000000e+12 3.017214263296000000e+12 3.017214263296000000e+12 3.017214263296000000e+12 3.017214263296000000e+12 3.017214263296000000e+12 3.017214263296000000e+12 3.017214263296000000e+12 3.017214263296000000e+12 3.017214263296000000e+12 3.017214263296000000e+12 3.017214263296000000e+12 3.017214263296000000e+12 3.017214263296000000e+12 3.017214263296000000e+12 3.017214263296000000e+12 3.017214263296000000e+12 3.017214263296000000e+12 3.017214263296000000e+12 3.017214263296000000e+12 3.017214263296000000e+12 3.017214263296000000e+12 3.017214263296000000e+12 3.017214263296000000e+12 3.017214263296000000e+12 3.017214263296000000e+12 3.017214263296000000e+12 3.017214263296000000e+12 3.017214263296000000e+12 3.017214263296000000e+12 3.017214263296000000e+12 3.017214263296000000e+12 3.017214263296000000e+12 3.017214263296000000e+12 3.017214263296000000e+12 3.017214263296000000e+12 3.017214263296000000e+12 3.017214263296000000e+12 3.017214263296000000e+12 3.017214263296000000e+12 3.017214263296000000e+12 3.017214263296000000e+12 3.017214263296000000e+12 3.017214263296000000e+12 3.017214263296000000e+12 3.017214263296000000e+12 3.017214263296000000e+12 3.017214263296000000e+12 3.017214263296000000e+12 3.017214263296000000e+12 3.017214263296000000e+12 3.017214263296000000e+12 3.017214263296000000e+12 3.017214263296000000e+12 3.017214263296000000e+12 3.017214263296000000e+12 3.017214263296000000e+12 3.017214263296000000e+12 3.017214263296000000e+12 3.017214263296000000e+12 3.017214263296000000e+12 3.017214263296000000e+12 3.017214263296000000e+12 3.017214263296000000e+12 3.017214263296000000e+12 3.017214263296000000e+12 3.017214263296000000e+12 3.017214263296000000e+12 3.017214263296000000e+12 3.017214263296000000e+12 3.017214263296000000e+12 3.017214263296000000e+12 3.017214263296000000e+12 3.017214263296000000e+12
3.031734419456000000e+12 3.031734419456000000e+12 3.031734419456000000e+12 3.031734419456000000e+12 3.031734419456000000e+12 3.031734419456000000e+12 3.031734419456000000e+12 3.031734419456000000e+12 3.031734419456000000e+12 3.031734419456000000e+12 3.031734419456000000e+12 3.031734419456000000e+12 3.031734419456000000e+12 3.031734419456000000e+12 3.031734419456000000e+12 3.031734419456000000e+12 3.031734419456000000e+12 3.031734419456000000e+12 3.031734419456000000e+12 3.031734419456000000e+12 3.031734419456000000e+12 3.031734419456000000e+12 3.031734419456000000e+12 3.031734419456000000e+12 3.031734419456000000e+12 3.031734419456000000e+12 3.031734419456000000e+12 3.031734419456000000e+12 3.031734419456000000e+12 3.031734419456000000e+12 3.031734419456000000e+12 3.031734419456000000e+12 3.031734419456000000e+12 3.031734419456000000e+12 3.031734419456000000e+12 3.031734419456000000e+12 3.031734419456000000e+12 3.031734419456000000e+12 3.031734419456000000e+12 3.031734419456000000e+12 3.031734419456000000e+12 3.031734419456000000e+12 3.031734419456000000e+12 3.031734419456000000e+12 3.031734419456000000e+12 3.031734419456000000e+12 3.031734419456000000e+12 3.031734419456000000e+12 3.031734419456000000e+12 3.031734419456000000e+12 3.031734419456000000e+12 3.031734419456000000e+12 3.031734419456000000e+12 3.031734419456000000e+12 3.031734419456000000e+12 3.031734419456000000e+12 3.031734419456000000e+12 3.031734419456000000e+12 3.031734419456000000e+12 3.031734419456000000e+12 3.031734419456000000e+12 3.031734419456000000e+12 3.031734419456000000e+12 3.031734419456000000e+12 3.031734419456000000e+12 3.031734419456000000e+12 3.031734419456000000e+12 3.031734419456000000e+12 3.031734419456000000e+12 3.031734419456000000e+12 3.031734419456000000e+12 3.031734419456000000e+12 3.031734419456000000e+12 3.031734419456000000e+12 3.031734419456000000e+12 3.031734419456000000e+12 3.031734419456000000e+12 3.031734419456000000e+12 3.031734419456000000e+12 3.031734419456000000e+12 3.031734419456000000e+12 3.031734419456000000e+12 3.031734419456000000e+12 3.031734419456000000e+12 3.031734419456000000e+12 3.031734419456000000e+12 3.031734419456000000e+12 3.031734419456000000e+12 3.031734419456000000e+12 3.031734419456000000e+12 3.031734419456000000e+12 3.031734419456000000e+12 3.031734419456000000e+12 3.031734419456000000e+12 3.031734419456000000e+12 3.031734419456000000e+12 3.031734419456000000e+12 3.031734419456000000e+12 3.031734419456000000e+12 3.031734419456000000e+12 3.031734419456000000e+12 3.031734419456000000e+12 3.031734419456000000e+12 3.031734419456000000e+12 3.031734419456000000e+12 3.031734419456000000e+12 3.031734419456000000e+12 3.031734419456000000e+12 3.031734419456000000e+12 3.031734419456000000e+12 3.031734419456000000e+12 3.031734419456000000e+12 3.031734419456000000e+12 3.031734419456000000e+12 3.031734419456000000e+12 3.031734419456000000e+12 3.031734419456000000e+12 3.031734419456000000e+12 3.031734419456000000e+12 3.031734419456000000e+12
3.047222935552000000e+12 3.047222935552000000e+12 3.047222935552000000e+12 3.047222935552000000e+12 3.047222935552000000e+12 3.047222935552000000e+12 3.047222935552000000e+12 3.047222935552000000e+12 3.047222935552000000e+12 3.047222935552000000e+12 3.047222935552000000e+12 3.047222935552000000e+12 3.047222935552000000e+12 3.047222935552000000e+12 3.047222935552000000e+12 3.047222935552000000e+12 3.047222935552000000e+12 3.047222935552000000e+12 3.047222935552000000e+12 3.047222935552000000e+12 3.047222935552000000e+12 3.047222935552000000e+12 3.047222935552000000e+12 3.047222935552000000e+12 3.047222935552000000e+12 3.047222935552000000e+12 3.047222935552000000e+12 3.047222935552000000e+12 3.047222935552000000e+12 3.047222935552000000e+12 3.047222935552000000e+12 3.047222935552000000e+12 3.047222935552000000e+12 3.047222935552000000e+12 3.047222935552000000e+12 3.047222935552000000e+12 3.047222935552000000e+12 3.047222935552000000e+12 3.047222935552000000e+12 3.047222935552000000e+12 3.047222935552000000e+12 3.047222935552000000e+12 3.047222935552000000e+12 3.047222935552000000e+12 3.047222935552000000e+12 3.047222935552000000e+12 3.047222935552000000e+12 3.047222935552000000e+12 3.047222935552000000e+12 3.047222935552000000e+12 3.047222935552000000e+12 3.047222935552000000e+12 3.047222935552000000e+12 3.047222935552000000e+12 3.047222935552000000e+12 3.047222935552000000e+12 3.047222935552000000e+12 3.047222935552000000e+12 3.047222935552000000e+12 3.047222935552000000e+12 3.047222935552000000e+12 3.047222935552000000e+12 3.047222935552000000e+12 3.047222935552000000e+12 3.047222935552000000e+12 3.047222935552000000e+12 3.047222935552000000e+12 3.047222935552000000e+12 3.047222935552000000e+12 3.047222935552000000e+12 3.047222935552000000e+12 3.047222935552000000e+12 3.047222935552000000e+12 3.047222935552000000e+12 3.047222935552000000e+12 3.047222935552000000e+12 3.047222935552000000e+12 3.047222935552000000e+12 3.047222935552000000e+12 3.047222935552000000e+12 3.047222935552000000e+12 3.047222935552000000e+12 3.047222935552000000e+12 3.047222935552000000e+12 3.047222935552000000e+12 3.047222935552000000e+12 3.047222935552000000e+12 3.047222935552000000e+12 3.047222935552000000e+12 3.047222935552000000e+12 3.047222935552000000e+12 3.047222935552000000e+12 3.047222935552000000e+12 3.047222935552000000e+12 3.047222935552000000e+12 3.047222935552000000e+12 3.047222935552000000e+12 3.047222935552000000e+12 3.047222935552000000e+12 3.047222935552000000e+12 3.047222935552000000e+12 3.047222935552000000e+12 3.047222935552000000e+12 3.047222935552000000e+12 3.047222935552000000e+12 3.047222935552000000e+12 3.047222935552000000e+12 3.047222935552000000e+12 3.047222935552000000e+12 3.047222935552000000e+12 3.047222935552000000e+12 3.047222935552000000e+12 3.047222935552000000e+12 3.047222935552000000e+12 3.047222935552000000e+12 3.047222935552000000e+12 3.047222935552000000e+12 3.047222935552000000e+12 3.047222935552000000e+12 3.047222935552000000e+12
3.045841960960000000e+12 3.045841960960000000e+12 3.045841960960000000e+12 3.045841960960000000e+12 3.045841960960000000e+12 3.045841960960000000e+12 3.045841960960000000e+12 3.045841960960000000e+12 3.045841960960000000e+12 3.045841960960000000e+12 3.045841960960000000e+12 3.045841960960000000e+12 3.045841960960000000e+12 3.045841960960000000e+12 3.045841960960000000e+12 3.045841960960000000e+12 3.045841960960000000e+12 3.045841960960000000e+12 3.045841960960000000e+12 3.045841960960000000e+12 3.045841960960000000e+12 3.045841960960000000e+12 3.045841960960000000e+12 3.045841960960000000e+12 3.045841960960000000e+12 3.045841960960000000e+12 3.045841960960000000e+12 3.045841960960000000e+12 3.045841960960000000e+12 3.045841960960000000e+12 3.045841960960000000e+12 3.045841960960000000e+12 3.045841960960000000e+12 3.045841960960000000e+12 3.045841960960000000e+12 3.045841960960000000e+12 3.045841960960000000e+12 3.045841960960000000e+12 3.045841960960000000e+12 3.045841960960000000e+12 3.045841960960000000e+12 3.045841960960000000e+12 3.045841960960000000e+12 3.045841960960000000e+12 3.045841960960000000e+12 3.045841960960000000e+12 3.045841960960000000e+12 3.045841960960000000e+12 3.045841960960000000e+12 3.045841960960000000e+12 3.045841960960000000e+12 3.045841960960000000e+12 3.045841960960000000e+12 3.045841960960000000e+12 3.045841960960000000e+12 3.045841960960000000e+12 3.045841960960000000e+12 3.045841960960000000e+12 3.045841960960000000e+12 3.045841960960000000e+12 3.045841960960000000e+12 3.045841960960000000e+12 3.045841960960000000e+12 3.045841960960000000e+12 3.045841960960000000e+12 3.045841960960000000e+12 3.045841960960000000e+12 3.045841960960000000e+12 3.045841960960000000e+12 3.045841960960000000e+12 3.045841960960000000e+12 3.045841960960000000e+12 3.045841960960000000e+12 3.045841960960000000e+12 3.045841960960000000e+12 3.045841960960000000e+12 3.045841960960000000e+12 3.045841960960000000e+12 3.045841960960000000e+12 3.045841960960000000e+12 3.045841960960000000e+12 3.045841960960000000e+12 3.045841960960000000e+12 3.045841960960000000e+12 3.045841960960000000e+12 3.045841960960000000e+12 3.045841960960000000e+12 3.045841960960000000e+12 3.045841960960000000e+12 3.045841960960000000e+12 3.045841960960000000e+12 3.045841960960000000e+12 3.045841960960000000e+12 3.045841960960000000e+12 3.045841960960000000e+12 3.045841960960000000e+12 3.045841960960000000e+12 3.045841960960000000e+12 3.045841960960000000e+12 3.045841960960000000e+12 3.045841960960000000e+12 3.045841960960000000e+12 3.045841960960000000e+12 3.045841960960000000e+12 3.045841960960000000e+12 3.045841960960000000e+12 3.045841960960000000e+12 3.045841960960000000e+12 3.045841960960000000e+12 3.045841960960000000e+12 3.045841960960000000e+12 3.045841960960000000e+12 3.045841960960000000e+12 3.045841960960000000e+12 3.045841960960000000e+12 3.045841960960000000e+12 3.045841960960000000e+12 3.045841960960000000e+12 3.045841960960000000e+12 3.045841960960000000e+12
3.006292033536000000e+12 3.006292033536000000e+12 3.006292033536000000e+12 3.006292033536000000e+12 3.006292033536000000e+12 3.006292033536000000e+12 3.006292033536000000e+12 3.006292033536000000e+12 3.006292033536000000e+12 3.006292033536000000e+12 3.006292033536000000e+12 3.006292033536000000e+12 3.006292033536000000e+12 3.006292033536000000e+12 3.006292033536000000e+12 3.006292033536000000e+12 3.006292033536000000e+12 3.006292033536000000e+12 3.006292033536000000e+12 3.006292033536000000e+12 3.006292033536000000e+12 3.006292033536000000e+12 3.006292033536000000e+12 3.006292033536000000e+12 3.006292033536000000e+12 3.006292033536000000e+12 3.006292033536000000e+12 3.006292033536000000e+12 3.006292033536000000e+12 3.006292033536000000e+12 3.006292033536000000e+12 3.006292033536000000e+12 3.006292033536000000e+12 3.006292033536000000e+12 3.006292033536000000e+12 3.006292033536000000e+12 3.006292033536000000e+12 3.006292033536000000e+12 3.006292033536000000e+12 3.006292033536000000e+12 3.006292033536000000e+12 3.006292033536000000e+12 3.006292033536000000e+12 3.006292033536000000e+12 3.006292033536000000e+12 3.006292033536000000e+12 3.006292033536000000e+12 3.006292033536000000e+12 3.006292033536000000e+12 3.006292033536000000e+12 3.006292033536000000e+12 3.006292033536000000e+12 3.006292033536000000e+12 3.006292033536000000e+12 3.006292033536000000e+12 3.006292033536000000e+12 3.006292033536000000e+12 3.006292033536000000e+12 3.006292033536000000e+12 3.006292033536000000e+12 3.006292033536000000e+12 3.006292033536000000e+12 3.006292033536000000e+12 3.006292033536000000e+12 3.006292033536000000e+12 3.006292033536000000e+12 3.006292033536000000e+12 3.006292033536000000e+12 3.006292033536000000e+12 3.006292033536000000e+12 3.006292033536000000e+12 3.006292033536000000e+12 3.006292033536000000e+12 3.006292033536000000e+12 3.006292033536000000e+12 3.006292033536000000e+12 3.006292033536000000e+12 3.006292033536000000e+12 3.006292033536000000e+12 3.006292033536000000e+12 3.006292033536000000e+12 3.006292033536000000e+12 3.006292033536000000e+12 3.006292033536000000e+12 3.006292033536000000e+12 3.006292033536000000e+12 3.006292033536000000e+12 3.006292033536000000e+12 3.006292033536000000e+12 3.006292033536000000e+12 3.006292033536000000e+12 3.006292033536000000e+12 3.006292033536000000e+12 3.006292033536000000e+12 3.006292033536000000e+12 3.006292033536000000e+12 3.006292033536000000e+12 3.006292033536000000e+12 3.006292033536000000e+12 3.006292033536000000e+12 3.006292033536000000e+12 3.006292033536000000e+12 3.006292033536000000e+12 3.006292033536000000e+12 3.006292033536000000e+12 3.006292033536000000e+12 3.006292033536000000e+12 3.006292033536000000e+12 3.006292033536000000e+12 3.006292033536000000e+12 3.006292033536000000e+12 3.006292033536000000e+12 3.006292033536000000e+12 3.006292033536000000e+12 3.006292033536000000e+12 3.006292033536000000e+12 3.006292033536000000e+12 3.006292033536000000e+12 3.006292033536000000e+12 3.006292033536000000e+12
2.977930412032000000e+12 2.977930412032000000e+12 2.977930412032000000e+12 2.977930412032000000e+12 2.977930412032000000e+12 2.977930412032000000e+12 2.977930412032000000e+12 2.977930412032000000e+12 2.977930412032000000e+12 2.977930412032000000e+12 2.977930412032000000e+12 2.977930412032000000e+12 2.977930412032000000e+12 2.977930412032000000e+12 2.977930412032000000e+12 2.977930412032000000e+12 2.977930412032000000e+12 2.977930412032000000e+12 2.977930412032000000e+12 2.977930412032000000e+12 2.977930412032000000e+12 2.977930412032000000e+12 2.977930412032000000e+12 2.977930412032000000e+12 2.977930412032000000e+12 2.977930412032000000e+12 2.977930412032000000e+12 2.977930412032000000e+12 2.977930412032000000e+12 2.977930412032000000e+12 2.977930412032000000e+12 2.977930412032000000e+12 2.977930412032000000e+12 2.977930412032000000e+12 2.977930412032000000e+12 2.977930412032000000e+12 2.977930412032000000e+12 2.977930412032000000e+12 2.977930412032000000e+12 2.977930412032000000e+12 2.977930412032000000e+12 2.977930412032000000e+12 2.977930412032000000e+12 2.977930412032000000e+12 2.977930412032000000e+12 2.977930412032000000e+12 2.977930412032000000e+12 2.977930412032000000e+12 2.977930412032000000e+12 2.977930412032000000e+12 2.977930412032000000e+12 2.977930412032000000e+12 2.977930412032000000e+12 2.977930412032000000e+12 2.977930412032000000e+12 2.977930412032000000e+12 2.977930412032000000e+12 2.977930412032000000e+12 2.977930412032000000e+12 2.977930412032000000e+12 2.977930412032000000e+12 2.977930412032000000e+12 2.977930412032000000e+12 2.977930412032000000e+12 2.977930412032000000e+12 2.977930412032000000e+12 2.977930412032000000e+12 2.977930412032000000e+12 2.977930412032000000e+12 2.977930412032000000e+12 2.977930412032000000e+12 2.977930412032000000e+12 2.977930412032000000e+12 2.977930412032000000e+12 2.977930412032000000e+12 2.977930412032000000e+12 2.977930412032000000e+12 2.977930412032000000e+12 2.977930412032000000e+12 2.977930412032000000e+12 2.977930412032000000e+12 2.977930412032000000e+12 2.977930412032000000e+12 2.977930412032000000e+12 2.977930412032000000e+12 2.977930412032000000e+12 2.977930412032000000e+12 2.977930412032000000e+12 2.977930412032000000e+12 2.977930412032000000e+12 2.977930412032000000e+12 2.977930412032000000e+12 2.977930412032000000e+12 2.977930412032000000e+12 2.977930412032000000e+12 2.977930412032000000e+12 2.977930412032000000e+12 2.977930412032000000e+12 2.977930412032000000e+12 2.977930412032000000e+12 2.977930412032000000e+12 2.977930412032000000e+12 2.977930412032000000e+12 2.977930412032000000e+12 2.977930412032000000e+12 2.977930412032000000e+12 2.977930412032000000e+12 2.977930412032000000e+12 2.977930412032000000e+12 2.977930412032000000e+12 2.977930412032000000e+12 2.977930412032000000e+12 2.977930412032000000e+12 2.977930412032000000e+12 2.977930412032000000e+12 2.977930412032000000e+12 2.977930412032000000e+12 2.977930412032000000e+12 2.977930412032000000e+12 2.977930412032000000e+12
3.023953461248000000e+12 3.023953461248000000e+12 3.023953461248000000e+12 3.023953461248000000e+12 3.023953461248000000e+12 3.023953461248000000e+12 3.023953461248000000e+12 3.023953461248000000e+12 3.023953461248000000e+12 3.023953461248000000e+12 3.023953461248000000e+12 3.023953461248000000e+12 3.023953461248000000e+12 3.023953461248000000e+12 3.023953461248000000e+12 3.023953461248000000e+12 3.023953461248000000e+12 3.023953461248000000e+12 3.023953461248000000e+12 3.023953461248000000e+12 3.023953461248000000e+12 3.023953461248000000e+12 3.023953461248000000e+12 3.023953461248000000e+12 3.023953461248000000e+12 3.023953461248000000e+12 3.023953461248000000e+12 3.023953461248000000e+12 3.023953461248000000e+12 3.023953461248000000e+12 3.023953461248000000e+12 3.023953461248000000e+12 3.023953461248000000e+12 3.023953461248000000e+12 3.023953461248000000e+12 3.023953461248000000e+12 3.023953461248000000e+12 3.023953461248000000e+12 3.023953461248000000e+12 3.023953461248000000e+12 3.023953461248000000e+12 3.023953461248000000e+12 3.023953461248000000e+12 3.023953461248000000e+12 3.023953461248000000e+12 3.023953461248000000e+12 3.023953461248000000e+12 3.023953461248000000e+12 3.023953461248000000e+12 3.023953461248000000e+12 3.023953461248000000e+12 3.023953461248000000e+12 3.023953461248000000e+12 3.023953461248000000e+12 3.023953461248000000e+12 3.023953461248000000e+12 3.023953461248000000e+12 3.023953461248000000e+12 3.023953461248000000e+12 3.023953461248000000e+12 3.023953461248000000e+12 3.023953461248000000e+12 3.023953461248000000e+12 3.023953461248000000e+12 3.023953461248000000e+12 3.023953461248000000e+12 3.023953461248000000e+12 3.023953461248000000e+12 3.023953461248000000e+12 3.023953461248000000e+12 3.023953461248000000e+12 3.023953461248000000e+12 3.023953461248000000e+12 3.023953461248000000e+12 3.023953461248000000e+12 3.023953461248000000e+12 3.023953461248000000e+12 3.023953461248000000e+12 3.023953461248000000e+12 3.023953461248000000e+12 3.023953461248000000e+12 3.023953461248000000e+12 3.023953461248000000e+12 3.023953461248000000e+12 3.023953461248000000e+12 3.023953461248000000e+12 3.023953461248000000e+12 3.023953461248000000e+12 3.023953461248000000e+12 3.023953461248000000e+12 3.023953461248000000e+12 3.023953461248000000e+12 3.023953461248000000e+12 3.023953461248000000e+12 3.023953461248000000e+12 3.023953461248000000e+12 3.023953461248000000e+12 3.023953461248000000e+12 3.023953461248000000e+12 3.023953461248000000e+12 3.023953461248000000e+12 3.023953461248000000e+12 3.023953461248000000e+12 3.023953461248000000e+12 3.023953461248000000e+12 3.023953461248000000e+12 3.023953461248000000e+12 3.023953461248000000e+12 3.023953461248000000e+12 3.023953461248000000e+12 3.023953461248000000e+12 3.023953461248000000e+12 3.023953461248000000e+12 3.023953461248000000e+12 3.023953461248000000e+12 3.023953461248000000e+12 3.023953461248000000e+12 3.023953461248000000e+12 3.023953461248000000e+12 3.023953461248000000e+12
3.040837632000000000e+12 3.040837632000000000e+12 3.040837632000000000e+12 3.040837632000000000e+12 3.040837632000000000e+12 3.040837632000000000e+12 3.040837632000000000e+12 3.040837632000000000e+12 3.040837632000000000e+12 3.040837632000000000e+12 3.040837632000000000e+12 3.040837632000000000e+12 3.040837632000000000e+12 3.040837632000000000e+12 3.040837632000000000e+12 3.040837632000000000e+12 3.040837632000000000e+12 3.040837632000000000e+12 3.040837632000000000e+12 3.040837632000000000e+12 3.040837632000000000e+12 3.040837632000000000e+12 3.040837632000000000e+12 3.040837632000000000e+12 3.040837632000000000e+12 3.040837632000000000e+12 3.040837632000000000e+12 3.040837632000000000e+12 3.040837632000000000e+12 3.040837632000000000e+12 3.040837632000000000e+12 3.040837632000000000e+12 3.040837632000000000e+12 3.040837632000000000e+12 3.040837632000000000e+12 3.040837632000000000e+12 3.040837632000000000e+12 3.040837632000000000e+12 3.040837632000000000e+12 3.040837632000000000e+12 3.040837632000000000e+12 3.040837632000000000e+12 3.040837632000000000e+12 3.040837632000000000e+12 3.040837632000000000e+12 3.040837632000000000e+12 3.040837632000000000e+12 3.040837632000000000e+12 3.040837632000000000e+12 3.040837632000000000e+12 3.040837632000000000e+12 3.040837632000000000e+12 3.040837632000000000e+12 3.040837632000000000e+12 3.040837632000000000e+12 3.040837632000000000e+12 3.040837632000000000e+12 3.040837632000000000e+12 3.040837632000000000e+12 3.040837632000000000e+12 3.040837632000000000e+12 3.040837632000000000e+12 3.040837632000000000e+12 3.040837632000000000e+12 3.040837632000000000e+12 3.040837632000000000e+12 3.040837632000000000e+12 3.040837632000000000e+12 3.040837632000000000e+12 3.040837632000000000e+12 3.040837632000000000e+12 3.040837632000000000e+12 3.040837632000000000e+12 3.040837632000000000e+12 3.040837632000000000e+12 3.040837632000000000e+12 3.040837632000000000e+12 3.040837632000000000e+12 3.040837632000000000e+12 3.040837632000000000e+12 3.040837632000000000e+12 3.040837632000000000e+12 3.040837632000000000e+12 3.040837632000000000e+12 3.040837632000000000e+12 3.040837632000000000e+12 3.040837632000000000e+12 3.040837632000000000e+12 3.040837632000000000e+12 3.040837632000000000e+12 3.040837632000000000e+12 3.040837632000000000e+12 3.040837632000000000e+12 3.040837632000000000e+12 3.040837632000000000e+12 3.040837632000000000e+12 3.040837632000000000e+12 3.040837632000000000e+12 3.040837632000000000e+12 3.040837632000000000e+12 3.040837632000000000e+12 3.040837632000000000e+12 3.040837632000000000e+12 3.040837632000000000e+12 3.040837632000000000e+12 3.040837632000000000e+12 3.040837632000000000e+12 3.040837632000000000e+12 3.040837632000000000e+12 3.040837632000000000e+12 3.040837632000000000e+12 3.040837632000000000e+12 3.040837632000000000e+12 3.040837632000000000e+12 3.040837632000000000e+12 3.040837632000000000e+12 3.040837632000000000e+12 3.040837632000000000e+12 3.040837632000000000e+12 3.040837632000000000e+12
3.016168308736000000e+12 3.016168308736000000e+12 3.016168308736000000e+12 3.016168308736000000e+12 3.016168308736000000e+12 3.016168308736000000e+12 3.016168308736000000e+12 3.016168308736000000e+12 3.016168308736000000e+12 3.016168308736000000e+12 3.016168308736000000e+12 3.016168308736000000e+12 3.016168308736000000e+12 3.016168308736000000e+12 3.016168308736000000e+12 3.016168308736000000e+12 3.016168308736000000e+12 3.016168308736000000e+12 3.016168308736000000e+12 3.016168308736000000e+12 3.016168308736000000e+12 3.016168308736000000e+12 3.016168308736000000e+12 3.016168308736000000e+12 3.016168308736000000e+12 3.016168308736000000e+12 3.016168308736000000e+12 3.016168308736000000e+12 3.016168308736000000e+12 3.016168308736000000e+12 3.016168308736000000e+12 3.016168308736000000e+12 3.016168308736000000e+12 3.016168308736000000e+12 3.016168308736000000e+12 3.016168308736000000e+12 3.016168308736000000e+12 3.016168308736000000e+12 3.016168308736000000e+12 3.016168308736000000e+12 3.016168308736000000e+12 3.016168308736000000e+12 3.016168308736000000e+12 3.016168308736000000e+12 3.016168308736000000e+12 3.016168308736000000e+12 3.016168308736000000e+12 3.016168308736000000e+12 3.016168308736000000e+12 3.016168308736000000e+12 3.016168308736000000e+12 3.016168308736000000e+12 3.016168308736000000e+12 3.016168308736000000e+12 3.016168308736000000e+12 3.016168308736000000e+12 3.016168308736000000e+12 3.016168308736000000e+12 3.016168308736000000e+12 3.016168308736000000e+12 3.016168308736000000e+12 3.016168308736000000e+12 3.016168308736000000e+12 3.016168308736000000e+12 3.016168308736000000e+12 3.016168308736000000e+12 3.016168308736000000e+12 3.016168308736000000e+12 3.016168308736000000e+12 3.016168308736000000e+12 3.016168308736000000e+12 3.016168308736000000e+12 3.016168308736000000e+12 3.016168308736000000e+12 3.016168308736000000e+12 3.016168308736000000e+12 3.016168308736000000e+12 3.016168308736000000e+12 3.016168308736000000e+12 3.016168308736000000e+12 3.016168308736000000e+12 3.016168308736000000e+12 3.016168308736000000e+12 3.016168308736000000e+12 3.016168308736000000e+12 3.016168308736000000e+12 3.016168308736000000e+12 3.016168308736000000e+12 3.016168308736000000e+12 3.016168308736000000e+12 3.016168308736000000e+12 3.016168308736000000e+12 3.016168308736000000e+12 3.016168308736000000e+12 3.016168308736000000e+12 3.016168308736000000e+12 3.016168308736000000e+12 3.016168308736000000e+12 3.016168308736000000e+12 3.016168308736000000e+12 3.016168308736000000e+12 3.016168308736000000e+12 3.016168308736000000e+12 3.016168308736000000e+12 3.016168308736000000e+12 3.016168308736000000e+12 3.016168308736000000e+12 3.016168308736000000e+12 3.016168308736000000e+12 3.016168308736000000e+12 3.016168308736000000e+12 3.016168308736000000e+12 3.016168308736000000e+12 3.016168308736000000e+12 3.016168308736000000e+12 3.016168308736000000e+12 3.016168308736000000e+12 3.016168308736000000e+12 3.016168308736000000e+12 3.016168308736000000e+12
3.042416787456000000e+12 3.042416787456000000e+12 3.042416787456000000e+12 3.042416787456000000e+12 3.042416787456000000e+12 3.042416787456000000e+12 3.042416787456000000e+12 3.042416787456000000e+12 3.042416787456000000e+12 3.042416787456000000e+12 3.042416787456000000e+12 3.042416787456000000e+12 3.042416787456000000e+12 3.042416787456000000e+12 3.042416787456000000e+12 3.042416787456000000e+12 3.042416787456000000e+12 3.042416787456000000e+12 3.042416787456000000e+12 3.042416787456000000e+12 3.042416787456000000e+12 3.042416787456000000e+12 3.042416787456000000e+12 3.042416787456000000e+12 3.042416787456000000e+12 3.042416787456000000e+12 3.042416787456000000e+12 3.042416787456000000e+12 3.042416787456000000e+12 3.042416787456000000e+12 3.042416787456000000e+12 3.042416787456000000e+12 3.042416787456000000e+12 3.042416787456000000e+12 3.042416787456000000e+12 3.042416787456000000e+12 3.042416787456000000e+12 3.042416787456000000e+12 3.042416787456000000e+12 3.042416787456000000e+12 3.042416787456000000e+12 3.042416787456000000e+12 3.042416787456000000e+12 3.042416787456000000e+12 3.042416787456000000e+12 3.042416787456000000e+12 3.042416787456000000e+12 3.042416787456000000e+12 3.042416787456000000e+12 3.042416787456000000e+12 3.042416787456000000e+12 3.042416787456000000e+12 3.042416787456000000e+12 3.042416787456000000e+12 3.042416787456000000e+12 3.042416787456000000e+12 3.042416787456000000e+12 3.042416787456000000e+12 3.042416787456000000e+12 3.042416787456000000e+12 3.042416787456000000e+12 3.042416787456000000e+12 3.042416787456000000e+12 3.042416787456000000e+12 3.042416787456000000e+12 3.042416787456000000e+12 3.042416787456000000e+12 3.042416787456000000e+12 3.042416787456000000e+12 3.042416787456000000e+12 3.042416787456000000e+12 3.042416787456000000e+12 3.042416787456000000e+12 3.042416787456000000e+12 3.042416787456000000e+12 3.042416787456000000e+12 3.042416787456000000e+12 3.042416787456000000e+12 3.042416787456000000e+12 3.042416787456000000e+12 3.042416787456000000e+12 3.042416787456000000e+12 3.042416787456000000e+12 3.042416787456000000e+12 3.042416787456000000e+12 3.042416787456000000e+12 3.042416787456000000e+12 3.042416787456000000e+12 3.042416787456000000e+12 3.042416787456000000e+12 3.042416787456000000e+12 3.042416787456000000e+12 3.042416787456000000e+12 3.042416787456000000e+12 3.042416787456000000e+12 3.042416787456000000e+12 3.042416787456000000e+12 3.042416787456000000e+12 3.042416787456000000e+12 3.042416787456000000e+12 3.042416787456000000e+12 3.042416787456000000e+12 3.042416787456000000e+12 3.042416787456000000e+12 3.042416787456000000e+12 3.042416787456000000e+12 3.042416787456000000e+12 3.042416787456000000e+12 3.042416787456000000e+12 3.042416787456000000e+12 3.042416787456000000e+12 3.042416787456000000e+12 3.042416787456000000e+12 3.042416787456000000e+12 3.042416787456000000e+12 3.042416787456000000e+12 3.042416787456000000e+12 3.042416787456000000e+12 3.042416787456000000e+12 3.042416787456000000e+12
